#
# A fatal error has been detected by the Java Runtime Environment:
#
#  SIGSEGV (0xb) at pc=0x00000001f00521a4, pid=23670, tid=259
#
# JRE version: OpenJDK Runtime Environment Homebrew (17.0.15) (build 17.0.15+0)
# Java VM: OpenJDK 64-Bit Server VM Homebrew (17.0.15+0, mixed mode, sharing, tiered, compressed oops, compressed class ptrs, g1 gc, bsd-aarch64)
# Problematic frame:
# C  [GLEngine+0x1171a4]  gleRunVertexSubmitImmediate+0x1940
#
# No core dump will be written. Core dumps have been disabled. To enable core dumping, try "ulimit -c unlimited" before starting Java again
#
# If you would like to submit a bug report, please visit:
#   https://github.com/Homebrew/homebrew-core/issues
# The crash happened outside the Java Virtual Machine in native code.
# See problematic frame for where to report the bug.
#

---------------  S U M M A R Y ------------

Command Line: -Dfile.encoding=UTF-8 -Duser.country=US -Duser.language=en -Duser.variant com.sfsu.tankgame.lwjgl3.Lwjgl3Launcher

Host: "Mac14,7" arm64, 8 cores, 8G, Darwin 24.5.0, macOS 15.5 (24F74)
Time: Tue Jun  9 23:56:34 2026 PDT elapsed time: 20.353594 seconds (0d 0h 0m 20s)

---------------  T H R E A D  ---------------

Current thread (0x0000000143808e00):  JavaThread "main" [_thread_in_native, id=259, stack(0x000000016aeb4000,0x000000016b6b0000)]

Stack: [0x000000016aeb4000,0x000000016b6b0000],  sp=0x000000016b6a9270,  free space=8148k
Native frames: (J=compiled Java code, j=interpreted, Vv=VM code, C=native code)
C  [GLEngine+0x1171a4]  gleRunVertexSubmitImmediate+0x1940
C  [GLEngine+0x15700c]  gleDrawArraysOrElements_ExecCore+0x248
C  [GLEngine+0xbaf48]  glDrawArrays_IMM_Exec+0x2a0
J 1486  org.lwjgl.opengl.GL11C.glDrawArrays(III)V (0 bytes) @ 0x000000011a20fc44 [0x000000011a20fbc0+0x0000000000000084]
C  0x000000013060e64b

Java frames: (J=compiled Java code, j=interpreted, Vv=VM code)
J 1486  org.lwjgl.opengl.GL11C.glDrawArrays(III)V (0 bytes) @ 0x000000011a20fc44 [0x000000011a20fbc0+0x0000000000000084]
j  org.lwjgl.opengl.GL11.glDrawArrays(III)V+3
j  com.badlogic.gdx.backends.lwjgl3.Lwjgl3GL20.glDrawArrays(III)V+3
J 1356 c2 com.badlogic.gdx.graphics.Mesh.render(Lcom/badlogic/gdx/graphics/glutils/ShaderProgram;IIIZ)V (327 bytes) @ 0x000000011a1f34d8 [0x000000011a1f2a40+0x0000000000000a98]
j  com.badlogic.gdx.graphics.Mesh.render(Lcom/badlogic/gdx/graphics/glutils/ShaderProgram;I)V+31
j  com.badlogic.gdx.graphics.glutils.ImmediateModeRenderer20.flush()V+87
J 1501 c1 com.sfsu.tankgame.Screens.ScreenFade.renderFadeIn(FLcom/badlogic/gdx/graphics/OrthographicCamera;FF)V (133 bytes) @ 0x00000001129772bc [0x0000000112976c80+0x000000000000063c]
j  com.sfsu.tankgame.Screens.TankScreen.render(F)V+270
J 1289 c1 com.badlogic.gdx.backends.lwjgl3.Lwjgl3Window.update()Z (312 bytes) @ 0x00000001128f438c [0x00000001128f2bc0+0x00000000000017cc]
j  com.badlogic.gdx.backends.lwjgl3.Lwjgl3Application.loop()V+120
j  com.badlogic.gdx.backends.lwjgl3.Lwjgl3Application.<init>(Lcom/badlogic/gdx/ApplicationListener;Lcom/badlogic/gdx/backends/lwjgl3/Lwjgl3ApplicationConfiguration;)V+269
j  com.sfsu.tankgame.lwjgl3.Lwjgl3Launcher.createApplication()Lcom/badlogic/gdx/backends/lwjgl3/Lwjgl3Application;+14
j  com.sfsu.tankgame.lwjgl3.Lwjgl3Launcher.main([Ljava/lang/String;)V+7
v  ~StubRoutines::call_stub

siginfo: si_signo: 11 (SIGSEGV), si_code: 2 (SEGV_ACCERR), si_addr: 0x0000000000000000

Registers:
 x0=0x0000000128828000  x1=0x0000000000000000  x2=0x0000000000000000  x3=0x0000000000000000
 x4=0x0000000000000000  x5=0x00000001433e8640  x6=0x0000000000000000  x7=0x0000000000000403
 x8=0x0000000000000000  x9=0x0000000800030a01 x10=0x0000000000000000 x11=0x0000000000000000
x12=0x0000000128828000 x13=0x00000000ffffffff x14=0x0000000000000000 x15=0x0000000000000000
x16=0x00000001f0051e08 x17=0x00000001f005126c x18=0x0000000000000000 x19=0x00000001433e8640
x20=0x0000000000000001 x21=0x0000000000000003 x22=0x00000000fffffffe x23=0x0000103301041000
x24=0x0000000000000006 x25=0x00000000ffffffff x26=0x0000000000000008 x27=0x0000000000000000
x28=0x0000000000000000  fp=0x000000016b6a9410  lr=0x00000001f009200c  sp=0x000000016b6a9270
pc=0x00000001f00521a4 cpsr=0x0000000060001000

Register to memory mapping:

 x0=0x0000000128828000 points into unknown readable memory: 0x0000000000000000 | 00 00 00 00 00 00 00 00
 x1=0x0 is NULL
 x2=0x0 is NULL
 x3=0x0 is NULL
 x4=0x0 is NULL
 x5=0x00000001433e8640 points into unknown readable memory: 0x0000000800030a01 | 01 0a 03 00 08 00 00 00
 x6=0x0 is NULL
 x7=0x0000000000000403 is an unknown value
 x8=0x0 is NULL
 x9=0x0000000800030a01 is an unknown value
x10=0x0 is NULL
x11=0x0 is NULL
x12=0x0000000128828000 points into unknown readable memory: 0x0000000000000000 | 00 00 00 00 00 00 00 00
x13=0x00000000ffffffff is an unknown value
x14=0x0 is NULL
x15=0x0 is NULL
x16=0x00000001f0051e08: gleRunVertexSubmitImmediate+0x15a4 in /System/Library/Frameworks/OpenGL.framework/Versions/A/Resources/GLEngine.bundle/GLEngine at 0x00000001eff3b000
x17=0x00000001f005126c: gleRunVertexSubmitImmediate+0xa08 in /System/Library/Frameworks/OpenGL.framework/Versions/A/Resources/GLEngine.bundle/GLEngine at 0x00000001eff3b000
x18=0x0 is NULL
x19=0x00000001433e8640 points into unknown readable memory: 0x0000000800030a01 | 01 0a 03 00 08 00 00 00
x20=0x0000000000000001 is an unknown value
x21=0x0000000000000003 is an unknown value
x22=0x00000000fffffffe is an unknown value
x23=0x0000103301041000 is an unknown value
x24=0x0000000000000006 is an unknown value
x25=0x00000000ffffffff is an unknown value
x26=0x0000000000000008 is an unknown value
x27=0x0 is NULL
x28=0x0 is NULL


Top of Stack: (sp=0x000000016b6a9270)
0x000000016b6a9270:   447fc000447fc000 40400000447fc000
0x000000016b6a9280:   0000000000000000 ffffffecfffffff6
0x000000016b6a9290:   ffffffeaffffffea ffffffe2ffffffea
0x000000016b6a92a0:   0000000000000000 0000000128832278
0x000000016b6a92b0:   0000000000000000 000000016b6a9350
0x000000016b6a92c0:   00000000fffffffe 0000000128828000
0x000000016b6a92d0:   0000000000000000 0000000000000000
0x000000016b6a92e0:   0000000000000000 0000000000000000
0x000000016b6a92f0:   0000000000000000 0000000000000000
0x000000016b6a9300:   0000000000000000 0000000137935788
0x000000016b6a9310:   0000000000000000 0000000000000000
0x000000016b6a9320:   0000000000000000 0000000000000000
0x000000016b6a9330:   0000000000000000 0000000166dfc000
0x000000016b6a9340:   0000000166dfc048 0000000000000000
0x000000016b6a9350:   000000012882be70 000000012882c080
0x000000016b6a9360:   00000001553033c0 000000000000000c
0x000000016b6a9370:   fa4ff5b8348800dc 0000000128842e80
0x000000016b6a9380:   0000000000000000 0000000000000000
0x000000016b6a9390:   00000000bca3d70a 0000000000000000
0x000000016b6a93a0:   0000000000000000 0000000000000000
0x000000016b6a93b0:   0000000000000000 0000000000000000
0x000000016b6a93c0:   0000000128832280 0000000128832c48
0x000000016b6a93d0:   0000000000000006 0000000000000000
0x000000016b6a93e0:   0000000155303218 0000000000000006
0x000000016b6a93f0:   0000000000000000 0000000000000004
0x000000016b6a9400:   0000000000000006 0000000128828000
0x000000016b6a9410:   000000016b6a9520 00000001f009200c
0x000000016b6a9420:   0000000155303028 0000000155303440
0x000000016b6a9430:   000000012882d144 0914e45a00000001
0x000000016b6a9440:   0000000000000000 0000000000000000
0x000000016b6a9450:   0000000000000000 0000000000000000
0x000000016b6a9460:   0000000000000000 0000000000000000 

Instructions: (pc=0x00000001f00521a4)
0x00000001f00520a4:   a0 00 00 54 3f 15 00 71 a1 59 ff 54 1f 0d 00 b9
0x00000001f00520b4:   cb fa ff 17 29 00 80 52 09 0d 00 b9 c8 fa ff 17
0x00000001f00520c4:   3f 15 00 71 c3 58 ff 54 1f 05 00 f9 c4 fa ff 17
0x00000001f00520d4:   3f 11 00 71 41 f1 ff 54 09 f0 e7 d2 09 05 00 f9
0x00000001f00520e4:   bf fa ff 17 00 0d 00 bd bd fa ff 17 bf 0e 00 71
0x00000001f00520f4:   60 05 00 54 bf 12 00 71 41 98 ff 54 1c 00 80 52
0x00000001f0052104:   00 01 c0 3d e0 2f 80 3d bd fc ff 17 4b 11 c0 5a
0x00000001f0052114:   6c 11 00 52 4d 01 80 52 ac 01 0c 4b 2c 21 cc 1a
0x00000001f0052124:   0d 60 a8 52 ab 5d 0b 4b 8c 21 1f 12 5f 01 00 71
0x00000001f0052134:   eb 03 8b 1a ea 03 8c 1a 03 00 00 14 0c 00 a7 52
0x00000001f0052144:   8b 35 0b 0b 6a 35 0a 2a 29 7d 0f 53 2a 01 01 33
0x00000001f0052154:   ea b3 00 b9 bf 0a 00 71 e3 0a 00 54 09 05 40 79
0x00000001f0052164:   2a 25 00 12 2b 11 16 72 60 02 00 54 0c 80 8f 52
0x00000001f0052174:   7f 01 0c 6b 81 03 00 54 5f 01 00 71 0a 00 b0 12
0x00000001f0052184:   0b f0 af 52 6a 01 8a 1a 1a 00 00 14 1c 00 80 52
0x00000001f0052194:   00 01 40 bd e0 b3 00 bd 99 fc ff 17 1c 00 80 52
0x00000001f00521a4:   00 01 40 fd e0 5b 00 fd 00 09 40 bd e0 bb 00 bd
0x00000001f00521b4:   93 fc ff 17 4b 11 c0 5a 6c 11 00 52 4d 01 80 52
0x00000001f00521c4:   ac 01 0c 4b 2c 21 cc 1a 0d 60 a8 52 ab 5d 0b 4b
0x00000001f00521d4:   8c 21 1f 12 5f 01 00 71 eb 03 8b 1a ea 03 8c 1a
0x00000001f00521e4:   03 00 00 14 0c 00 a7 52 8b 35 0b 0b 6a 35 0a 2a
0x00000001f00521f4:   29 7d 0f 53 2a 01 01 33 ea b7 00 b9 bf 0a 00 71
0x00000001f0052204:   a0 05 00 54 09 09 40 79 2a 25 00 12 2b 11 16 72
0x00000001f0052214:   20 01 00 54 0c 80 8f 52 7f 01 0c 6b 41 02 00 54
0x00000001f0052224:   5f 01 00 71 0a 00 b0 12 0b f0 af 52 6a 01 8a 1a
0x00000001f0052234:   10 00 00 14 4b 11 c0 5a 6c 11 00 52 4d 01 80 52
0x00000001f0052244:   ac 01 0c 4b 2c 21 cc 1a 0d 60 a8 52 ab 5d 0b 4b
0x00000001f0052254:   8c 21 1f 12 5f 01 00 71 eb 03 8b 1a ea 03 8c 1a
0x00000001f0052264:   03 00 00 14 0c 00 a7 52 8b 35 0b 0b 6a 35 0a 2a
0x00000001f0052274:   29 7d 0f 53 2a 01 01 33 ea bb 00 b9 bf 12 00 71
0x00000001f0052284:   a3 01 00 54 08 0d 40 79 09 25 00 12 0a 11 16 72
0x00000001f0052294:   80 01 00 54 0b 80 8f 52 5f 01 0b 6b 61 02 00 54 


Stack slot to memory mapping:
stack at sp + 0 slots: 0x447fc000447fc000 is an unknown value
stack at sp + 1 slots: 0x40400000447fc000 is an unknown value
stack at sp + 2 slots: 0x0 is NULL
stack at sp + 3 slots: 0xffffffecfffffff6 is an unknown value
stack at sp + 4 slots: 0xffffffeaffffffea is an unknown value
stack at sp + 5 slots: 0xffffffe2ffffffea is an unknown value
stack at sp + 6 slots: 0x0 is NULL
stack at sp + 7 slots: 0x0000000128832278 points into unknown readable memory: 0x0000000128848500 | 00 85 84 28 01 00 00 00


Compiled method (n/a)   20356 1486     n 0       org.lwjgl.opengl.GL11C::glDrawArrays (native)
 total in heap  [0x000000011a20fa10,0x000000011a20fd60] = 848
 relocation     [0x000000011a20fb68,0x000000011a20fb98] = 48
 main code      [0x000000011a20fbc0,0x000000011a20fd48] = 392
 oops           [0x000000011a20fd48,0x000000011a20fd58] = 16
 metadata       [0x000000011a20fd58,0x000000011a20fd60] = 8

[Constant Pool (empty)]

[MachCode]
[Entry Point]
  # {method} {0x0000000130663860} 'glDrawArrays' '(III)V' in 'org/lwjgl/opengl/GL11C'
  # parm0:    c_rarg1   = int
  # parm1:    c_rarg2   = int
  # parm2:    c_rarg3   = int
  #           [sp+0x60]  (sp of caller)
  0x000000011a20fbc0: 2808 40b9 | 3f01 086b | 4000 0054 

  0x000000011a20fbcc: ;   {runtime_call ic_miss_stub}
  0x000000011a20fbcc: 0db4 e717 
[Verified Entry Point]
  0x000000011a20fbd0: 1f20 03d5 | e953 40d1 | 3f01 00f9 | fd7b bfa9 | fd03 0091 | ff43 01d1 | 647c 4093 | 437c 4093 
  0x000000011a20fbf0: 227c 4093 

  0x000000011a20fbf4: ;   {oop(a 'java/lang/Class'{0x00000007867038e0} = 'org/lwjgl/opengl/GL11C')}
  0x000000011a20fbf4: 011c 87d2 | 01ce b0f2 | e100 c0f2 | e123 00f9 | e103 0191 | e801 0010 | 884f 01f9 | e803 0091 
  0x000000011a20fc14: 884b 01f9 

  0x000000011a20fc18: ;   {external_word}
  0x000000011a20fc18: a82b f890 | 08c9 5339 | 0806 0035 | 80c3 0a91 | e803 7eb2 | 89e3 0c91 | 28fd 9f88 
[error occurred during error reporting (printing code blobs if possible), id 0xb, SIGSEGV (0xb) at pc=0x0000000109fd3548]


---------------  P R O C E S S  ---------------

Threads class SMR info:
_java_thread_list=0x0000000153736ce0, length=12, elements={
0x0000000143808e00, 0x0000000153812a00, 0x0000000153813000, 0x0000000155021000,
0x00000001550a2800, 0x00000001550a2e00, 0x00000001550a3400, 0x00000001550a3a00,
0x00000001550a4000, 0x000000015400fe00, 0x000000015381e600, 0x0000000143b44000
}

Java Threads: ( => current thread )
=>0x0000000143808e00 JavaThread "main" [_thread_in_native, id=259, stack(0x000000016aeb4000,0x000000016b6b0000)]
  0x0000000153812a00 JavaThread "Reference Handler" daemon [_thread_blocked, id=22787, stack(0x000000016c388000,0x000000016c58b000)]
  0x0000000153813000 JavaThread "Finalizer" daemon [_thread_blocked, id=23043, stack(0x000000016c594000,0x000000016c797000)]
  0x0000000155021000 JavaThread "Signal Dispatcher" daemon [_thread_blocked, id=29699, stack(0x000000016c944000,0x000000016cb47000)]
  0x00000001550a2800 JavaThread "Service Thread" daemon [_thread_blocked, id=24835, stack(0x000000016cb50000,0x000000016cd53000)]
  0x00000001550a2e00 JavaThread "Monitor Deflation Thread" daemon [_thread_blocked, id=25347, stack(0x000000016cd5c000,0x000000016cf5f000)]
  0x00000001550a3400 JavaThread "C2 CompilerThread0" daemon [_thread_in_native, id=29187, stack(0x000000016cf68000,0x000000016d16b000)]
  0x00000001550a3a00 JavaThread "C1 CompilerThread0" daemon [_thread_blocked, id=25859, stack(0x000000016d174000,0x000000016d377000)]
  0x00000001550a4000 JavaThread "Sweeper thread" daemon [_thread_blocked, id=26115, stack(0x000000016d380000,0x000000016d583000)]
  0x000000015400fe00 JavaThread "Notification Thread" daemon [_thread_blocked, id=26371, stack(0x000000016d58c000,0x000000016d78f000)]
  0x000000015381e600 JavaThread "Common-Cleaner" daemon [_thread_blocked, id=27651, stack(0x000000016d9a4000,0x000000016dba7000)]
  0x0000000143b44000 JavaThread "Thread-0" daemon [_thread_blocked, id=88327, stack(0x000000016def8000,0x000000016e0fb000)]

Other Threads:
  0x0000000143620ec0 VMThread "VM Thread" [stack: 0x000000016c17c000,0x000000016c37f000] [id=17667]
  0x0000000153621240 WatcherThread [stack: 0x000000016d798000,0x000000016d99b000] [id=28163]
  0x0000000143613440 GCTaskThread "GC Thread#0" [stack: 0x000000016b740000,0x000000016b943000] [id=12547]
  0x0000000143321ac0 GCTaskThread "GC Thread#1" [stack: 0x000000016e190000,0x000000016e393000] [id=124943]
  0x0000000143322400 GCTaskThread "GC Thread#2" [stack: 0x000000016e39c000,0x000000016e59f000] [id=123907]
  0x000000015375c7a0 GCTaskThread "GC Thread#3" [stack: 0x000000016e5a8000,0x000000016e7ab000] [id=123651]
  0x0000000143324210 GCTaskThread "GC Thread#4" [stack: 0x000000016e7b4000,0x000000016e9b7000] [id=123395]
  0x000000015480e7c0 ConcurrentGCThread "G1 Main Marker" [stack: 0x000000016b94c000,0x000000016bb4f000] [id=14851]
  0x000000015480f460 ConcurrentGCThread "G1 Conc#0" [stack: 0x000000016bb58000,0x000000016bd5b000] [id=14339]
  0x00000001548292a0 ConcurrentGCThread "G1 Refine#0" [stack: 0x000000016bd64000,0x000000016bf67000] [id=13827]
  0x0000000154829fd0 ConcurrentGCThread "G1 Service" [stack: 0x000000016bf70000,0x000000016c173000] [id=16643]

Threads with active compile tasks:
C2 CompilerThread0    20357 1529 % !   4       com.badlogic.gdx.maps.tiled.BaseTmxMapLoader::getTileIds @ 67 (519 bytes)

VM state: not at safepoint (normal execution)

VM Mutex/Monitor currently owned by a thread: None

Heap address: 0x0000000780000000, size: 2048 MB, Compressed Oops mode: Zero based, Oop shift amount: 3

CDS archive(s) mapped at: [0x000000d800000000-0x000000d800bc0000-0x000000d800bc0000), size 12320768, SharedBaseAddress: 0x000000d800000000, ArchiveRelocationMode: 1.
Compressed class space mapped at: 0x000000d801000000-0x000000d841000000, reserved size: 1073741824
Narrow klass base: 0x000000d800000000, Narrow klass shift: 0, Narrow klass range: 0x100000000

GC Precious Log:
 CPUs: 8 total, 8 available
 Memory: 8192M
 Large Page Support: Disabled
 NUMA Support: Disabled
 Compressed Oops: Enabled (Zero based)
 Heap Region Size: 1M
 Heap Min Capacity: 8M
 Heap Initial Capacity: 128M
 Heap Max Capacity: 2G
 Pre-touch: Disabled
 Parallel Workers: 8
 Concurrent Workers: 2
 Concurrent Refinement Workers: 8
 Periodic GC: Disabled

Heap:
 garbage-first heap   total 133120K, used 26549K [0x0000000780000000, 0x0000000800000000)
  region size 1024K, 27 young (27648K), 3 survivors (3072K)
 Metaspace       used 7186K, committed 7360K, reserved 1114112K
  class space    used 528K, committed 640K, reserved 1048576K

Heap Regions: E=young(eden), S=young(survivor), O=old, HS=humongous(starts), HC=humongous(continues), CS=collection set, F=free, OA=open archive, CA=closed archive, TAMS=top-at-mark-start (previous, next)
|   0|0x0000000780000000, 0x0000000780000000, 0x0000000780100000|  0%| F|  |TAMS 0x0000000780000000, 0x0000000780000000| Untracked 
|   1|0x0000000780100000, 0x0000000780105600, 0x0000000780200000|  2%| O|  |TAMS 0x0000000780100000, 0x0000000780100000| Untracked 
|   2|0x0000000780200000, 0x0000000780200000, 0x0000000780300000|  0%| F|  |TAMS 0x0000000780200000, 0x0000000780200000| Untracked 
|   3|0x0000000780300000, 0x0000000780300000, 0x0000000780400000|  0%| F|  |TAMS 0x0000000780300000, 0x0000000780300000| Untracked 
|   4|0x0000000780400000, 0x0000000780400000, 0x0000000780500000|  0%| F|  |TAMS 0x0000000780400000, 0x0000000780400000| Untracked 
|   5|0x0000000780500000, 0x0000000780500000, 0x0000000780600000|  0%| F|  |TAMS 0x0000000780500000, 0x0000000780500000| Untracked 
|   6|0x0000000780600000, 0x0000000780600000, 0x0000000780700000|  0%| F|  |TAMS 0x0000000780600000, 0x0000000780600000| Untracked 
|   7|0x0000000780700000, 0x0000000780700000, 0x0000000780800000|  0%| F|  |TAMS 0x0000000780700000, 0x0000000780700000| Untracked 
|   8|0x0000000780800000, 0x0000000780800000, 0x0000000780900000|  0%| F|  |TAMS 0x0000000780800000, 0x0000000780800000| Untracked 
|   9|0x0000000780900000, 0x0000000780900000, 0x0000000780a00000|  0%| F|  |TAMS 0x0000000780900000, 0x0000000780900000| Untracked 
|  10|0x0000000780a00000, 0x0000000780a00000, 0x0000000780b00000|  0%| F|  |TAMS 0x0000000780a00000, 0x0000000780a00000| Untracked 
|  11|0x0000000780b00000, 0x0000000780b00000, 0x0000000780c00000|  0%| F|  |TAMS 0x0000000780b00000, 0x0000000780b00000| Untracked 
|  12|0x0000000780c00000, 0x0000000780c00000, 0x0000000780d00000|  0%| F|  |TAMS 0x0000000780c00000, 0x0000000780c00000| Untracked 
|  13|0x0000000780d00000, 0x0000000780d00000, 0x0000000780e00000|  0%| F|  |TAMS 0x0000000780d00000, 0x0000000780d00000| Untracked 
|  14|0x0000000780e00000, 0x0000000780e00000, 0x0000000780f00000|  0%| F|  |TAMS 0x0000000780e00000, 0x0000000780e00000| Untracked 
|  15|0x0000000780f00000, 0x0000000780f00000, 0x0000000781000000|  0%| F|  |TAMS 0x0000000780f00000, 0x0000000780f00000| Untracked 
|  16|0x0000000781000000, 0x0000000781000000, 0x0000000781100000|  0%| F|  |TAMS 0x0000000781000000, 0x0000000781000000| Untracked 
|  17|0x0000000781100000, 0x0000000781100000, 0x0000000781200000|  0%| F|  |TAMS 0x0000000781100000, 0x0000000781100000| Untracked 
|  18|0x0000000781200000, 0x0000000781200000, 0x0000000781300000|  0%| F|  |TAMS 0x0000000781200000, 0x0000000781200000| Untracked 
|  19|0x0000000781300000, 0x0000000781300000, 0x0000000781400000|  0%| F|  |TAMS 0x0000000781300000, 0x0000000781300000| Untracked 
|  20|0x0000000781400000, 0x0000000781400000, 0x0000000781500000|  0%| F|  |TAMS 0x0000000781400000, 0x0000000781400000| Untracked 
|  21|0x0000000781500000, 0x0000000781500000, 0x0000000781600000|  0%| F|  |TAMS 0x0000000781500000, 0x0000000781500000| Untracked 
|  22|0x0000000781600000, 0x0000000781600000, 0x0000000781700000|  0%| F|  |TAMS 0x0000000781600000, 0x0000000781600000| Untracked 
|  23|0x0000000781700000, 0x0000000781700000, 0x0000000781800000|  0%| F|  |TAMS 0x0000000781700000, 0x0000000781700000| Untracked 
|  24|0x0000000781800000, 0x0000000781800000, 0x0000000781900000|  0%| F|  |TAMS 0x0000000781800000, 0x0000000781800000| Untracked 
|  25|0x0000000781900000, 0x0000000781900000, 0x0000000781a00000|  0%| F|  |TAMS 0x0000000781900000, 0x0000000781900000| Untracked 
|  26|0x0000000781a00000, 0x0000000781a00000, 0x0000000781b00000|  0%| F|  |TAMS 0x0000000781a00000, 0x0000000781a00000| Untracked 
|  27|0x0000000781b00000, 0x0000000781b00000, 0x0000000781c00000|  0%| F|  |TAMS 0x0000000781b00000, 0x0000000781b00000| Untracked 
|  28|0x0000000781c00000, 0x0000000781c00000, 0x0000000781d00000|  0%| F|  |TAMS 0x0000000781c00000, 0x0000000781c00000| Untracked 
|  29|0x0000000781d00000, 0x0000000781d00000, 0x0000000781e00000|  0%| F|  |TAMS 0x0000000781d00000, 0x0000000781d00000| Untracked 
|  30|0x0000000781e00000, 0x0000000781e00000, 0x0000000781f00000|  0%| F|  |TAMS 0x0000000781e00000, 0x0000000781e00000| Untracked 
|  31|0x0000000781f00000, 0x0000000781f00000, 0x0000000782000000|  0%| F|  |TAMS 0x0000000781f00000, 0x0000000781f00000| Untracked 
|  32|0x0000000782000000, 0x0000000782000000, 0x0000000782100000|  0%| F|  |TAMS 0x0000000782000000, 0x0000000782000000| Untracked 
|  33|0x0000000782100000, 0x0000000782100000, 0x0000000782200000|  0%| F|  |TAMS 0x0000000782100000, 0x0000000782100000| Untracked 
|  34|0x0000000782200000, 0x0000000782200000, 0x0000000782300000|  0%| F|  |TAMS 0x0000000782200000, 0x0000000782200000| Untracked 
|  35|0x0000000782300000, 0x0000000782300000, 0x0000000782400000|  0%| F|  |TAMS 0x0000000782300000, 0x0000000782300000| Untracked 
|  36|0x0000000782400000, 0x0000000782400000, 0x0000000782500000|  0%| F|  |TAMS 0x0000000782400000, 0x0000000782400000| Untracked 
|  37|0x0000000782500000, 0x0000000782500000, 0x0000000782600000|  0%| F|  |TAMS 0x0000000782500000, 0x0000000782500000| Untracked 
|  38|0x0000000782600000, 0x0000000782600000, 0x0000000782700000|  0%| F|  |TAMS 0x0000000782600000, 0x0000000782600000| Untracked 
|  39|0x0000000782700000, 0x0000000782700000, 0x0000000782800000|  0%| F|  |TAMS 0x0000000782700000, 0x0000000782700000| Untracked 
|  40|0x0000000782800000, 0x0000000782800000, 0x0000000782900000|  0%| F|  |TAMS 0x0000000782800000, 0x0000000782800000| Untracked 
|  41|0x0000000782900000, 0x0000000782900000, 0x0000000782a00000|  0%| F|  |TAMS 0x0000000782900000, 0x0000000782900000| Untracked 
|  42|0x0000000782a00000, 0x0000000782a00000, 0x0000000782b00000|  0%| F|  |TAMS 0x0000000782a00000, 0x0000000782a00000| Untracked 
|  43|0x0000000782b00000, 0x0000000782b00000, 0x0000000782c00000|  0%| F|  |TAMS 0x0000000782b00000, 0x0000000782b00000| Untracked 
|  44|0x0000000782c00000, 0x0000000782c00000, 0x0000000782d00000|  0%| F|  |TAMS 0x0000000782c00000, 0x0000000782c00000| Untracked 
|  45|0x0000000782d00000, 0x0000000782d00000, 0x0000000782e00000|  0%| F|  |TAMS 0x0000000782d00000, 0x0000000782d00000| Untracked 
|  46|0x0000000782e00000, 0x0000000782e00000, 0x0000000782f00000|  0%| F|  |TAMS 0x0000000782e00000, 0x0000000782e00000| Untracked 
|  47|0x0000000782f00000, 0x0000000782f00000, 0x0000000783000000|  0%| F|  |TAMS 0x0000000782f00000, 0x0000000782f00000| Untracked 
|  48|0x0000000783000000, 0x0000000783000000, 0x0000000783100000|  0%| F|  |TAMS 0x0000000783000000, 0x0000000783000000| Untracked 
|  49|0x0000000783100000, 0x0000000783100000, 0x0000000783200000|  0%| F|  |TAMS 0x0000000783100000, 0x0000000783100000| Untracked 
|  50|0x0000000783200000, 0x0000000783200000, 0x0000000783300000|  0%| F|  |TAMS 0x0000000783200000, 0x0000000783200000| Untracked 
|  51|0x0000000783300000, 0x0000000783300000, 0x0000000783400000|  0%| F|  |TAMS 0x0000000783300000, 0x0000000783300000| Untracked 
|  52|0x0000000783400000, 0x0000000783400000, 0x0000000783500000|  0%| F|  |TAMS 0x0000000783400000, 0x0000000783400000| Untracked 
|  53|0x0000000783500000, 0x0000000783500000, 0x0000000783600000|  0%| F|  |TAMS 0x0000000783500000, 0x0000000783500000| Untracked 
|  54|0x0000000783600000, 0x0000000783600000, 0x0000000783700000|  0%| F|  |TAMS 0x0000000783600000, 0x0000000783600000| Untracked 
|  55|0x0000000783700000, 0x0000000783700000, 0x0000000783800000|  0%| F|  |TAMS 0x0000000783700000, 0x0000000783700000| Untracked 
|  56|0x0000000783800000, 0x0000000783800000, 0x0000000783900000|  0%| F|  |TAMS 0x0000000783800000, 0x0000000783800000| Untracked 
|  57|0x0000000783900000, 0x0000000783900000, 0x0000000783a00000|  0%| F|  |TAMS 0x0000000783900000, 0x0000000783900000| Untracked 
|  58|0x0000000783a00000, 0x0000000783a00000, 0x0000000783b00000|  0%| F|  |TAMS 0x0000000783a00000, 0x0000000783a00000| Untracked 
|  59|0x0000000783b00000, 0x0000000783b00000, 0x0000000783c00000|  0%| F|  |TAMS 0x0000000783b00000, 0x0000000783b00000| Untracked 
|  60|0x0000000783c00000, 0x0000000783c00000, 0x0000000783d00000|  0%| F|  |TAMS 0x0000000783c00000, 0x0000000783c00000| Untracked 
|  61|0x0000000783d00000, 0x0000000783d00000, 0x0000000783e00000|  0%| F|  |TAMS 0x0000000783d00000, 0x0000000783d00000| Untracked 
|  62|0x0000000783e00000, 0x0000000783e00000, 0x0000000783f00000|  0%| F|  |TAMS 0x0000000783e00000, 0x0000000783e00000| Untracked 
|  63|0x0000000783f00000, 0x0000000783f00000, 0x0000000784000000|  0%| F|  |TAMS 0x0000000783f00000, 0x0000000783f00000| Untracked 
|  64|0x0000000784000000, 0x0000000784000000, 0x0000000784100000|  0%| F|  |TAMS 0x0000000784000000, 0x0000000784000000| Untracked 
|  65|0x0000000784100000, 0x0000000784100000, 0x0000000784200000|  0%| F|  |TAMS 0x0000000784100000, 0x0000000784100000| Untracked 
|  66|0x0000000784200000, 0x0000000784200000, 0x0000000784300000|  0%| F|  |TAMS 0x0000000784200000, 0x0000000784200000| Untracked 
|  67|0x0000000784300000, 0x0000000784300000, 0x0000000784400000|  0%| F|  |TAMS 0x0000000784300000, 0x0000000784300000| Untracked 
|  68|0x0000000784400000, 0x0000000784400000, 0x0000000784500000|  0%| F|  |TAMS 0x0000000784400000, 0x0000000784400000| Untracked 
|  69|0x0000000784500000, 0x0000000784500000, 0x0000000784600000|  0%| F|  |TAMS 0x0000000784500000, 0x0000000784500000| Untracked 
|  70|0x0000000784600000, 0x0000000784600000, 0x0000000784700000|  0%| F|  |TAMS 0x0000000784600000, 0x0000000784600000| Untracked 
|  71|0x0000000784700000, 0x0000000784700000, 0x0000000784800000|  0%| F|  |TAMS 0x0000000784700000, 0x0000000784700000| Untracked 
|  72|0x0000000784800000, 0x0000000784800000, 0x0000000784900000|  0%| F|  |TAMS 0x0000000784800000, 0x0000000784800000| Untracked 
|  73|0x0000000784900000, 0x0000000784900000, 0x0000000784a00000|  0%| F|  |TAMS 0x0000000784900000, 0x0000000784900000| Untracked 
|  74|0x0000000784a00000, 0x0000000784a00000, 0x0000000784b00000|  0%| F|  |TAMS 0x0000000784a00000, 0x0000000784a00000| Untracked 
|  75|0x0000000784b00000, 0x0000000784b00000, 0x0000000784c00000|  0%| F|  |TAMS 0x0000000784b00000, 0x0000000784b00000| Untracked 
|  76|0x0000000784c00000, 0x0000000784c00000, 0x0000000784d00000|  0%| F|  |TAMS 0x0000000784c00000, 0x0000000784c00000| Untracked 
|  77|0x0000000784d00000, 0x0000000784d00000, 0x0000000784e00000|  0%| F|  |TAMS 0x0000000784d00000, 0x0000000784d00000| Untracked 
|  78|0x0000000784e00000, 0x0000000784e00000, 0x0000000784f00000|  0%| F|  |TAMS 0x0000000784e00000, 0x0000000784e00000| Untracked 
|  79|0x0000000784f00000, 0x0000000784f00000, 0x0000000785000000|  0%| F|  |TAMS 0x0000000784f00000, 0x0000000784f00000| Untracked 
|  80|0x0000000785000000, 0x0000000785000000, 0x0000000785100000|  0%| F|  |TAMS 0x0000000785000000, 0x0000000785000000| Untracked 
|  81|0x0000000785100000, 0x0000000785100000, 0x0000000785200000|  0%| F|  |TAMS 0x0000000785100000, 0x0000000785100000| Untracked 
|  82|0x0000000785200000, 0x0000000785200000, 0x0000000785300000|  0%| F|  |TAMS 0x0000000785200000, 0x0000000785200000| Untracked 
|  83|0x0000000785300000, 0x0000000785300000, 0x0000000785400000|  0%| F|  |TAMS 0x0000000785300000, 0x0000000785300000| Untracked 
|  84|0x0000000785400000, 0x0000000785400000, 0x0000000785500000|  0%| F|  |TAMS 0x0000000785400000, 0x0000000785400000| Untracked 
|  85|0x0000000785500000, 0x0000000785500000, 0x0000000785600000|  0%| F|  |TAMS 0x0000000785500000, 0x0000000785500000| Untracked 
|  86|0x0000000785600000, 0x0000000785600000, 0x0000000785700000|  0%| F|  |TAMS 0x0000000785600000, 0x0000000785600000| Untracked 
|  87|0x0000000785700000, 0x0000000785700000, 0x0000000785800000|  0%| F|  |TAMS 0x0000000785700000, 0x0000000785700000| Untracked 
|  88|0x0000000785800000, 0x0000000785800000, 0x0000000785900000|  0%| F|  |TAMS 0x0000000785800000, 0x0000000785800000| Untracked 
|  89|0x0000000785900000, 0x0000000785900000, 0x0000000785a00000|  0%| F|  |TAMS 0x0000000785900000, 0x0000000785900000| Untracked 
|  90|0x0000000785a00000, 0x0000000785a00000, 0x0000000785b00000|  0%| F|  |TAMS 0x0000000785a00000, 0x0000000785a00000| Untracked 
|  91|0x0000000785b00000, 0x0000000785b00000, 0x0000000785c00000|  0%| F|  |TAMS 0x0000000785b00000, 0x0000000785b00000| Untracked 
|  92|0x0000000785c00000, 0x0000000785c00000, 0x0000000785d00000|  0%| F|  |TAMS 0x0000000785c00000, 0x0000000785c00000| Untracked 
|  93|0x0000000785d00000, 0x0000000785d00000, 0x0000000785e00000|  0%| F|  |TAMS 0x0000000785d00000, 0x0000000785d00000| Untracked 
|  94|0x0000000785e00000, 0x0000000785e00000, 0x0000000785f00000|  0%| F|  |TAMS 0x0000000785e00000, 0x0000000785e00000| Untracked 
|  95|0x0000000785f00000, 0x0000000785f00000, 0x0000000786000000|  0%| F|  |TAMS 0x0000000785f00000, 0x0000000785f00000| Untracked 
|  96|0x0000000786000000, 0x0000000786000000, 0x0000000786100000|  0%| F|  |TAMS 0x0000000786000000, 0x0000000786000000| Untracked 
|  97|0x0000000786100000, 0x0000000786100000, 0x0000000786200000|  0%| F|  |TAMS 0x0000000786100000, 0x0000000786100000| Untracked 
|  98|0x0000000786200000, 0x0000000786200000, 0x0000000786300000|  0%| F|  |TAMS 0x0000000786200000, 0x0000000786200000| Untracked 
|  99|0x0000000786300000, 0x0000000786300000, 0x0000000786400000|  0%| F|  |TAMS 0x0000000786300000, 0x0000000786300000| Untracked 
| 100|0x0000000786400000, 0x0000000786400000, 0x0000000786500000|  0%| F|  |TAMS 0x0000000786400000, 0x0000000786400000| Untracked 
| 101|0x0000000786500000, 0x0000000786600000, 0x0000000786600000|100%| E|  |TAMS 0x0000000786500000, 0x0000000786500000| Complete 
| 102|0x0000000786600000, 0x0000000786700000, 0x0000000786700000|100%| S|CS|TAMS 0x0000000786600000, 0x0000000786600000| Complete 
| 103|0x0000000786700000, 0x0000000786800000, 0x0000000786800000|100%| S|CS|TAMS 0x0000000786700000, 0x0000000786700000| Complete 
| 104|0x0000000786800000, 0x0000000786900000, 0x0000000786900000|100%| S|CS|TAMS 0x0000000786800000, 0x0000000786800000| Complete 
| 105|0x0000000786900000, 0x0000000786a00000, 0x0000000786a00000|100%| E|CS|TAMS 0x0000000786900000, 0x0000000786900000| Complete 
| 106|0x0000000786a00000, 0x0000000786b00000, 0x0000000786b00000|100%| E|CS|TAMS 0x0000000786a00000, 0x0000000786a00000| Complete 
| 107|0x0000000786b00000, 0x0000000786c00000, 0x0000000786c00000|100%| E|CS|TAMS 0x0000000786b00000, 0x0000000786b00000| Complete 
| 108|0x0000000786c00000, 0x0000000786d00000, 0x0000000786d00000|100%| E|CS|TAMS 0x0000000786c00000, 0x0000000786c00000| Complete 
| 109|0x0000000786d00000, 0x0000000786e00000, 0x0000000786e00000|100%| E|CS|TAMS 0x0000000786d00000, 0x0000000786d00000| Complete 
| 110|0x0000000786e00000, 0x0000000786f00000, 0x0000000786f00000|100%| E|CS|TAMS 0x0000000786e00000, 0x0000000786e00000| Complete 
| 111|0x0000000786f00000, 0x0000000787000000, 0x0000000787000000|100%| E|CS|TAMS 0x0000000786f00000, 0x0000000786f00000| Complete 
| 112|0x0000000787000000, 0x0000000787100000, 0x0000000787100000|100%| E|CS|TAMS 0x0000000787000000, 0x0000000787000000| Complete 
| 113|0x0000000787100000, 0x0000000787200000, 0x0000000787200000|100%| E|  |TAMS 0x0000000787100000, 0x0000000787100000| Complete 
| 114|0x0000000787200000, 0x0000000787300000, 0x0000000787300000|100%| E|CS|TAMS 0x0000000787200000, 0x0000000787200000| Complete 
| 115|0x0000000787300000, 0x0000000787400000, 0x0000000787400000|100%| E|CS|TAMS 0x0000000787300000, 0x0000000787300000| Complete 
| 116|0x0000000787400000, 0x0000000787500000, 0x0000000787500000|100%| E|CS|TAMS 0x0000000787400000, 0x0000000787400000| Complete 
| 117|0x0000000787500000, 0x0000000787600000, 0x0000000787600000|100%| E|CS|TAMS 0x0000000787500000, 0x0000000787500000| Complete 
| 118|0x0000000787600000, 0x0000000787700000, 0x0000000787700000|100%| E|CS|TAMS 0x0000000787600000, 0x0000000787600000| Complete 
| 119|0x0000000787700000, 0x0000000787800000, 0x0000000787800000|100%| E|CS|TAMS 0x0000000787700000, 0x0000000787700000| Complete 
| 120|0x0000000787800000, 0x0000000787900000, 0x0000000787900000|100%| E|CS|TAMS 0x0000000787800000, 0x0000000787800000| Complete 
| 121|0x0000000787900000, 0x0000000787a00000, 0x0000000787a00000|100%| E|CS|TAMS 0x0000000787900000, 0x0000000787900000| Complete 
| 122|0x0000000787a00000, 0x0000000787b00000, 0x0000000787b00000|100%| E|CS|TAMS 0x0000000787a00000, 0x0000000787a00000| Complete 
| 123|0x0000000787b00000, 0x0000000787c00000, 0x0000000787c00000|100%| E|CS|TAMS 0x0000000787b00000, 0x0000000787b00000| Complete 
| 124|0x0000000787c00000, 0x0000000787d00000, 0x0000000787d00000|100%| E|CS|TAMS 0x0000000787c00000, 0x0000000787c00000| Complete 
| 125|0x0000000787d00000, 0x0000000787e00000, 0x0000000787e00000|100%| E|CS|TAMS 0x0000000787d00000, 0x0000000787d00000| Complete 
| 126|0x0000000787e00000, 0x0000000787f00000, 0x0000000787f00000|100%| E|CS|TAMS 0x0000000787e00000, 0x0000000787e00000| Complete 
| 127|0x0000000787f00000, 0x0000000788000000, 0x0000000788000000|100%| E|CS|TAMS 0x0000000787f00000, 0x0000000787f00000| Complete 
|2046|0x00000007ffe00000, 0x00000007ffe74000, 0x00000007fff00000| 45%|OA|  |TAMS 0x00000007ffe00000, 0x00000007ffe00000| Untracked 
|2047|0x00000007fff00000, 0x00000007fff74000, 0x0000000800000000| 45%|CA|  |TAMS 0x00000007fff00000, 0x00000007fff00000| Untracked 

Card table byte_map: [0x0000000109000000,0x0000000109400000] _byte_map_base: 0x0000000105400000

Marking Bits (Prev, Next): (CMBitMap*) 0x0000000155022a10, (CMBitMap*) 0x0000000155022a50
 Prev Bits: [0x0000000121688000, 0x0000000123688000)
 Next Bits: [0x0000000123688000, 0x0000000125688000)

Polling page: 0x00000001047d8000

Metaspace:

Usage:
  Non-class:      6.50 MB used.
      Class:    528.95 KB used.
       Both:      7.02 MB used.

Virtual space:
  Non-class space:       64.00 MB reserved,       6.56 MB ( 10%) committed,  1 nodes.
      Class space:        1.00 GB reserved,     640.00 KB ( <1%) committed,  1 nodes.
             Both:        1.06 GB reserved,       7.19 MB ( <1%) committed. 

Chunk freelists:
   Non-Class:  7.66 MB
       Class:  15.42 MB
        Both:  23.08 MB

MaxMetaspaceSize: unlimited
CompressedClassSpaceSize: 1.00 GB
Initial GC threshold: 21.00 MB
Current GC threshold: 21.00 MB
CDS: on
MetaspaceReclaimPolicy: balanced
 - commit_granule_bytes: 65536.
 - commit_granule_words: 8192.
 - virtual_space_node_default_size: 8388608.
 - enlarge_chunks_in_place: 1.
 - new_chunks_are_fully_committed: 0.
 - uncommit_free_chunks: 1.
 - use_allocation_guard: 0.
 - handle_deallocations: 1.


Internal statistics:

num_allocs_failed_limit: 0.
num_arena_births: 68.
num_arena_deaths: 0.
num_vsnodes_births: 2.
num_vsnodes_deaths: 0.
num_space_committed: 113.
num_space_uncommitted: 0.
num_chunks_returned_to_freelist: 0.
num_chunks_taken_from_freelist: 251.
num_chunk_merges: 0.
num_chunk_splits: 185.
num_chunks_enlarged: 147.
num_inconsistent_stats: 0.

CodeHeap 'non-profiled nmethods': size=120032Kb used=796Kb max_used=796Kb free=119235Kb
 bounds [0x000000011a150000, 0x000000011a3c0000, 0x0000000121688000]
CodeHeap 'profiled nmethods': size=120016Kb used=3049Kb max_used=3049Kb free=116966Kb
 bounds [0x0000000112688000, 0x0000000112988000, 0x0000000119bbc000]
CodeHeap 'non-nmethods': size=5712Kb used=1638Kb max_used=1678Kb free=4073Kb
 bounds [0x0000000119bbc000, 0x0000000119e2c000, 0x000000011a150000]
 total_blobs=2614 nmethods=1513 adapters=1018
 compilation: enabled
              stopped_count=0, restarted_count=0
 full_count=0

Compilation events (20 events):
Event: 20.344 Thread 0x00000001550a3a00 1524       1       com.badlogic.gdx.maps.MapLayer::setName (6 bytes)
Event: 20.344 Thread 0x00000001550a3a00 nmethod 1524 0x000000011a212e90 code [0x000000011a213000, 0x000000011a2130d8]
Event: 20.344 Thread 0x00000001550a3a00 1525       1       com.badlogic.gdx.maps.MapLayer::setOpacity (6 bytes)
Event: 20.344 Thread 0x00000001550a3a00 nmethod 1525 0x000000011a213190 code [0x000000011a213300, 0x000000011a213398]
Event: 20.344 Thread 0x00000001550a3a00 1526       1       com.badlogic.gdx.maps.MapLayer::setVisible (6 bytes)
Event: 20.344 Thread 0x00000001550a3a00 nmethod 1526 0x000000011a213490 code [0x000000011a213600, 0x000000011a213698]
Event: 20.344 Thread 0x00000001550a3a00 1527       3       com.badlogic.gdx.utils.ObjectMap::<init> (9 bytes)
Event: 20.344 Thread 0x00000001550a3400 nmethod 1522 0x000000011a213790 code [0x000000011a213980, 0x000000011a213c10]
Event: 20.344 Thread 0x00000001550a3a00 nmethod 1527 0x0000000112980290 code [0x0000000112980480, 0x0000000112980608]
Event: 20.344 Thread 0x00000001550a3400 1523 %     4       com.badlogic.gdx.maps.tiled.BaseTmxMapLoader::loadTileLayer @ 122 (299 bytes)
Event: 20.349 Thread 0x00000001550a3a00 1530       3       jdk.internal.misc.Unsafe::getAndAddLong (27 bytes)
Event: 20.349 Thread 0x00000001550a3a00 nmethod 1530 0x0000000112980710 code [0x00000001129808c0, 0x0000000112980b08]
Event: 20.349 Thread 0x00000001550a3a00 1531       3       jdk.internal.misc.Unsafe::weakCompareAndSetLong (11 bytes)
Event: 20.349 Thread 0x00000001550a3a00 nmethod 1531 0x0000000112980c10 code [0x0000000112980dc0, 0x0000000112980ed8]
Event: 20.350 Thread 0x00000001550a3a00 1532       3       java.nio.ByteBuffer::<init> (14 bytes)
Event: 20.350 Thread 0x00000001550a3a00 nmethod 1532 0x0000000112980f90 code [0x0000000112981140, 0x00000001129812c8]
Event: 20.351 Thread 0x00000001550a3a00 1533   !   3       jdk.internal.misc.ScopedMemoryAccess::putInt (25 bytes)
Event: 20.351 Thread 0x00000001550a3a00 nmethod 1533 0x0000000112981390 code [0x0000000112981580, 0x0000000112981af8]
Event: 20.351 Thread 0x00000001550a3a00 1534   !   3       jdk.internal.misc.ScopedMemoryAccess::putIntInternal (37 bytes)
Event: 20.351 Thread 0x00000001550a3a00 nmethod 1534 0x0000000112981d90 code [0x0000000112981f80, 0x00000001129822c8]

GC Heap History (2 events):
Event: 1.508 GC heap before
{Heap before GC invocations=0 (full 0):
 garbage-first heap   total 133120K, used 24480K [0x0000000780000000, 0x0000000800000000)
  region size 1024K, 23 young (23552K), 0 survivors (0K)
 Metaspace       used 6538K, committed 6720K, reserved 1114112K
  class space    used 493K, committed 576K, reserved 1048576K
}
Event: 1.510 GC heap after
{Heap after GC invocations=1 (full 0):
 garbage-first heap   total 133120K, used 4021K [0x0000000780000000, 0x0000000800000000)
  region size 1024K, 3 young (3072K), 3 survivors (3072K)
 Metaspace       used 6538K, committed 6720K, reserved 1114112K
  class space    used 493K, committed 576K, reserved 1048576K
}

Dll operation events (8 events):
Event: 0.003 Loaded shared library /opt/homebrew/Cellar/openjdk@17/17.0.15/libexec/openjdk.jdk/Contents/Home/lib/libjava.dylib
Event: 0.022 Loaded shared library /opt/homebrew/Cellar/openjdk@17/17.0.15/libexec/openjdk.jdk/Contents/Home/lib/libnio.dylib
Event: 0.025 Loaded shared library /opt/homebrew/Cellar/openjdk@17/17.0.15/libexec/openjdk.jdk/Contents/Home/lib/libzip.dylib
Event: 0.061 Loaded shared library /opt/homebrew/Cellar/openjdk@17/17.0.15/libexec/openjdk.jdk/Contents/Home/lib/libjimage.dylib
Event: 0.066 Loaded shared library /opt/homebrew/Cellar/openjdk@17/17.0.15/libexec/openjdk.jdk/Contents/Home/lib/libnet.dylib
Event: 0.071 Loaded shared library /private/var/folders/v4/f9gfs351623g0dt_748d5v0c0000gn/T/lwjgl_justinbadilla/3.3.3+5/arm64/liblwjgl.dylib
Event: 0.134 Loaded shared library /private/var/folders/v4/f9gfs351623g0dt_748d5v0c0000gn/T/libgdxjustinbadilla/21dede5c/libgdxarm64.dylib
Event: 1.216 Loaded shared library /private/var/folders/v4/f9gfs351623g0dt_748d5v0c0000gn/T/lwjgl_justinbadilla/3.3.3+5/arm64/liblwjgl_opengl.dylib

Deoptimization events (20 events):
Event: 17.453 Thread 0x0000000143808e00 DEOPT PACKING pc=0x000000011a201d78 sp=0x000000016b6a94f0
Event: 17.453 Thread 0x0000000143808e00 DEOPT UNPACKING pc=0x0000000119c0391c sp=0x000000016b6a9480 mode 2
Event: 17.458 Thread 0x0000000143808e00 DEOPT PACKING pc=0x000000011285f9e0 sp=0x000000016b6a94b0
Event: 17.458 Thread 0x0000000143808e00 DEOPT UNPACKING pc=0x0000000119c0377c sp=0x000000016b6a9250 mode 0
Event: 19.632 Thread 0x0000000143808e00 Uncommon trap: trap_request=0xffffffbe fr.pc=0x000000011a20e15c relative=0x00000000000003dc
Event: 19.632 Thread 0x0000000143808e00 Uncommon trap: reason=profile_predicate action=maybe_recompile pc=0x000000011a20e15c method=com.badlogic.gdx.utils.ObjectMap.locateKey(Ljava/lang/Object;)I @ 32 c2
Event: 19.632 Thread 0x0000000143808e00 DEOPT PACKING pc=0x000000011a20e15c sp=0x000000016b6a9410
Event: 19.632 Thread 0x0000000143808e00 DEOPT UNPACKING pc=0x0000000119c0391c sp=0x000000016b6a93a0 mode 2
Event: 19.632 Thread 0x0000000143808e00 Uncommon trap: trap_request=0xffffffbe fr.pc=0x000000011a20e15c relative=0x00000000000003dc
Event: 19.632 Thread 0x0000000143808e00 Uncommon trap: reason=profile_predicate action=maybe_recompile pc=0x000000011a20e15c method=com.badlogic.gdx.utils.ObjectMap.locateKey(Ljava/lang/Object;)I @ 32 c2
Event: 19.632 Thread 0x0000000143808e00 DEOPT PACKING pc=0x000000011a20e15c sp=0x000000016b6a9400
Event: 19.632 Thread 0x0000000143808e00 DEOPT UNPACKING pc=0x0000000119c0391c sp=0x000000016b6a9390 mode 2
Event: 19.633 Thread 0x0000000143808e00 Uncommon trap: trap_request=0xffffffbe fr.pc=0x000000011a20e15c relative=0x00000000000003dc
Event: 19.633 Thread 0x0000000143808e00 Uncommon trap: reason=profile_predicate action=maybe_recompile pc=0x000000011a20e15c method=com.badlogic.gdx.utils.ObjectMap.locateKey(Ljava/lang/Object;)I @ 32 c2
Event: 19.633 Thread 0x0000000143808e00 DEOPT PACKING pc=0x000000011a20e15c sp=0x000000016b6a95c0
Event: 19.633 Thread 0x0000000143808e00 DEOPT UNPACKING pc=0x0000000119c0391c sp=0x000000016b6a9550 mode 2
Event: 19.633 Thread 0x0000000143808e00 Uncommon trap: trap_request=0xffffffbe fr.pc=0x000000011a20e15c relative=0x00000000000003dc
Event: 19.633 Thread 0x0000000143808e00 Uncommon trap: reason=profile_predicate action=maybe_recompile pc=0x000000011a20e15c method=com.badlogic.gdx.utils.ObjectMap.locateKey(Ljava/lang/Object;)I @ 32 c2
Event: 19.633 Thread 0x0000000143808e00 DEOPT PACKING pc=0x000000011a20e15c sp=0x000000016b6a95b0
Event: 19.633 Thread 0x0000000143808e00 DEOPT UNPACKING pc=0x0000000119c0391c sp=0x000000016b6a9540 mode 2

Classes loaded (20 events):
Event: 9.249 Loading class jdk/internal/reflect/ByteVectorImpl
Event: 9.249 Loading class jdk/internal/reflect/ByteVector
Event: 9.249 Loading class jdk/internal/reflect/ByteVector done
Event: 9.249 Loading class jdk/internal/reflect/ByteVectorImpl done
Event: 9.249 Loading class jdk/internal/reflect/ClassFileAssembler
Event: 9.249 Loading class jdk/internal/reflect/ClassFileAssembler done
Event: 9.249 Loading class jdk/internal/reflect/UTF8
Event: 9.249 Loading class jdk/internal/reflect/UTF8 done
Event: 9.250 Loading class jdk/internal/reflect/Label
Event: 9.250 Loading class jdk/internal/reflect/Label done
Event: 9.250 Loading class jdk/internal/reflect/Label$PatchInfo
Event: 9.250 Loading class jdk/internal/reflect/Label$PatchInfo done
Event: 9.250 Loading class jdk/internal/reflect/MethodAccessorGenerator$1
Event: 9.250 Loading class jdk/internal/reflect/MethodAccessorGenerator$1 done
Event: 9.250 Loading class jdk/internal/reflect/ClassDefiner
Event: 9.250 Loading class jdk/internal/reflect/ClassDefiner done
Event: 9.250 Loading class jdk/internal/reflect/ClassDefiner$1
Event: 9.250 Loading class jdk/internal/reflect/ClassDefiner$1 done
Event: 9.250 Loading class jdk/internal/reflect/BootstrapConstructorAccessorImpl
Event: 9.250 Loading class jdk/internal/reflect/BootstrapConstructorAccessorImpl done

Classes unloaded (0 events):
No events

Classes redefined (0 events):
No events

Internal exceptions (20 events):
Event: 0.053 Thread 0x0000000143808e00 Exception <a 'java/lang/NoSuchMethodError'{0x0000000787ce8708}: 'void java.lang.invoke.DirectMethodHandle$Holder.invokeSpecial(java.lang.Object, java.lang.Object, java.lang.Object)'> (0x0000000787ce8708) 
thrown [src/hotspot/share/interpreter/linkResolver.cpp, line 759]
Event: 0.055 Thread 0x0000000143808e00 Exception <a 'java/lang/NoSuchMethodError'{0x0000000787cfb2a0}: 'java.lang.Object java.lang.invoke.DirectMethodHandle$Holder.invokeStatic(java.lang.Object, java.lang.Object, int)'> (0x0000000787cfb2a0) 
thrown [src/hotspot/share/interpreter/linkResolver.cpp, line 759]
Event: 0.055 Thread 0x0000000143808e00 Exception <a 'java/lang/NoSuchMethodError'{0x0000000787b07810}: 'void java.lang.invoke.DelegatingMethodHandle$Holder.delegate(java.lang.Object, java.lang.Object, int, java.lang.Object)'> (0x0000000787b07810) 
thrown [src/hotspot/share/interpreter/linkResolver.cpp, line 759]
Event: 0.055 Thread 0x0000000143808e00 Exception <a 'java/lang/NoSuchMethodError'{0x0000000787b0ba20}: 'int java.lang.invoke.DirectMethodHandle$Holder.invokeSpecial(java.lang.Object, java.lang.Object, java.lang.Object)'> (0x0000000787b0ba20) 
thrown [src/hotspot/share/interpreter/linkResolver.cpp, line 759]
Event: 0.071 Thread 0x0000000143808e00 Exception <a 'sun/nio/fs/UnixException'{0x0000000787bc7ad0}> (0x0000000787bc7ad0) 
thrown [src/hotspot/share/prims/jni.cpp, line 516]
Event: 0.094 Thread 0x0000000143808e00 Exception <a 'sun/nio/fs/UnixException'{0x0000000787a99ec0}> (0x0000000787a99ec0) 
thrown [src/hotspot/share/prims/jni.cpp, line 516]
Event: 0.097 Thread 0x0000000143808e00 Exception <a 'java/lang/NoSuchMethodError'{0x0000000787ae4ea8}: 'java.lang.Object java.lang.invoke.DirectMethodHandle$Holder.invokeStaticInit(java.lang.Object)'> (0x0000000787ae4ea8) 
thrown [src/hotspot/share/interpreter/linkResolver.cpp, line 759]
Event: 0.100 Thread 0x0000000143808e00 Exception <a 'java/lang/NoSuchMethodError'{0x0000000787913c40}: 'int java.lang.invoke.DirectMethodHandle$Holder.invokeStaticInit(java.lang.Object, java.lang.Object, int, long)'> (0x0000000787913c40) 
thrown [src/hotspot/share/interpreter/linkResolver.cpp, line 759]
Event: 0.100 Thread 0x0000000143808e00 Exception <a 'java/lang/NoSuchMethodError'{0x0000000787919508}: 'java.lang.Object java.lang.invoke.DirectMethodHandle$Holder.newInvokeSpecial(java.lang.Object, java.lang.Object, int)'> (0x0000000787919508) 
thrown [src/hotspot/share/interpreter/linkResolver.cpp, line 759]
Event: 0.101 Thread 0x0000000143808e00 Exception <a 'java/lang/NoSuchMethodError'{0x000000078792e3c8}: 'int java.lang.invoke.DirectMethodHandle$Holder.invokeStaticInit(java.lang.Object, java.lang.Object, long, long)'> (0x000000078792e3c8) 
thrown [src/hotspot/share/interpreter/linkResolver.cpp, line 759]
Event: 0.101 Thread 0x0000000143808e00 Exception <a 'java/lang/NoSuchMethodError'{0x00000007879344d8}: 'java.lang.Object java.lang.invoke.DirectMethodHandle$Holder.newInvokeSpecial(java.lang.Object, java.lang.Object, long)'> (0x00000007879344d8) 
thrown [src/hotspot/share/interpreter/linkResolver.cpp, line 759]
Event: 0.101 Thread 0x0000000143808e00 Exception <a 'java/lang/NoSuchMethodError'{0x00000007879387c8}: 'java.lang.Object java.lang.invoke.Invokers$Holder.linkToTargetMethod(java.lang.Object, long, java.lang.Object)'> (0x00000007879387c8) 
thrown [src/hotspot/share/interpreter/linkResolver.cpp, line 759]
Event: 0.102 Thread 0x0000000143808e00 Exception <a 'java/lang/NoSuchMethodError'{0x000000078793fee0}: 'int java.lang.invoke.DirectMethodHandle$Holder.invokeStaticInit(java.lang.Object, java.lang.Object, java.lang.Object, long)'> (0x000000078793fee0) 
thrown [src/hotspot/share/interpreter/linkResolver.cpp, line 759]
Event: 0.110 Thread 0x0000000143808e00 Exception <a 'sun/nio/fs/UnixException'{0x00000007879cf9a8}> (0x00000007879cf9a8) 
thrown [src/hotspot/share/prims/jni.cpp, line 516]
Event: 0.142 Thread 0x0000000143808e00 Exception <a 'sun/nio/fs/UnixException'{0x00000007877cf520}> (0x00000007877cf520) 
thrown [src/hotspot/share/prims/jni.cpp, line 516]
Event: 0.846 Thread 0x0000000143808e00 Exception <a 'sun/nio/fs/UnixException'{0x00000007876a2298}> (0x00000007876a2298) 
thrown [src/hotspot/share/prims/jni.cpp, line 516]
Event: 1.042 Thread 0x0000000143808e00 Exception <a 'java/lang/NoSuchMethodError'{0x00000007876f9ed0}: 'java.lang.Object java.lang.invoke.DirectMethodHandle$Holder.newInvokeSpecial(java.lang.Object, long)'> (0x00000007876f9ed0) 
thrown [src/hotspot/share/interpreter/linkResolver.cpp, line 759]
Event: 1.215 Thread 0x0000000143808e00 Exception <a 'sun/nio/fs/UnixException'{0x00000007874c63a8}> (0x00000007874c63a8) 
thrown [src/hotspot/share/prims/jni.cpp, line 516]
Event: 9.159 Thread 0x0000000143808e00 Implicit null exception at 0x000000011a1c09a0 to 0x000000011a1c0b78
Event: 16.411 Thread 0x0000000143808e00 Implicit null exception at 0x000000011a1db940 to 0x000000011a1dc21c

VM Operations (20 events):
Event: 1.508 Executing VM operation: G1CollectForAllocation
Event: 1.510 Executing VM operation: G1CollectForAllocation done
Event: 2.515 Executing VM operation: Cleanup
Event: 2.515 Executing VM operation: Cleanup done
Event: 3.520 Executing VM operation: Cleanup
Event: 3.520 Executing VM operation: Cleanup done
Event: 9.153 Executing VM operation: HandshakeAllThreads
Event: 9.154 Executing VM operation: HandshakeAllThreads done
Event: 9.172 Executing VM operation: HandshakeAllThreads
Event: 9.172 Executing VM operation: HandshakeAllThreads done
Event: 9.172 Executing VM operation: Cleanup
Event: 9.172 Executing VM operation: Cleanup done
Event: 10.177 Executing VM operation: Cleanup
Event: 10.177 Executing VM operation: Cleanup done
Event: 11.182 Executing VM operation: Cleanup
Event: 11.182 Executing VM operation: Cleanup done
Event: 18.200 Executing VM operation: Cleanup
Event: 18.200 Executing VM operation: Cleanup done
Event: 20.206 Executing VM operation: Cleanup
Event: 20.206 Executing VM operation: Cleanup done

Memory protections (12 events):
Event: 0.003 Protecting memory [0x000000016aeb4000,0x000000016aec0000] with protection modes 0
Event: 0.010 Protecting memory [0x000000016c388000,0x000000016c394000] with protection modes 0
Event: 0.010 Protecting memory [0x000000016c594000,0x000000016c5a0000] with protection modes 0
Event: 0.015 Protecting memory [0x000000016c944000,0x000000016c950000] with protection modes 0
Event: 0.015 Protecting memory [0x000000016cb50000,0x000000016cb5c000] with protection modes 0
Event: 0.015 Protecting memory [0x000000016cd5c000,0x000000016cd68000] with protection modes 0
Event: 0.015 Protecting memory [0x000000016cf68000,0x000000016cf74000] with protection modes 0
Event: 0.015 Protecting memory [0x000000016d174000,0x000000016d180000] with protection modes 0
Event: 0.015 Protecting memory [0x000000016d380000,0x000000016d38c000] with protection modes 0
Event: 0.018 Protecting memory [0x000000016d58c000,0x000000016d598000] with protection modes 0
Event: 0.020 Protecting memory [0x000000016d9a4000,0x000000016d9b0000] with protection modes 0
Event: 1.047 Protecting memory [0x000000016def8000,0x000000016df04000] with protection modes 0

Nmethod flushes (0 events):
No events

Events (12 events):
Event: 0.009 Thread 0x0000000143808e00 Thread added: 0x0000000143808e00
Event: 0.010 Thread 0x0000000143808e00 Thread added: 0x0000000153812a00
Event: 0.010 Thread 0x0000000143808e00 Thread added: 0x0000000153813000
Event: 0.015 Thread 0x0000000143808e00 Thread added: 0x0000000155021000
Event: 0.015 Thread 0x0000000143808e00 Thread added: 0x00000001550a2800
Event: 0.015 Thread 0x0000000143808e00 Thread added: 0x00000001550a2e00
Event: 0.015 Thread 0x0000000143808e00 Thread added: 0x00000001550a3400
Event: 0.015 Thread 0x0000000143808e00 Thread added: 0x00000001550a3a00
Event: 0.015 Thread 0x0000000143808e00 Thread added: 0x00000001550a4000
Event: 0.018 Thread 0x0000000143808e00 Thread added: 0x000000015400fe00
Event: 0.020 Thread 0x0000000143808e00 Thread added: 0x000000015381e600
Event: 1.047 Thread 0x0000000143808e00 Thread added: 0x0000000143b44000


Dynamic libraries:
0x0000000104788000 	/opt/homebrew/Cellar/openjdk@17/17.0.15/libexec/openjdk.jdk/Contents/Home/lib/libjli.dylib
0x000000019d5b3000 	/usr/lib/libz.1.dylib
0x000000019d669000 	/usr/lib/libSystem.B.dylib
0x000000019d663000 	/usr/lib/system/libcache.dylib
0x000000019d61e000 	/usr/lib/system/libcommonCrypto.dylib
0x000000019d649000 	/usr/lib/system/libcompiler_rt.dylib
0x000000019d63e000 	/usr/lib/system/libcopyfile.dylib
0x000000018f187000 	/usr/lib/system/libcorecrypto.dylib
0x000000018f26d000 	/usr/lib/system/libdispatch.dylib
0x000000018f42d000 	/usr/lib/system/libdyld.dylib
0x000000019d659000 	/usr/lib/system/libkeymgr.dylib
0x000000019d601000 	/usr/lib/system/libmacho.dylib
0x000000019ca34000 	/usr/lib/system/libquarantine.dylib
0x000000019d656000 	/usr/lib/system/libremovefile.dylib
0x000000019542c000 	/usr/lib/system/libsystem_asl.dylib
0x000000018f11c000 	/usr/lib/system/libsystem_blocks.dylib
0x000000018f2b7000 	/usr/lib/system/libsystem_c.dylib
0x000000019d64d000 	/usr/lib/system/libsystem_collections.dylib
0x000000019ba28000 	/usr/lib/system/libsystem_configuration.dylib
0x000000019a7c3000 	/usr/lib/system/libsystem_containermanager.dylib
0x000000019d144000 	/usr/lib/system/libsystem_coreservices.dylib
0x0000000192f2e000 	/usr/lib/system/libsystem_darwin.dylib
0x00000002784e5000 	/usr/lib/system/libsystem_darwindirectory.dylib
0x000000019d65a000 	/usr/lib/system/libsystem_dnssd.dylib
0x00000002784e9000 	/usr/lib/system/libsystem_eligibility.dylib
0x000000018f2b4000 	/usr/lib/system/libsystem_featureflags.dylib
0x000000018f465000 	/usr/lib/system/libsystem_info.dylib
0x000000019d5c2000 	/usr/lib/system/libsystem_m.dylib
0x000000018f226000 	/usr/lib/system/libsystem_malloc.dylib
0x0000000195395000 	/usr/lib/system/libsystem_networkextension.dylib
0x0000000193390000 	/usr/lib/system/libsystem_notify.dylib
0x000000019ba2d000 	/usr/lib/system/libsystem_sandbox.dylib
0x00000002784f1000 	/usr/lib/system/libsystem_sanitizers.dylib
0x000000019d652000 	/usr/lib/system/libsystem_secinit.dylib
0x000000018f3e4000 	/usr/lib/system/libsystem_kernel.dylib
0x000000018f45d000 	/usr/lib/system/libsystem_platform.dylib
0x000000018f420000 	/usr/lib/system/libsystem_pthread.dylib
0x0000000196f86000 	/usr/lib/system/libsystem_symptoms.dylib
0x000000018f16b000 	/usr/lib/system/libsystem_trace.dylib
0x000000019d62c000 	/usr/lib/system/libunwind.dylib
0x000000018f120000 	/usr/lib/system/libxpc.dylib
0x000000018f02c000 	/usr/lib/libobjc.A.dylib
0x000000018f495000 	/System/Library/Frameworks/CoreFoundation.framework/Versions/A/CoreFoundation
0x00000001a0ba6000 	/usr/lib/swift/libswiftCore.dylib
0x000000018f3c6000 	/usr/lib/libc++abi.dylib
0x00000002770bd000 	/usr/lib/libRosetta.dylib
0x000000018f339000 	/usr/lib/libc++.1.dylib
0x0000000190a85000 	/System/Library/Frameworks/Foundation.framework/Versions/C/Foundation
0x00000001a97f4000 	/usr/lib/swift/libswiftObjectiveC.dylib
0x000000019322c000 	/System/Library/PrivateFrameworks/CoreServicesInternal.framework/Versions/A/CoreServicesInternal
0x000000019d636000 	/usr/lib/liboah.dylib
0x000000019d66b000 	/usr/lib/libfakelink.dylib
0x0000000192c62000 	/usr/lib/libicucore.A.dylib
0x000000019d66e000 	/System/Library/PrivateFrameworks/SoftLinking.framework/Versions/A/SoftLinking
0x00000001a508f000 	/System/Library/Frameworks/CoreServices.framework/Versions/A/CoreServices
0x0000000192857000 	/System/Library/Frameworks/Security.framework/Versions/A/Security
0x00000001932ad000 	/System/Library/Frameworks/IOKit.framework/Versions/A/IOKit
0x00000001a8d01000 	/System/Library/PrivateFrameworks/DiskImages.framework/Versions/A/DiskImages
0x00000001b578b000 	/System/Library/Frameworks/NetFS.framework/Versions/A/NetFS
0x0000000194fca000 	/System/Library/Frameworks/CFNetwork.framework/Versions/A/CFNetwork
0x0000000198c48000 	/System/Library/Frameworks/CoreServices.framework/Versions/A/Frameworks/FSEvents.framework/Versions/A/FSEvents
0x0000000192f39000 	/System/Library/Frameworks/CoreServices.framework/Versions/A/Frameworks/CarbonCore.framework/Versions/A/CarbonCore
0x00000001980bd000 	/System/Library/Frameworks/CoreServices.framework/Versions/A/Frameworks/Metadata.framework/Versions/A/Metadata
0x000000019d14b000 	/System/Library/Frameworks/CoreServices.framework/Versions/A/Frameworks/OSServices.framework/Versions/A/OSServices
0x000000019d7b8000 	/System/Library/Frameworks/CoreServices.framework/Versions/A/Frameworks/SearchKit.framework/Versions/A/SearchKit
0x0000000196f01000 	/System/Library/Frameworks/CoreServices.framework/Versions/A/Frameworks/AE.framework/Versions/A/AE
0x000000018f9d4000 	/System/Library/Frameworks/CoreServices.framework/Versions/A/Frameworks/LaunchServices.framework/Versions/A/LaunchServices
0x000000019ebce000 	/System/Library/Frameworks/CoreServices.framework/Versions/A/Frameworks/DictionaryServices.framework/Versions/A/DictionaryServices
0x0000000198c56000 	/System/Library/Frameworks/CoreServices.framework/Versions/A/Frameworks/SharedFileList.framework/Versions/A/SharedFileList
0x00000001906e9000 	/System/Library/Frameworks/SystemConfiguration.framework/Versions/A/SystemConfiguration
0x000000019d84d000 	/usr/lib/libapple_nghttp2.dylib
0x000000019d896000 	/usr/lib/libcompression.dylib
0x0000000196b62000 	/usr/lib/libsqlite3.dylib
0x0000000198029000 	/System/Library/PrivateFrameworks/CoreAnalytics.framework/Versions/A/CoreAnalytics
0x000000019598d000 	/System/Library/Frameworks/CoreGraphics.framework/Versions/A/CoreGraphics
0x00000001a1889000 	/System/Library/Frameworks/GSS.framework/Versions/A/GSS
0x000000019fe33000 	/System/Library/PrivateFrameworks/InternationalSupport.framework/Versions/A/InternationalSupport
0x0000000196e98000 	/System/Library/PrivateFrameworks/RunningBoardServices.framework/Versions/A/RunningBoardServices
0x00000001953b0000 	/usr/lib/libenergytrace.dylib
0x0000000196f8f000 	/System/Library/Frameworks/Network.framework/Versions/A/Network
0x000000019805a000 	/usr/lib/libDiagnosticMessagesClient.dylib
0x000000019ca5b000 	/usr/lib/libbsm.0.dylib
0x000000019d605000 	/usr/lib/system/libkxld.dylib
0x0000000239559000 	/System/Library/PrivateFrameworks/AppleKeyStore.framework/Versions/A/AppleKeyStore
0x0000000276f15000 	/usr/lib/libCoreEntitlements.dylib
0x0000000254995000 	/System/Library/PrivateFrameworks/MessageSecurity.framework/Versions/A/MessageSecurity
0x0000000196b47000 	/System/Library/PrivateFrameworks/ProtocolBuffer.framework/Versions/A/ProtocolBuffer
0x00000001953b2000 	/usr/lib/libMobileGestalt.dylib
0x000000019d12b000 	/System/Library/PrivateFrameworks/AppleFSCompression.framework/Versions/A/AppleFSCompression
0x000000019ca43000 	/usr/lib/libcoretls.dylib
0x000000019ec44000 	/usr/lib/libcoretls_cfhelpers.dylib
0x000000019d890000 	/usr/lib/libpam.2.dylib
0x000000019ecb8000 	/usr/lib/libxar.1.dylib
0x0000000198c84000 	/System/Library/PrivateFrameworks/CoreAutoLayout.framework/Versions/A/CoreAutoLayout
0x0000000198148000 	/System/Library/Frameworks/DiskArbitration.framework/Versions/A/DiskArbitration
0x000000019d6c0000 	/usr/lib/libarchive.2.dylib
0x0000000198cce000 	/usr/lib/libxml2.2.dylib
0x000000019ba3b000 	/usr/lib/liblangid.dylib
0x00000001a2f8b000 	/System/Library/Frameworks/Combine.framework/Versions/A/Combine
0x000000023d9c3000 	/System/Library/PrivateFrameworks/CollectionsInternal.framework/Versions/A/CollectionsInternal
0x000000025d9bc000 	/System/Library/PrivateFrameworks/ReflectionInternal.framework/Versions/A/ReflectionInternal
0x000000025e68e000 	/System/Library/PrivateFrameworks/RuntimeInternal.framework/Versions/A/RuntimeInternal
0x00000001b884e000 	/usr/lib/swift/libswiftCoreFoundation.dylib
0x00000001b5c62000 	/usr/lib/swift/libswiftDarwin.dylib
0x00000001a6b87000 	/usr/lib/swift/libswiftDispatch.dylib
0x00000001b88a9000 	/usr/lib/swift/libswiftIOKit.dylib
0x0000000278141000 	/usr/lib/swift/libswiftSystem.dylib
0x00000001b8860000 	/usr/lib/swift/libswiftXPC.dylib
0x00000002781b0000 	/usr/lib/swift/libswift_Builtin_float.dylib
0x00000002781b3000 	/usr/lib/swift/libswift_Concurrency.dylib
0x0000000278312000 	/usr/lib/swift/libswift_StringProcessing.dylib
0x00000002783a5000 	/usr/lib/swift/libswift_errno.dylib
0x00000002783a7000 	/usr/lib/swift/libswift_math.dylib
0x00000002783aa000 	/usr/lib/swift/libswift_signal.dylib
0x00000002783ab000 	/usr/lib/swift/libswift_stdio.dylib
0x00000002783ac000 	/usr/lib/swift/libswift_time.dylib
0x00000001a97f8000 	/usr/lib/swift/libswiftos.dylib
0x00000002783ad000 	/usr/lib/swift/libswiftsys_time.dylib
0x00000002783ae000 	/usr/lib/swift/libswiftunistd.dylib
0x000000019ba36000 	/System/Library/PrivateFrameworks/AppleSystemInfo.framework/Versions/A/AppleSystemInfo
0x00000001b8739000 	/System/Library/PrivateFrameworks/LoggingSupport.framework/Versions/A/LoggingSupport
0x00000001a6048000 	/System/Library/PrivateFrameworks/PowerLog.framework/Versions/A/PowerLog
0x00000001f624a000 	/System/Library/Frameworks/SwiftData.framework/Versions/A/SwiftData
0x0000000194a41000 	/System/Library/Frameworks/UniformTypeIdentifiers.framework/Versions/A/UniformTypeIdentifiers
0x0000000198e59000 	/System/Library/PrivateFrameworks/UserManagement.framework/Versions/A/UserManagement
0x0000000194ef8000 	/usr/lib/libboringssl.dylib
0x0000000196f75000 	/usr/lib/libdns_services.dylib
0x00000001b78ed000 	/usr/lib/libquic.dylib
0x00000001a0b35000 	/usr/lib/libusrtcp.dylib
0x00000001dc23f000 	/System/Library/PrivateFrameworks/InternalSwiftProtobuf.framework/Versions/A/InternalSwiftProtobuf
0x000000027809e000 	/usr/lib/swift/libswiftDistributed.dylib
0x00000002780ca000 	/usr/lib/swift/libswiftObservation.dylib
0x0000000278137000 	/usr/lib/swift/libswiftSynchronization.dylib
0x0000000194fc9000 	/usr/lib/libnetwork.dylib
0x00000001c9465000 	/System/Library/PrivateFrameworks/OSAnalytics.framework/Versions/A/OSAnalytics
0x000000019d828000 	/System/Library/PrivateFrameworks/AppleSauce.framework/Versions/A/AppleSauce
0x00000001a731d000 	/System/Library/PrivateFrameworks/CoreSymbolication.framework/Versions/A/CoreSymbolication
0x00000001d7f0b000 	/System/Library/PrivateFrameworks/Symbolication.framework/Versions/A/Symbolication
0x00000001a72f9000 	/System/Library/PrivateFrameworks/DebugSymbols.framework/Versions/A/DebugSymbols
0x0000000276de0000 	/usr/lib/libAppleArchive.dylib
0x000000019d137000 	/usr/lib/libbz2.1.0.dylib
0x000000019ec25000 	/usr/lib/liblzma.5.dylib
0x000000019c733000 	/System/Library/PrivateFrameworks/IOMobileFramebuffer.framework/Versions/A/IOMobileFramebuffer
0x000000019a7f4000 	/System/Library/Frameworks/IOSurface.framework/Versions/A/IOSurface
0x00000001b87c2000 	/System/Library/PrivateFrameworks/MallocStackLogging.framework/Versions/A/MallocStackLogging
0x000000019ee13000 	/System/Library/PrivateFrameworks/CrashReporterSupport.framework/Versions/A/CrashReporterSupport
0x00000001904e0000 	/System/Library/PrivateFrameworks/Lexicon.framework/Versions/A/Lexicon
0x000000024cce5000 	/System/Library/PrivateFrameworks/IO80211.framework/Versions/A/IO80211
0x00000001a6e1f000 	/System/Library/PrivateFrameworks/FrontBoardServices.framework/Versions/A/FrontBoardServices
0x000000019c96b000 	/System/Library/Frameworks/SecurityFoundation.framework/Versions/A/SecurityFoundation
0x000000019cacd000 	/usr/lib/libgermantok.dylib
0x000000019bb5a000 	/System/Library/PrivateFrameworks/LinguisticData.framework/Versions/A/LinguisticData
0x0000000196db3000 	/System/Library/PrivateFrameworks/BaseBoard.framework/Versions/A/BaseBoard
0x00000001a6eec000 	/System/Library/PrivateFrameworks/BoardServices.framework/Versions/A/BoardServices
0x000000019c95c000 	/System/Library/PrivateFrameworks/AssertionServices.framework/Versions/A/AssertionServices
0x00000001a8b3c000 	/System/Library/PrivateFrameworks/BackBoardServices.framework/Versions/A/BackBoardServices
0x000000019b23e000 	/System/Library/Frameworks/ImageIO.framework/Versions/A/ImageIO
0x0000000195467000 	/System/Library/PrivateFrameworks/SkyLight.framework/Versions/A/SkyLight
0x000000019ac0e000 	/System/Library/PrivateFrameworks/FontServices.framework/libFontParser.dylib
0x00000001a533b000 	/System/Library/Frameworks/Accelerate.framework/Versions/A/Accelerate
0x0000000195444000 	/System/Library/PrivateFrameworks/TCC.framework/Versions/A/TCC
0x00000001ac6d7000 	/System/Library/PrivateFrameworks/IOSurfaceAccelerator.framework/Versions/A/IOSurfaceAccelerator
0x000000019f6fe000 	/System/Library/PrivateFrameworks/WatchdogClient.framework/Versions/A/WatchdogClient
0x0000000191a2a000 	/System/Library/Frameworks/CoreDisplay.framework/Versions/A/CoreDisplay
0x000000019aab2000 	/System/Library/Frameworks/CoreMedia.framework/Versions/A/CoreMedia
0x000000019a80d000 	/System/Library/PrivateFrameworks/IOAccelerator.framework/Versions/A/IOAccelerator
0x000000019a817000 	/System/Library/Frameworks/Metal.framework/Versions/A/Metal
0x0000000198db8000 	/System/Library/Frameworks/CoreVideo.framework/Versions/A/CoreVideo
0x000000019d88e000 	/System/Library/Frameworks/MetalPerformanceShaders.framework/Versions/A/MetalPerformanceShaders
0x000000019f700000 	/System/Library/PrivateFrameworks/MultitouchSupport.framework/Versions/A/MultitouchSupport
0x0000000198561000 	/System/Library/Frameworks/QuartzCore.framework/Versions/A/QuartzCore
0x000000025cd0d000 	/System/Library/PrivateFrameworks/ProDisplayLibrary.framework/Versions/A/ProDisplayLibrary
0x000000019f746000 	/System/Library/Frameworks/VideoToolbox.framework/Versions/A/VideoToolbox
0x00000001c53ff000 	/usr/lib/swift/libswiftMetal.dylib
0x00000001d43d5000 	/usr/lib/swift/libswiftOSLog.dylib
0x00000001ca826000 	/usr/lib/swift/libswiftQuartzCore.dylib
0x00000001cee69000 	/usr/lib/swift/libswiftUniformTypeIdentifiers.dylib
0x00000001bc0fc000 	/usr/lib/swift/libswiftsimd.dylib
0x000000019c93f000 	/System/Library/PrivateFrameworks/MobileKeyBag.framework/Versions/A/MobileKeyBag
0x000000019ba34000 	/System/Library/PrivateFrameworks/AggregateDictionary.framework/Versions/A/AggregateDictionary
0x000000019ec46000 	/System/Library/PrivateFrameworks/APFS.framework/Versions/A/APFS
0x000000019ecc7000 	/usr/lib/libutil.dylib
0x0000000267bcc000 	/System/Library/PrivateFrameworks/SwiftASN1Internal.framework/Versions/A/SwiftASN1Internal
0x0000000198151000 	/System/Library/Frameworks/Accelerate.framework/Versions/A/Frameworks/vImage.framework/Versions/A/vImage
0x00000001a506a000 	/System/Library/Frameworks/Accelerate.framework/Versions/A/Frameworks/vecLib.framework/Versions/A/vecLib
0x000000019ecff000 	/System/Library/Frameworks/Accelerate.framework/Versions/A/Frameworks/vecLib.framework/Versions/A/libvMisc.dylib
0x000000018fe4c000 	/System/Library/Frameworks/Accelerate.framework/Versions/A/Frameworks/vecLib.framework/Versions/A/libBLAS.dylib
0x00000001a924e000 	/System/Library/Frameworks/ApplicationServices.framework/Versions/A/ApplicationServices
0x00000001960bd000 	/System/Library/Frameworks/ColorSync.framework/Versions/A/ColorSync
0x0000000191f03000 	/System/Library/Frameworks/CoreText.framework/Versions/A/CoreText
0x00000001a1460000 	/System/Library/Frameworks/ApplicationServices.framework/Versions/A/Frameworks/ATS.framework/Versions/A/ATS
0x0000000196273000 	/System/Library/Frameworks/ApplicationServices.framework/Versions/A/Frameworks/HIServices.framework/Versions/A/HIServices
0x000000019fd1c000 	/System/Library/Frameworks/ApplicationServices.framework/Versions/A/Frameworks/PrintCore.framework/Versions/A/PrintCore
0x00000001a1853000 	/System/Library/Frameworks/ApplicationServices.framework/Versions/A/Frameworks/QD.framework/Versions/A/QD
0x00000001a184a000 	/System/Library/Frameworks/ApplicationServices.framework/Versions/A/Frameworks/ColorSyncLegacy.framework/Versions/A/ColorSyncLegacy
0x00000001a1432000 	/System/Library/Frameworks/ApplicationServices.framework/Versions/A/Frameworks/SpeechSynthesis.framework/Versions/A/SpeechSynthesis
0x000000019c700000 	/System/Library/PrivateFrameworks/CoreEmoji.framework/Versions/A/CoreEmoji
0x0000000243dbe000 	/System/Library/PrivateFrameworks/FontServices.framework/Versions/A/FontServices
0x000000019f24c000 	/System/Library/PrivateFrameworks/OTSVG.framework/Versions/A/OTSVG
0x0000000198935000 	/System/Library/Frameworks/ApplicationServices.framework/Versions/A/Frameworks/ATS.framework/Versions/A/Resources/libFontRegistry.dylib
0x00000002774a1000 	/usr/lib/libhvf.dylib
0x0000000258c1b000 	/System/Library/PrivateFrameworks/ParsingInternal.framework/Versions/A/ParsingInternal
0x00000002780e7000 	/usr/lib/swift/libswiftRegexBuilder.dylib
0x000000027826f000 	/usr/lib/swift/libswift_RegexParser.dylib
0x000000019f5c7000 	/System/Library/PrivateFrameworks/AppleJPEG.framework/Versions/A/AppleJPEG
0x000000019f068000 	/usr/lib/libexpat.1.dylib
0x000000019fbf2000 	/System/Library/Frameworks/ImageIO.framework/Versions/A/Resources/libPng.dylib
0x000000019fc1d000 	/System/Library/Frameworks/ImageIO.framework/Versions/A/Resources/libTIFF.dylib
0x000000019fd07000 	/System/Library/Frameworks/ImageIO.framework/Versions/A/Resources/libGIF.dylib
0x000000019f60d000 	/System/Library/Frameworks/ImageIO.framework/Versions/A/Resources/libJP2.dylib
0x000000019ed79000 	/usr/lib/libate.dylib
0x000000019fcae000 	/System/Library/Frameworks/ImageIO.framework/Versions/A/Resources/libJPEG.dylib
0x000000019fca5000 	/System/Library/Frameworks/ImageIO.framework/Versions/A/Resources/libRadiance.dylib
0x0000000248a8c000 	/System/Library/PrivateFrameworks/GPUCompiler.framework/Versions/32023/Libraries/libllvm-flatbuffers.dylib
0x0000000243e89000 	/System/Library/PrivateFrameworks/FramePacing.framework/Versions/A/FramePacing
0x00000001efd47000 	/System/Library/Frameworks/OpenGL.framework/Versions/A/Libraries/libCoreFSCache.dylib
0x00000002449fe000 	/System/Library/PrivateFrameworks/GPUCompiler.framework/Versions/32023/Libraries/libGPUCompilerUtils.dylib
0x0000000243dbf000 	/System/Library/PrivateFrameworks/FontServices.framework/libXTFontStaticRegistryData.dylib
0x000000019b5bd000 	/System/Library/Frameworks/CoreImage.framework/Versions/A/CoreImage
0x00000001aa93d000 	/System/Library/PrivateFrameworks/ASEProcessing.framework/Versions/A/ASEProcessing
0x000000025be7c000 	/System/Library/PrivateFrameworks/PhotosensitivityProcessing.framework/Versions/A/PhotosensitivityProcessing
0x00000001efd55000 	/System/Library/Frameworks/OpenGL.framework/Versions/A/OpenGL
0x000000019f240000 	/System/Library/PrivateFrameworks/GraphVisualizer.framework/Versions/A/GraphVisualizer
0x00000001efda5000 	/System/Library/Frameworks/OpenGL.framework/Versions/A/Libraries/libGLU.dylib
0x00000001efd69000 	/System/Library/Frameworks/OpenGL.framework/Versions/A/Libraries/libGFXShared.dylib
0x00000001eff31000 	/System/Library/Frameworks/OpenGL.framework/Versions/A/Libraries/libGL.dylib
0x00000001efd72000 	/System/Library/Frameworks/OpenGL.framework/Versions/A/Libraries/libGLImage.dylib
0x00000001efd66000 	/System/Library/Frameworks/OpenGL.framework/Versions/A/Libraries/libCVMSPluginSupport.dylib
0x00000001efd4f000 	/System/Library/Frameworks/OpenGL.framework/Versions/A/Libraries/libCoreVMClient.dylib
0x000000019b978000 	/System/Library/Frameworks/MetalPerformanceShaders.framework/Versions/A/Frameworks/MPSCore.framework/Versions/A/MPSCore
0x000000019d096000 	/System/Library/Frameworks/MetalPerformanceShaders.framework/Versions/A/Frameworks/MPSImage.framework/Versions/A/MPSImage
0x000000019cae5000 	/System/Library/Frameworks/MetalPerformanceShaders.framework/Versions/A/Frameworks/MPSNeuralNetwork.framework/Versions/A/MPSNeuralNetwork
0x000000019cf1c000 	/System/Library/Frameworks/MetalPerformanceShaders.framework/Versions/A/Frameworks/MPSMatrix.framework/Versions/A/MPSMatrix
0x000000019cd31000 	/System/Library/Frameworks/MetalPerformanceShaders.framework/Versions/A/Frameworks/MPSRayIntersector.framework/Versions/A/MPSRayIntersector
0x000000019cf4e000 	/System/Library/Frameworks/MetalPerformanceShaders.framework/Versions/A/Frameworks/MPSNDArray.framework/Versions/A/MPSNDArray
0x00000001f363c000 	/System/Library/Frameworks/MetalPerformanceShaders.framework/Versions/A/Frameworks/MPSFunctions.framework/Versions/A/MPSFunctions
0x00000001f361e000 	/System/Library/Frameworks/MetalPerformanceShaders.framework/Versions/A/Frameworks/MPSBenchmarkLoop.framework/Versions/A/MPSBenchmarkLoop
0x000000018fcc7000 	/System/Library/PrivateFrameworks/MetalTools.framework/Versions/A/MetalTools
0x00000001bd4a2000 	/System/Library/PrivateFrameworks/IOAccelMemoryInfo.framework/Versions/A/IOAccelMemoryInfo
0x00000001cac1b000 	/System/Library/PrivateFrameworks/kperf.framework/Versions/A/kperf
0x00000001b8829000 	/System/Library/PrivateFrameworks/GPURawCounter.framework/Versions/A/GPURawCounter
0x000000019fcd9000 	/System/Library/Frameworks/ApplicationServices.framework/Versions/A/Frameworks/ATSUI.framework/Versions/A/ATSUI
0x00000001a17de000 	/usr/lib/libcups.2.dylib
0x00000001a1878000 	/System/Library/Frameworks/Kerberos.framework/Versions/A/Kerberos
0x00000001a14de000 	/usr/lib/libresolv.9.dylib
0x000000019d6a5000 	/usr/lib/libiconv.2.dylib
0x000000019f29e000 	/System/Library/PrivateFrameworks/Heimdal.framework/Versions/A/Heimdal
0x00000001a974b000 	/System/Library/Frameworks/Kerberos.framework/Versions/A/Libraries/libHeimdalProxy.dylib
0x000000019f083000 	/usr/lib/libheimdal-asn1.dylib
0x0000000198c1b000 	/System/Library/Frameworks/OpenDirectory.framework/Versions/A/OpenDirectory
0x00000001a18db000 	/System/Library/PrivateFrameworks/CommonAuth.framework/Versions/A/CommonAuth
0x0000000198c29000 	/System/Library/Frameworks/OpenDirectory.framework/Versions/A/Frameworks/CFOpenDirectory.framework/Versions/A/CFOpenDirectory
0x000000019d600000 	/usr/lib/libcharset.1.dylib
0x00000001f02cd000 	/System/Library/Frameworks/AVFAudio.framework/Versions/A/AVFAudio
0x00000001b1f11000 	/System/Library/PrivateFrameworks/AXCoreUtilities.framework/Versions/A/AXCoreUtilities
0x00000001a1211000 	/System/Library/Frameworks/AudioToolbox.framework/Versions/A/AudioToolbox
0x0000000192122000 	/System/Library/Frameworks/CoreAudio.framework/Versions/A/CoreAudio
0x0000000250614000 	/System/Library/PrivateFrameworks/IsolatedCoreAudioClient.framework/Versions/A/IsolatedCoreAudioClient
0x00000001a1419000 	/usr/lib/libAudioStatistics.dylib
0x000000019aa8a000 	/System/Library/PrivateFrameworks/caulk.framework/Versions/A/caulk
0x0000000191b4b000 	/System/Library/PrivateFrameworks/AudioToolboxCore.framework/Versions/A/AudioToolboxCore
0x00000001aba63000 	/System/Library/Frameworks/CoreMIDI.framework/Versions/A/CoreMIDI
0x00000001a13bc000 	/System/Library/PrivateFrameworks/AudioSession.framework/Versions/A/AudioSession
0x00000001a2cf3000 	/System/Library/Frameworks/IOBluetooth.framework/Versions/A/IOBluetooth
0x000000019f16d000 	/System/Library/PrivateFrameworks/MediaExperience.framework/Versions/A/MediaExperience
0x000000026a687000 	/System/Library/PrivateFrameworks/Tightbeam.framework/Versions/A/Tightbeam
0x000000023e480000 	/System/Library/PrivateFrameworks/CoreAudioOrchestration.framework/Versions/A/CoreAudioOrchestration
0x00000001cf53b000 	/System/Library/PrivateFrameworks/AFKUser.framework/Versions/A/AFKUser
0x00000001e3564000 	/System/Library/PrivateFrameworks/FeatureFlags.framework/Versions/A/FeatureFlags
0x00000001b882d000 	/usr/lib/swift/libswiftCoreAudio.dylib
0x000000019f28d000 	/System/Library/PrivateFrameworks/AppServerSupport.framework/Versions/A/AppServerSupport
0x00000001a185c000 	/System/Library/PrivateFrameworks/perfdata.framework/Versions/A/perfdata
0x00000001b79e6000 	/System/Library/PrivateFrameworks/SystemPolicy.framework/Versions/A/SystemPolicy
0x00000001a16fd000 	/usr/lib/libSMC.dylib
0x000000019fbbc000 	/usr/lib/libAudioToolboxUtility.dylib
0x00000001a186a000 	/usr/lib/libperfcheck.dylib
0x000000023a316000 	/System/Library/PrivateFrameworks/AudioAnalytics.framework/Versions/A/AudioAnalytics
0x00000001dc006000 	/System/Library/Frameworks/OSLog.framework/Versions/A/OSLog
0x00000001b87f4000 	/usr/lib/libmis.dylib
0x00000001a11ca000 	/System/Library/PrivateFrameworks/AudioSession.framework/libSessionUtility.dylib
0x000000019fd0d000 	/System/Library/PrivateFrameworks/CMCaptureCore.framework/Versions/A/CMCaptureCore
0x000000019f297000 	/usr/lib/libspindump.dylib
0x00000001f196e000 	/System/Library/Frameworks/ExtensionFoundation.framework/Versions/A/ExtensionFoundation
0x00000001a742a000 	/System/Library/PrivateFrameworks/CoreTime.framework/Versions/A/CoreTime
0x000000019ef67000 	/System/Library/PrivateFrameworks/PlugInKit.framework/Versions/A/PlugInKit
0x00000001a5f51000 	/System/Library/Frameworks/CoreBluetooth.framework/Versions/A/CoreBluetooth
0x00000001a974c000 	/System/Library/Frameworks/AudioUnit.framework/Versions/A/AudioUnit
0x000000019c7c4000 	/System/Library/PrivateFrameworks/CoreUtils.framework/Versions/A/CoreUtils
0x0000000241424000 	/System/Library/PrivateFrameworks/CoreUtilsExtras.framework/Versions/A/CoreUtilsExtras
0x00000001a538b000 	/System/Library/Frameworks/MediaAccessibility.framework/Versions/A/MediaAccessibility
0x00000001c0e3e000 	/System/Library/PrivateFrameworks/AttributeGraph.framework/Versions/A/AttributeGraph
0x0000000276d5e000 	/usr/lib/libAXSafeCategoryBundle.dylib
0x00000001b1fcd000 	/usr/lib/libAccessibility.dylib
0x000000019c60e000 	/System/Library/Frameworks/Accelerate.framework/Versions/A/Frameworks/vecLib.framework/Versions/A/libvDSP.dylib
0x000000019d96c000 	/System/Library/Frameworks/Accelerate.framework/Versions/A/Frameworks/vecLib.framework/Versions/A/libLAPACK.dylib
0x000000019cad0000 	/System/Library/Frameworks/Accelerate.framework/Versions/A/Frameworks/vecLib.framework/Versions/A/libLinearAlgebra.dylib
0x000000019d867000 	/System/Library/Frameworks/Accelerate.framework/Versions/A/Frameworks/vecLib.framework/Versions/A/libSparseBLAS.dylib
0x000000019d967000 	/System/Library/Frameworks/Accelerate.framework/Versions/A/Frameworks/vecLib.framework/Versions/A/libQuadrature.dylib
0x000000019bb61000 	/System/Library/Frameworks/Accelerate.framework/Versions/A/Frameworks/vecLib.framework/Versions/A/libBNNS.dylib
0x00000001905ed000 	/System/Library/Frameworks/Accelerate.framework/Versions/A/Frameworks/vecLib.framework/Versions/A/libSparse.dylib
0x0000000251d85000 	/System/Library/PrivateFrameworks/MIL.framework/Versions/A/MIL
0x000000019fca0000 	/System/Library/PrivateFrameworks/GPUWrangler.framework/Versions/A/GPUWrangler
0x000000019fc80000 	/System/Library/PrivateFrameworks/IOPresentment.framework/Versions/A/IOPresentment
0x000000019fca8000 	/System/Library/PrivateFrameworks/DSExternalDisplay.framework/Versions/A/DSExternalDisplay
0x00000001dc40d000 	/System/Library/PrivateFrameworks/HIDDisplay.framework/Versions/A/HIDDisplay
0x00000001b11ec000 	/System/Library/PrivateFrameworks/HID.framework/Versions/A/HID
0x000000026dec3000 	/System/Library/PrivateFrameworks/VideoToolboxParavirtualizationSupport.framework/Versions/A/VideoToolboxParavirtualizationSupport
0x000000019f01f000 	/System/Library/PrivateFrameworks/AppleVA.framework/Versions/A/AppleVA
0x00000001a6f99000 	/System/Library/PrivateFrameworks/GraphicsServices.framework/Versions/A/GraphicsServices
0x00000001966ec000 	/System/Library/Frameworks/CoreData.framework/Versions/A/CoreData
0x00000001a1a4e000 	/System/Library/PrivateFrameworks/CorePhoneNumbers.framework/Versions/A/CorePhoneNumbers
0x00000001a6139000 	/System/Library/PrivateFrameworks/MediaKit.framework/Versions/A/MediaKit
0x00000001a6084000 	/System/Library/Frameworks/DiscRecording.framework/Versions/A/DiscRecording
0x00000001f129a000 	/System/Library/Frameworks/CoreTransferable.framework/Versions/A/CoreTransferable
0x00000001a183d000 	/System/Library/PrivateFrameworks/NetAuth.framework/Versions/A/NetAuth
0x000000019f0da000 	/System/Library/PrivateFrameworks/IconServices.framework/Versions/A/IconServices
0x0000000198e19000 	/System/Library/PrivateFrameworks/login.framework/Versions/A/Frameworks/loginsupport.framework/Versions/A/loginsupport
0x00000001b88a8000 	/usr/lib/swift/libswiftCoreImage.dylib
0x000000019f08d000 	/System/Library/PrivateFrameworks/IconFoundation.framework/Versions/A/IconFoundation
0x0000000198987000 	/System/Library/PrivateFrameworks/CoreUI.framework/Versions/A/CoreUI
0x000000019fd93000 	/System/Library/PrivateFrameworks/TextureIO.framework/Versions/A/TextureIO
0x000000019b203000 	/System/Library/PrivateFrameworks/CoreSVG.framework/Versions/A/CoreSVG
0x00000001cee78000 	/usr/lib/swift/libswiftAccelerate.dylib
0x000000019ee0a000 	/usr/lib/libIOReport.dylib
0x0000000239f26000 	/System/Library/PrivateFrameworks/AppleMobileFileIntegrity.framework/Versions/A/AppleMobileFileIntegrity
0x0000000277120000 	/usr/lib/libTLE.dylib
0x00000001ecda3000 	/System/Library/PrivateFrameworks/ConfigProfileHelper.framework/Versions/A/ConfigProfileHelper
0x000000019ca6d000 	/usr/lib/libmecab.dylib
0x000000019077d000 	/usr/lib/libCRFSuite.dylib
0x000000019ba3d000 	/System/Library/PrivateFrameworks/CoreNLP.framework/Versions/A/CoreNLP
0x000000019d820000 	/usr/lib/libThaiTokenizer.dylib
0x00000001a013b000 	/System/Library/PrivateFrameworks/DataDetectorsCore.framework/Versions/A/DataDetectorsCore
0x00000001bc1a5000 	/System/Library/PrivateFrameworks/TextInput.framework/Versions/A/TextInput
0x000000019488f000 	/System/Library/PrivateFrameworks/UIFoundation.framework/Versions/A/UIFoundation
0x000000019ca37000 	/usr/lib/libCheckFix.dylib
0x000000019805c000 	/System/Library/PrivateFrameworks/MetadataUtilities.framework/Versions/A/MetadataUtilities
0x000000024d5c7000 	/System/Library/PrivateFrameworks/InstalledContentLibrary.framework/Versions/A/InstalledContentLibrary
0x000000019326c000 	/System/Library/PrivateFrameworks/CoreServicesStore.framework/Versions/A/CoreServicesStore
0x0000000198c80000 	/usr/lib/libapp_launch_measurement.dylib
0x00000001cad25000 	/System/Library/PrivateFrameworks/MobileSystemServices.framework/Versions/A/MobileSystemServices
0x000000019eccb000 	/usr/lib/libxslt.1.dylib
0x000000019c9fa000 	/System/Library/PrivateFrameworks/BackgroundTaskManagement.framework/Versions/A/BackgroundTaskManagement
0x00000001a8ebf000 	/usr/lib/libcurl.4.dylib
0x0000000277354000 	/usr/lib/libcrypto.46.dylib
0x0000000277e7c000 	/usr/lib/libssl.48.dylib
0x00000001a8b98000 	/System/Library/Frameworks/LDAP.framework/Versions/A/LDAP
0x00000001a8bd4000 	/System/Library/PrivateFrameworks/TrustEvaluationAgent.framework/Versions/A/TrustEvaluationAgent
0x00000001a14fb000 	/usr/lib/libsasl2.2.dylib
0x00000001abc36000 	/System/Library/Frameworks/Cocoa.framework/Versions/A/Cocoa
0x00000001933fd000 	/System/Library/Frameworks/AppKit.framework/Versions/C/AppKit
0x000000023d99f000 	/System/Library/PrivateFrameworks/CollectionViewCore.framework/Versions/A/CollectionViewCore
0x00000001a4c5c000 	/System/Library/PrivateFrameworks/RemoteViewServices.framework/Versions/A/RemoteViewServices
0x000000019b1fd000 	/System/Library/PrivateFrameworks/XCTTargetBootstrap.framework/Versions/A/XCTTargetBootstrap
0x00000001a018a000 	/System/Library/PrivateFrameworks/UserActivity.framework/Versions/A/UserActivity
0x000000026c40f000 	/System/Library/PrivateFrameworks/UIIntelligenceSupport.framework/Versions/A/UIIntelligenceSupport
0x00000001f6385000 	/System/Library/Frameworks/SwiftUICore.framework/Versions/A/SwiftUICore
0x0000000271488000 	/System/Library/PrivateFrameworks/WritingTools.framework/Versions/A/WritingTools
0x00000002704d0000 	/System/Library/PrivateFrameworks/WindowManagement.framework/Versions/A/WindowManagement
0x000000019b1e8000 	/System/Library/PrivateFrameworks/DFRFoundation.framework/Versions/A/DFRFoundation
0x000000019aee1000 	/System/Library/Frameworks/Carbon.framework/Versions/A/Frameworks/HIToolbox.framework/Versions/A/HIToolbox
0x00000001a4c98000 	/System/Library/Frameworks/Carbon.framework/Versions/A/Frameworks/SpeechRecognition.framework/Versions/A/SpeechRecognition
0x00000001b054b000 	/System/Library/PrivateFrameworks/RenderBox.framework/Versions/A/RenderBox
0x0000000198c11000 	/System/Library/PrivateFrameworks/PerformanceAnalysis.framework/Versions/A/PerformanceAnalysis
0x00000001a5010000 	/System/Library/Frameworks/Accessibility.framework/Versions/A/Accessibility
0x00000001f181e000 	/System/Library/Frameworks/DataDetection.framework/Versions/A/DataDetection
0x00000001f1821000 	/System/Library/Frameworks/DeveloperToolsSupport.framework/Versions/A/DeveloperToolsSupport
0x00000001f6f48000 	/System/Library/Frameworks/Symbols.framework/Versions/A/Symbols
0x000000027809d000 	/usr/lib/swift/libswiftDataDetection.dylib
0x00000001b5c61000 	/usr/lib/swift/libswiftCoreGraphics.dylib
0x00000001a59b9000 	/usr/lib/swift/libswiftFoundation.dylib
0x00000001ec82d000 	/usr/lib/swift/libswiftSwiftOnoneSupport.dylib
0x00000001d86bf000 	/System/Library/PrivateFrameworks/CoreMaterial.framework/Versions/A/CoreMaterial
0x000000025e785000 	/System/Library/PrivateFrameworks/SFSymbols.framework/Versions/A/SFSymbols
0x00000001a4c85000 	/System/Library/PrivateFrameworks/SpeechRecognitionCore.framework/Versions/A/SpeechRecognitionCore
0x0000000109dbc000 	/opt/homebrew/Cellar/openjdk@17/17.0.15/libexec/openjdk.jdk/Contents/Home/lib/server/libjvm.dylib
0x00000001047ec000 	/opt/homebrew/Cellar/openjdk@17/17.0.15/libexec/openjdk.jdk/Contents/Home/lib/libjimage.dylib
0x0000000104888000 	/opt/homebrew/Cellar/openjdk@17/17.0.15/libexec/openjdk.jdk/Contents/Home/lib/libjava.dylib
0x0000000104f80000 	/opt/homebrew/Cellar/openjdk@17/17.0.15/libexec/openjdk.jdk/Contents/Home/lib/libnio.dylib
0x0000000104fa0000 	/opt/homebrew/Cellar/openjdk@17/17.0.15/libexec/openjdk.jdk/Contents/Home/lib/libnet.dylib
0x0000000104fc4000 	/opt/homebrew/Cellar/openjdk@17/17.0.15/libexec/openjdk.jdk/Contents/Home/lib/libzip.dylib
0x000000010984c000 	/private/var/folders/v4/f9gfs351623g0dt_748d5v0c0000gn/T/lwjgl_justinbadilla/3.3.3+5/arm64/liblwjgl.dylib
0x00000001098f4000 	/private/var/folders/v4/f9gfs351623g0dt_748d5v0c0000gn/T/lwjgl_justinbadilla/3.3.3+5/arm64/libjemalloc.dylib
0x0000000109898000 	/private/var/folders/v4/f9gfs351623g0dt_748d5v0c0000gn/T/libgdxjustinbadilla/21dede5c/libgdxarm64.dylib
0x0000000109c58000 	/private/var/folders/v4/f9gfs351623g0dt_748d5v0c0000gn/T/lwjgl_justinbadilla/3.3.3+5/arm64/libglfw.dylib
0x0000000198ae0000 	/System/Library/PrivateFrameworks/ViewBridge.framework/Versions/A/ViewBridge
0x0000000276d62000 	/usr/lib/libAccessibilityBaseImplementations.dylib
0x0000000127fec000 	/usr/lib/libobjc-trampolines.dylib
0x000000027148d000 	/System/Library/PrivateFrameworks/WritingToolsUI.framework/Versions/A/WritingToolsUI
0x0000000249be1000 	/System/Library/PrivateFrameworks/GenerativeAssistantSettings.framework/Versions/A/GenerativeAssistantSettings
0x00000002688d2000 	/System/Library/PrivateFrameworks/TextComposer.framework/Versions/A/TextComposer
0x00000001b8855000 	/usr/lib/swift/libswiftIntents.dylib
0x00000002780f9000 	/usr/lib/swift/libswiftSpatial.dylib
0x00000001f0426000 	/System/Library/Frameworks/AppIntents.framework/Versions/A/AppIntents
0x00000001bf717000 	/System/Library/Frameworks/SwiftUI.framework/Versions/A/SwiftUI
0x00000001b5d3d000 	/System/Library/Frameworks/WebKit.framework/Versions/A/WebKit
0x0000000235208000 	/System/Library/Frameworks/_AuthenticationServices_SwiftUI.framework/Versions/A/_AuthenticationServices_SwiftUI
0x0000000237de6000 	/System/Library/PrivateFrameworks/Anvil.framework/Versions/A/Anvil
0x00000001bed8c000 	/System/Library/PrivateFrameworks/AppStoreDaemon.framework/Versions/A/AppStoreDaemon
0x00000001abc7e000 	/System/Library/PrivateFrameworks/AppleMediaServices.framework/Versions/A/AppleMediaServices
0x00000001bb814000 	/System/Library/PrivateFrameworks/AppleMediaServicesUI.framework/Versions/A/AppleMediaServicesUI
0x0000000249bbb000 	/System/Library/PrivateFrameworks/GenerativeAssistantCommon.framework/Versions/A/GenerativeAssistantCommon
0x00000001ebe48000 	/System/Library/PrivateFrameworks/JetEngine.framework/Versions/A/JetEngine
0x00000002516eb000 	/System/Library/PrivateFrameworks/LinkMetadata.framework/Versions/A/LinkMetadata
0x00000001b90d7000 	/System/Library/PrivateFrameworks/OnBoardingKit.framework/Versions/A/OnBoardingKit
0x000000025f5e9000 	/System/Library/PrivateFrameworks/Settings.framework/Versions/A/Settings
0x000000019d470000 	/System/Library/Frameworks/CoreSpotlight.framework/Versions/A/CoreSpotlight
0x000000025192c000 	/System/Library/PrivateFrameworks/LinkServices.framework/Versions/A/LinkServices
0x00000002420ab000 	/System/Library/PrivateFrameworks/DoNotDisturb.framework/Versions/A/DoNotDisturb
0x00000001bd5b2000 	/System/Library/PrivateFrameworks/IntentsCore.framework/Versions/A/IntentsCore
0x000000023a703000 	/System/Library/PrivateFrameworks/AvailabilityKit.framework/Versions/A/AvailabilityKit
0x0000000238034000 	/System/Library/PrivateFrameworks/AppIntentSchemas.framework/Versions/A/AppIntentSchemas
0x00000002673ef000 	/System/Library/PrivateFrameworks/StatusKit.framework/Versions/A/StatusKit
0x000000025d937000 	/System/Library/PrivateFrameworks/RecapPerformanceTesting.framework/Versions/A/RecapPerformanceTesting
0x00000001b90c7000 	/System/Library/PrivateFrameworks/SignpostCollection.framework/Versions/A/SignpostCollection
0x000000027711f000 	/usr/lib/libSpatial.dylib
0x00000001ab674000 	/System/Library/Frameworks/WebKit.framework/Versions/A/Frameworks/WebKitLegacy.framework/Versions/A/WebKitLegacy
0x00000001b7409000 	/System/Library/Frameworks/Carbon.framework/Versions/A/Carbon
0x00000001a95ac000 	/System/Library/PrivateFrameworks/CorePrediction.framework/Versions/A/CorePrediction
0x0000000199ad2000 	/System/Library/Frameworks/WebKit.framework/Versions/A/Frameworks/WebCore.framework/Versions/A/Frameworks/libwebrtc.dylib
0x00000001b5cc9000 	/System/Library/PrivateFrameworks/SafariSafeBrowsing.framework/Versions/A/SafariSafeBrowsing
0x00000001a1584000 	/System/Library/Frameworks/SecurityInterface.framework/Versions/A/SecurityInterface
0x00000001b90d6000 	/System/Library/PrivateFrameworks/WebInspectorUI.framework/Versions/A/WebInspectorUI
0x00000001ae10d000 	/System/Library/Frameworks/JavaScriptCore.framework/Versions/A/JavaScriptCore
0x00000001b1ffe000 	/System/Library/Frameworks/WebKit.framework/Versions/A/Frameworks/WebCore.framework/Versions/A/WebCore
0x00000001ae106000 	/System/Library/Frameworks/Carbon.framework/Versions/A/Frameworks/CommonPanels.framework/Versions/A/CommonPanels
0x00000001a8eaa000 	/System/Library/Frameworks/Carbon.framework/Versions/A/Frameworks/Help.framework/Versions/A/Help
0x00000001ae10a000 	/System/Library/Frameworks/Carbon.framework/Versions/A/Frameworks/ImageCapture.framework/Versions/A/ImageCapture
0x00000001ae0e6000 	/System/Library/Frameworks/Carbon.framework/Versions/A/Frameworks/OpenScripting.framework/Versions/A/OpenScripting
0x00000001ae105000 	/System/Library/Frameworks/Carbon.framework/Versions/A/Frameworks/Ink.framework/Versions/A/Ink
0x00000001ae102000 	/System/Library/Frameworks/Carbon.framework/Versions/A/Frameworks/SecurityHI.framework/Versions/A/SecurityHI
0x00000001f0dff000 	/System/Library/Frameworks/BrowserEngineCore.framework/Versions/A/BrowserEngineCore
0x0000000234d69000 	/System/Library/Frameworks/WebKit.framework/Versions/A/Frameworks/WebCore.framework/Versions/A/Frameworks/libANGLE-shared.dylib
0x0000000270089000 	/System/Library/PrivateFrameworks/WebGPU.framework/Versions/A/WebGPU
0x00000001baea6000 	/System/Library/Frameworks/SceneKit.framework/Versions/A/SceneKit
0x00000001cb54b000 	/System/Library/Frameworks/ModelIO.framework/Versions/A/ModelIO
0x00000001a2ebe000 	/System/Library/Frameworks/MetalKit.framework/Versions/A/MetalKit
0x00000001a4f9c000 	/System/Library/Frameworks/GLKit.framework/Versions/A/GLKit
0x0000000278632000 	/usr/lib/usd/libusd_ms.dylib
0x000000026c6d9000 	/System/Library/PrivateFrameworks/USDLib_FormatLoaderProxy.framework/Versions/A/USDLib_FormatLoaderProxy
0x00000001b82df000 	/System/Library/PrivateFrameworks/CoreOptimization.framework/Versions/A/CoreOptimization
0x000000023a5d6000 	/System/Library/PrivateFrameworks/AuthenticationServicesCore.framework/Versions/A/AuthenticationServicesCore
0x00000001c202b000 	/System/Library/Frameworks/AuthenticationServices.framework/Versions/A/AuthenticationServices
0x000000019ef43000 	/System/Library/PrivateFrameworks/SharedWebCredentials.framework/Versions/A/SharedWebCredentials
0x00000001b9f12000 	/System/Library/PrivateFrameworks/SafariCore.framework/Versions/A/SafariCore
0x00000001c1b85000 	/System/Library/PrivateFrameworks/SafariFoundation.framework/Versions/A/SafariFoundation
0x000000023b755000 	/System/Library/PrivateFrameworks/CBORLibrary.framework/Versions/A/CBORLibrary
0x000000023c4fa000 	/System/Library/PrivateFrameworks/Chirp.framework/Versions/A/Chirp
0x00000001ed0d8000 	/System/Library/PrivateFrameworks/RemoteManagement.framework/Versions/A/RemoteManagement
0x000000025dc8a000 	/System/Library/PrivateFrameworks/RemoteManagementModel.framework/Versions/A/RemoteManagementModel
0x000000025dd17000 	/System/Library/PrivateFrameworks/RemoteManagementStore.framework/Versions/A/RemoteManagementStore
0x00000001a2edc000 	/usr/lib/libxcselect.dylib
0x00000001c1af4000 	/System/Library/PrivateFrameworks/DifferentialPrivacy.framework/Versions/A/DifferentialPrivacy
0x00000001a5c6a000 	/System/Library/Frameworks/Contacts.framework/Versions/A/Contacts
0x000000026cefc000 	/System/Library/PrivateFrameworks/VDAF.framework/Versions/A/VDAF
0x00000001a5a87000 	/System/Library/PrivateFrameworks/ContactsPersistence.framework/Versions/A/ContactsPersistence
0x00000001a4c9f000 	/System/Library/PrivateFrameworks/AppleLDAP.framework/Versions/A/AppleLDAP
0x00000001a9253000 	/System/Library/Frameworks/ClassKit.framework/Versions/A/ClassKit
0x00000001ab3a0000 	/System/Library/PrivateFrameworks/CoreSuggestions.framework/Versions/A/CoreSuggestions
0x00000001a59ba000 	/System/Library/PrivateFrameworks/ContactsFoundation.framework/Versions/A/ContactsFoundation
0x00000001a6f5b000 	/System/Library/PrivateFrameworks/vCard.framework/Versions/A/vCard
0x000000023dcbd000 	/System/Library/PrivateFrameworks/ContactsMetrics.framework/Versions/A/ContactsMetrics
0x000000019f35f000 	/System/Library/PrivateFrameworks/login.framework/Versions/A/login
0x0000000253a6f000 	/System/Library/PrivateFrameworks/ManagedOrganizationContacts.framework/Versions/A/ManagedOrganizationContacts
0x000000019923e000 	/System/Library/PrivateFrameworks/CloudDocs.framework/Versions/A/CloudDocs
0x00000001aa98f000 	/System/Library/PrivateFrameworks/ConfigurationProfiles.framework/Versions/A/ConfigurationProfiles
0x0000000241634000 	/System/Library/PrivateFrameworks/DMCUtilities.framework/Versions/A/DMCUtilities
0x0000000251d02000 	/System/Library/PrivateFrameworks/MDMClientLibrary.framework/Versions/A/MDMClientLibrary
0x000000025dd0b000 	/System/Library/PrivateFrameworks/RemoteManagementProtocol.framework/Versions/A/RemoteManagementProtocol
0x0000000276f2b000 	/usr/lib/libEndpointSecuritySystem.dylib
0x00000001a53c5000 	/System/Library/PrivateFrameworks/SystemAdministration.framework/Versions/A/SystemAdministration
0x00000001afb44000 	/System/Library/PrivateFrameworks/PowerlogControl.framework/Versions/A/PowerlogControl
0x000000019ca29000 	/System/Library/Frameworks/ServiceManagement.framework/Versions/A/ServiceManagement
0x00000001afb46000 	/usr/lib/libUniversalAccess.dylib
0x00000001ac6e2000 	/System/Library/PrivateFrameworks/FamilyControls.framework/Versions/A/FamilyControls
0x00000001a4c50000 	/System/Library/Frameworks/DirectoryService.framework/Versions/A/DirectoryService
0x00000001a8f41000 	/System/Library/PrivateFrameworks/LoginUIKit.framework/Versions/A/Frameworks/LoginUICore.framework/Versions/A/LoginUICore
0x000000019f54f000 	/usr/lib/libodfde.dylib
0x00000001ac6dc000 	/System/Library/PrivateFrameworks/UniversalAccess.framework/Versions/A/Libraries/libUAPreferences.dylib
0x00000001ac706000 	/System/Library/PrivateFrameworks/CommerceKit.framework/Versions/A/Frameworks/CommerceCore.framework/Versions/A/CommerceCore
0x00000002415e2000 	/System/Library/PrivateFrameworks/DEPClientLibrary.framework/Versions/A/DEPClientLibrary
0x0000000241602000 	/System/Library/PrivateFrameworks/DMCEnrollmentLibrary.framework/Versions/A/DMCEnrollmentLibrary
0x00000001afc2a000 	/System/Library/PrivateFrameworks/SetupAssistantFramework.framework/Versions/A/SetupAssistantFramework
0x00000001a9606000 	/System/Library/PrivateFrameworks/AuthKitUI.framework/Versions/A/AuthKitUI
0x00000001a8f8b000 	/System/Library/PrivateFrameworks/AppSSO.framework/Versions/A/AppSSO
0x00000001beaf2000 	/System/Library/PrivateFrameworks/LocalAuthenticationUI.framework/Versions/A/LocalAuthenticationUI
0x000000025bee1000 	/System/Library/PrivateFrameworks/PlatformSSO.framework/Versions/A/PlatformSSO
0x00000001bf4df000 	/System/Library/PrivateFrameworks/AOSUI.framework/Versions/A/AOSUI
0x00000001b16bb000 	/System/Library/Frameworks/ContactsUI.framework/Versions/A/ContactsUI
0x00000001a5ea1000 	/System/Library/PrivateFrameworks/FamilyCircle.framework/Versions/A/FamilyCircle
0x00000001ccbf7000 	/System/Library/Frameworks/LinkPresentation.framework/Versions/A/LinkPresentation
0x000000025bfad000 	/System/Library/PrivateFrameworks/PlatformSSOCore.framework/Versions/A/PlatformSSOCore
0x00000001b13cd000 	/System/Library/PrivateFrameworks/IASUtilities.framework/Versions/A/IASUtilities
0x000000024cc15000 	/System/Library/PrivateFrameworks/IASUtilitiesCore.framework/Versions/A/IASUtilitiesCore
0x0000000251beb000 	/System/Library/PrivateFrameworks/LocalAuthenticationCoreUI.framework/Versions/A/LocalAuthenticationCoreUI
0x00000001b8574000 	/System/Library/Frameworks/LocalAuthentication.framework/Support/DaemonUtils.framework/Versions/A/DaemonUtils
0x00000001bb7db000 	/System/Library/PrivateFrameworks/BridgeXPC.framework/Versions/A/BridgeXPC
0x000000019f383000 	/System/Library/PrivateFrameworks/CoreBrightness.framework/Versions/A/CoreBrightness
0x00000001b91af000 	/System/Library/PrivateFrameworks/CoreKDL.framework/Versions/A/CoreKDL
0x00000001b79df000 	/System/Library/PrivateFrameworks/EmbeddedOSSupportHost.framework/Versions/A/EmbeddedOSSupportHost
0x00000002680fb000 	/System/Library/PrivateFrameworks/SystemStatus.framework/Versions/A/SystemStatus
0x00000001c6c47000 	/System/Library/PrivateFrameworks/StorageKit.framework/Versions/A/StorageKit
0x00000001ee752000 	/System/Library/Frameworks/DeviceCheck.framework/Versions/A/DeviceCheck
0x00000001f1a74000 	/System/Library/Frameworks/FSKit.framework/Versions/A/FSKit
0x0000000241dd1000 	/System/Library/PrivateFrameworks/DiskImages2.framework/Versions/A/DiskImages2
0x0000000251a7c000 	/System/Library/PrivateFrameworks/LiveFS.framework/Versions/A/LiveFS
0x00000002747cd000 	/System/Library/PrivateFrameworks/icloudMCCKit.framework/Versions/A/icloudMCCKit
0x0000000238d2d000 	/System/Library/PrivateFrameworks/AppleAccountUI.framework/Versions/A/AppleAccountUI
0x000000023d031000 	/System/Library/PrivateFrameworks/CloudSubscriptionFeatures.framework/Versions/A/CloudSubscriptionFeatures
0x00000001d868b000 	/System/Library/PrivateFrameworks/PreferencePanesSupport.framework/Versions/A/PreferencePanesSupport
0x00000001bf68f000 	/System/Library/PrivateFrameworks/FindMyDeviceUI.framework/Versions/A/FindMyDeviceUI
0x0000000272406000 	/System/Library/PrivateFrameworks/iCloudQuotaUI.framework/Versions/A/iCloudQuotaUI
0x00000001d883e000 	/System/Library/PrivateFrameworks/CoreCDPUI.framework/Versions/A/CoreCDPUI
0x00000001b9c79000 	/System/Library/PrivateFrameworks/CoreFollowUpUI.framework/Versions/A/CoreFollowUpUI
0x00000001a15bd000 	/System/Library/PrivateFrameworks/CoreFollowUp.framework/Versions/A/CoreFollowUp
0x00000001c59c6000 	/System/Library/PrivateFrameworks/IMCore.framework/Versions/A/IMCore
0x00000001afbac000 	/System/Library/PrivateFrameworks/CoreCDP.framework/Versions/A/CoreCDP
0x00000001abc70000 	/System/Library/PrivateFrameworks/AskPermission.framework/Versions/A/AskPermission
0x00000001bd52d000 	/System/Library/Frameworks/Quartz.framework/Versions/A/Quartz
0x00000001c9581000 	/System/Library/PrivateFrameworks/CloudPhotoServicesConfiguration.framework/Versions/A/CloudPhotoServicesConfiguration
0x00000001bbf46000 	/System/Library/PrivateFrameworks/CommerceKit.framework/Versions/A/CommerceKit
0x00000001caeb7000 	/System/Library/PrivateFrameworks/FindMyMac.framework/Versions/A/FindMyMac
0x00000001cad8e000 	/System/Library/Frameworks/PreferencePanes.framework/Versions/A/PreferencePanes
0x00000001bebea000 	/System/Library/Frameworks/AddressBook.framework/Versions/A/AddressBook
0x00000001aac58000 	/System/Library/PrivateFrameworks/AOSAccounts.framework/Versions/A/AOSAccounts
0x00000001a53bf000 	/System/Library/PrivateFrameworks/AppleSRP.framework/Versions/A/AppleSRP
0x00000001b848e000 	/System/Library/Frameworks/SafariServices.framework/Versions/A/SafariServices
0x00000001a9754000 	/System/Library/PrivateFrameworks/NetFSServer.framework/Versions/A/NetFSServer
0x00000001bad7f000 	/System/Library/Frameworks/PDFKit.framework/Versions/A/PDFKit
0x00000001cbdad000 	/System/Library/PrivateFrameworks/EmailFoundation.framework/Versions/A/EmailFoundation
0x00000001cadeb000 	/System/Library/PrivateFrameworks/EmailCore.framework/Versions/A/EmailCore
0x00000001cebd8000 	/System/Library/PrivateFrameworks/EmailAddressing.framework/Versions/A/EmailAddressing
0x00000001cebe4000 	/System/Library/PrivateFrameworks/Email.framework/Versions/A/Email
0x00000001f6f5f000 	/System/Library/Frameworks/TabularData.framework/Versions/A/TabularData
0x00000002780d9000 	/usr/lib/swift/libswiftPassKit.dylib
0x000000023a845000 	/System/Library/PrivateFrameworks/BackgroundSystemTasks.framework/Versions/A/BackgroundSystemTasks
0x0000000251c7a000 	/System/Library/PrivateFrameworks/LockdownMode.framework/Versions/A/LockdownMode
0x00000001a5e9b000 	/System/Library/PrivateFrameworks/CommunicationsFilter.framework/Versions/A/CommunicationsFilter
0x00000001dc349000 	/System/Library/Frameworks/PassKit.framework/Versions/A/PassKit
0x00000001ad204000 	/System/Library/PrivateFrameworks/PassKitCore.framework/Versions/A/PassKitCore
0x000000025949e000 	/System/Library/PrivateFrameworks/PassKitMacHelperTemp.framework/Versions/A/PassKitMacHelperTemp
0x0000000238071000 	/System/Library/PrivateFrameworks/AppIntentsServices.framework/Versions/A/AppIntentsServices
0x00000001aa852000 	/System/Library/PrivateFrameworks/CoreRecents.framework/Versions/A/CoreRecents
0x00000001b85c1000 	/System/Library/PrivateFrameworks/BiometricKit.framework/Versions/A/BiometricKit
0x000000025e6c6000 	/System/Library/PrivateFrameworks/SEService.framework/Versions/A/SEService
0x00000001ab46c000 	/System/Library/Frameworks/EventKit.framework/Versions/A/EventKit
0x00000001bd5d2000 	/System/Library/PrivateFrameworks/NearField.framework/Versions/A/NearField
0x00000001bf307000 	/System/Library/PrivateFrameworks/FTClientServices.framework/Versions/A/FTClientServices
0x00000001d80a9000 	/System/Library/PrivateFrameworks/DiagnosticRequest.framework/Versions/A/DiagnosticRequest
0x00000002770d9000 	/usr/lib/libSESShared.dylib
0x000000025e867000 	/System/Library/PrivateFrameworks/STSXPCHelperClient.framework/Versions/A/STSXPCHelperClient
0x0000000267ece000 	/System/Library/PrivateFrameworks/Symptoms.framework/Versions/A/Frameworks/SymptomPresentationFeed.framework/Versions/A/SymptomPresentationFeed
0x00000002395df000 	/System/Library/PrivateFrameworks/AppleMediaServicesKitInternal.framework/Versions/A/AppleMediaServicesKitInternal
0x0000000267c49000 	/System/Library/PrivateFrameworks/SymptomShared.framework/Versions/A/SymptomShared
0x000000023c08b000 	/System/Library/PrivateFrameworks/CalendarDatabase.framework/Versions/A/CalendarDatabase
0x000000023bfdf000 	/System/Library/PrivateFrameworks/CalendarDaemon.framework/Versions/A/CalendarDaemon
0x00000001aa8a7000 	/System/Library/PrivateFrameworks/CalendarFoundation.framework/Versions/A/CalendarFoundation
0x00000001aa863000 	/System/Library/PrivateFrameworks/iCalendar.framework/Versions/A/iCalendar
0x0000000241869000 	/System/Library/PrivateFrameworks/DataAccessExpress.framework/Versions/A/DataAccessExpress
0x00000001b125f000 	/System/Library/PrivateFrameworks/CoreDAV.framework/Versions/A/CoreDAV
0x00000001ab341000 	/System/Library/PrivateFrameworks/CalDAV.framework/Versions/A/CalDAV
0x00000001b5a26000 	/System/Library/PrivateFrameworks/TelephonyUtilities.framework/Versions/A/TelephonyUtilities
0x00000001b9d44000 	/System/Library/Frameworks/CallKit.framework/Versions/A/CallKit
0x00000001e1986000 	/System/Library/PrivateFrameworks/IMTransferServices.framework/Versions/A/IMTransferServices
0x00000001b82f9000 	/System/Library/PrivateFrameworks/IncomingCallFilter.framework/Versions/A/IncomingCallFilter
0x0000000256db7000 	/System/Library/PrivateFrameworks/NeighborhoodActivityConduit.framework/Versions/A/NeighborhoodActivityConduit
0x0000000276f01000 	/usr/lib/libBASupport.dylib
0x00000001c5771000 	/System/Library/PrivateFrameworks/SpotlightReceiver.framework/Versions/A/SpotlightReceiver
0x00000001befa8000 	/usr/lib/libnfshared.dylib
0x00000001deb6f000 	/System/Library/PrivateFrameworks/PassKitUIFoundation.framework/Versions/A/PassKitUIFoundation
0x00000001a4cb1000 	/System/Library/Frameworks/MapKit.framework/Versions/A/MapKit
0x00000001f1a38000 	/System/Library/Frameworks/ExtensionKit.framework/Versions/A/ExtensionKit
0x000000024a041000 	/System/Library/PrivateFrameworks/GeoAnalytics.framework/Versions/A/GeoAnalytics
0x00000001b9304000 	/System/Library/PrivateFrameworks/SearchFoundation.framework/Versions/A/SearchFoundation
0x00000001befde000 	/System/Library/PrivateFrameworks/Navigation.framework/Versions/A/Navigation
0x00000001c80a1000 	/System/Library/PrivateFrameworks/VectorKit.framework/Versions/A/VectorKit
0x00000001b1495000 	/System/Library/PrivateFrameworks/VirtualGarage.framework/Versions/A/VirtualGarage
0x00000001bf157000 	/System/Library/Frameworks/ExternalAccessory.framework/ExternalAccessory
0x00000001bf171000 	/System/Library/PrivateFrameworks/IAP.framework/Versions/A/IAP
0x00000001a4f64000 	/System/Library/PrivateFrameworks/IOPlatformPluginFamily.framework/Versions/A/IOPlatformPluginFamily
0x000000023a706000 	/System/Library/PrivateFrameworks/AvatarKit.framework/Versions/A/AvatarKit
0x000000023a7be000 	/System/Library/PrivateFrameworks/AvatarPersistence.framework/Versions/A/AvatarPersistence
0x000000025dd80000 	/System/Library/PrivateFrameworks/RemoteUI.framework/Versions/A/RemoteUI
0x00000001a5068000 	/usr/lib/libCTGreenTeaLogger.dylib
0x000000023470b000 	/System/Library/Frameworks/TipKit.framework/Versions/A/TipKit
0x00000001da303000 	/System/Library/PrivateFrameworks/AppleCVA.framework/Versions/A/AppleCVA
0x000000023a7bd000 	/System/Library/PrivateFrameworks/AvatarKitContent.framework/Versions/A/AvatarKitContent
0x00000001a5090000 	/System/Library/PrivateFrameworks/CoreAppleCVA.framework/Versions/A/CoreAppleCVA
0x0000000250aba000 	/System/Library/PrivateFrameworks/LiftUI.framework/Versions/A/LiftUI
0x000000023cfa0000 	/System/Library/PrivateFrameworks/CloudSettings.framework/Versions/A/CloudSettings
0x00000001b7f24000 	/System/Library/PrivateFrameworks/CoreRoutine.framework/Versions/A/CoreRoutine
0x00000001c679d000 	/System/Library/PrivateFrameworks/Categories.framework/Versions/A/Categories
0x000000023d42f000 	/System/Library/PrivateFrameworks/Coherence.framework/Versions/A/Coherence
0x00000001b5921000 	/System/Library/PrivateFrameworks/CoreParsec.framework/Versions/A/CoreParsec
0x0000000259b2c000 	/System/Library/PrivateFrameworks/PegasusAPI.framework/Versions/A/PegasusAPI
0x000000025a7f9000 	/System/Library/PrivateFrameworks/PegasusConfiguration.framework/Versions/A/PegasusConfiguration
0x0000000251c51000 	/System/Library/PrivateFrameworks/LocalStatusKit.framework/Versions/A/LocalStatusKit
0x00000001b9ef8000 	/System/Library/PrivateFrameworks/ContextKit.framework/Versions/A/ContextKit
0x000000023ddea000 	/System/Library/PrivateFrameworks/ContextKitCore.framework/Versions/A/ContextKitCore
0x00000001bf30b000 	/System/Library/PrivateFrameworks/CharacterPicker.framework/Versions/A/CharacterPicker
0x00000001b8400000 	/System/Library/PrivateFrameworks/ContactsDonation.framework/Versions/A/ContactsDonation
0x00000001b15b7000 	/System/Library/PrivateFrameworks/ContactsUICore.framework/Versions/A/ContactsUICore
0x00000001b7d07000 	/System/Library/PrivateFrameworks/DataDetectors.framework/Versions/A/DataDetectors
0x00000001ab32d000 	/System/Library/Frameworks/MediaLibrary.framework/Versions/A/MediaLibrary
0x00000001a5e8a000 	/System/Library/PrivateFrameworks/PersonaKit.framework/Versions/A/PersonaKit
0x00000001b15a5000 	/System/Library/PrivateFrameworks/PersonaUI.framework/Versions/A/PersonaUI
0x000000024d4d5000 	/System/Library/PrivateFrameworks/InputToolKitUI.framework/Versions/A/InputToolKitUI
0x000000024d4c0000 	/System/Library/PrivateFrameworks/InputToolKit.framework/Versions/A/InputToolKit
0x0000000267528000 	/System/Library/PrivateFrameworks/Stickers.framework/Versions/A/Stickers
0x000000024d42e000 	/System/Library/PrivateFrameworks/InputAnalytics.framework/Versions/A/InputAnalytics
0x00000001c0e81000 	/System/Library/PrivateFrameworks/EmojiFoundation.framework/Versions/A/EmojiFoundation
0x00000002433ca000 	/System/Library/PrivateFrameworks/FeedbackService.framework/Versions/A/FeedbackService
0x00000001a5b06000 	/System/Library/PrivateFrameworks/AddressBookCore.framework/Versions/A/AddressBookCore
0x00000001b9bf9000 	/System/Library/PrivateFrameworks/IntlPreferences.framework/Versions/A/IntlPreferences
0x00000001bed6d000 	/System/Library/PrivateFrameworks/ToneKit.framework/Versions/A/ToneKit
0x00000001b9c3f000 	/System/Library/PrivateFrameworks/ToneLibrary.framework/Versions/A/ToneLibrary
0x000000023dc83000 	/System/Library/PrivateFrameworks/ContactsAccounts.framework/Versions/A/ContactsAccounts
0x00000001ca7ad000 	/System/Library/PrivateFrameworks/Transparency.framework/Versions/A/Transparency
0x00000001bd44a000 	/System/Library/PrivateFrameworks/Lookup.framework/Versions/A/Lookup
0x00000001f535f000 	/System/Library/Frameworks/QuickLookUI.framework/Versions/A/QuickLookUI
0x00000001f5d3d000 	/System/Library/Frameworks/ScreenCaptureKit.framework/Versions/A/ScreenCaptureKit
0x00000001ba893000 	/System/Library/Frameworks/Quartz.framework/Versions/A/Frameworks/QuartzComposer.framework/Versions/A/QuartzComposer
0x00000001b9bd0000 	/System/Library/Frameworks/Quartz.framework/Versions/A/Frameworks/QuartzFilters.framework/Versions/A/QuartzFilters
0x00000001b8cb7000 	/System/Library/Frameworks/Quartz.framework/Versions/A/Frameworks/ImageKit.framework/Versions/A/ImageKit
0x00000001f00c1000 	/System/Library/Frameworks/OpenCL.framework/Versions/A/OpenCL
0x00000001b7408000 	/System/Library/PrivateFrameworks/CorePDF.framework/Versions/A/CorePDF
0x00000001a2e55000 	/System/Library/Frameworks/QuickLook.framework/Versions/A/QuickLook
0x00000001ad109000 	/System/Library/PrivateFrameworks/DisplayServices.framework/Versions/A/DisplayServices
0x00000001b9b40000 	/System/Library/Frameworks/ImageCaptureCore.framework/Versions/A/ImageCaptureCore
0x000000026e9b0000 	/System/Library/PrivateFrameworks/VisionKitCore.framework/Versions/A/VisionKitCore
0x00000001b58f1000 	/System/Library/PrivateFrameworks/QuickLookSupport.framework/Versions/A/QuickLookSupport
0x00000002542d8000 	/System/Library/PrivateFrameworks/MediaAnalysisServices.framework/Versions/A/MediaAnalysisServices
0x00000001bc43c000 	/System/Library/PrivateFrameworks/PhotoLibraryServices.framework/Versions/A/PhotoLibraryServices
0x00000001b9789000 	/System/Library/Frameworks/Photos.framework/Versions/A/Photos
0x00000001ccfd8000 	/System/Library/PrivateFrameworks/PhotosFormats.framework/Versions/A/PhotosFormats
0x00000001c95b3000 	/System/Library/PrivateFrameworks/CloudPhotoLibrary.framework/Versions/A/CloudPhotoLibrary
0x00000001d25a5000 	/System/Library/PrivateFrameworks/CloudPhotoServices.framework/Versions/A/CloudPhotoServices
0x00000001ced4c000 	/System/Library/PrivateFrameworks/CoreMediaStream.framework/Versions/A/CoreMediaStream
0x00000001a64b6000 	/System/Library/PrivateFrameworks/CPAnalytics.framework/Versions/A/CPAnalytics
0x00000001cb450000 	/System/Library/PrivateFrameworks/MediaConversionService.framework/Versions/A/MediaConversionService
0x00000001acd77000 	/System/Library/PrivateFrameworks/PhotoFoundation.framework/Versions/A/PhotoFoundation
0x000000025ad90000 	/System/Library/PrivateFrameworks/PhotoLibraryServicesCore.framework/Versions/A/PhotoLibraryServicesCore
0x00000001c5123000 	/System/Library/PrivateFrameworks/MMCS.framework/Versions/A/MMCS
0x00000001ab196000 	/System/Library/PrivateFrameworks/ChunkingLibrary.framework/Versions/A/ChunkingLibrary
0x00000001a536a000 	/System/Library/PrivateFrameworks/AssetCacheServices.framework/Versions/A/AssetCacheServices
0x00000001a7092000 	/System/Library/PrivateFrameworks/AVFoundationCF.framework/Versions/A/AVFoundationCF
0x00000001e1883000 	/usr/lib/swift/libswiftDemangle.dylib
0x00000001b7f84000 	/System/Library/PrivateFrameworks/MediaStream.framework/Versions/A/MediaStream
0x00000001cb96a000 	/System/Library/PrivateFrameworks/NeutrinoCore.framework/Versions/A/NeutrinoCore
0x00000001965f2000 	/System/Library/PrivateFrameworks/NLP.framework/Versions/A/NLP
0x00000001d1356000 	/System/Library/PrivateFrameworks/PhotoImaging.framework/Versions/A/PhotoImaging
0x00000001d2566000 	/System/Library/PrivateFrameworks/PhotosImagingFoundation.framework/Versions/A/PhotosImagingFoundation
0x000000025b869000 	/System/Library/PrivateFrameworks/PhotosIntelligenceCore.framework/Versions/A/PhotosIntelligenceCore
0x00000001a7528000 	/System/Library/PrivateFrameworks/EmbeddedAcousticRecognition.framework/Versions/A/EmbeddedAcousticRecognition
0x00000001c9819000 	/System/Library/PrivateFrameworks/SDAPI.framework/Versions/A/SDAPI
0x00000001d25b3000 	/System/Library/PrivateFrameworks/AutoLoop.framework/Versions/A/AutoLoop
0x000000025c2d1000 	/System/Library/PrivateFrameworks/Portrait.framework/Versions/A/Portrait
0x0000000238dd6000 	/System/Library/PrivateFrameworks/AppleDepth.framework/Versions/A/AppleDepth
0x0000000243f53000 	/System/Library/PrivateFrameworks/FusionTracker.framework/Versions/A/FusionTracker
0x0000000238ec4000 	/System/Library/PrivateFrameworks/AppleDepthCore.framework/Versions/A/AppleDepthCore
0x00000001ba353000 	/System/Library/PrivateFrameworks/iTunesCloud.framework/Versions/A/iTunesCloud
0x00000001c2be9000 	/System/Library/PrivateFrameworks/DAAPKit.framework/Versions/A/DAAPKit
0x000000027815d000 	/usr/lib/swift/libswiftVideoToolbox.dylib
0x00000001b5c02000 	/System/Library/PrivateFrameworks/DeviceManagement.framework/Versions/A/DeviceManagement
0x00000001d8008000 	/System/Library/PrivateFrameworks/ScreenTimeUI.framework/Versions/A/ScreenTimeUI
0x00000001b7d01000 	/System/Library/PrivateFrameworks/QuickLookNonBaseSystem.framework/Versions/A/QuickLookNonBaseSystem
0x00000001b84cf000 	/System/Library/PrivateFrameworks/Catalyst.framework/Versions/A/Catalyst
0x0000000253a75000 	/System/Library/PrivateFrameworks/ManagedSettingsObjC.framework/Versions/A/ManagedSettingsObjC
0x00000001b9de6000 	/System/Library/PrivateFrameworks/ScreenTimeCore.framework/Versions/A/ScreenTimeCore
0x00000001cc53b000 	/System/Library/PrivateFrameworks/ScreenTimeServiceUI.framework/Versions/A/ScreenTimeServiceUI
0x00000001c52ae000 	/System/Library/PrivateFrameworks/ConfigurationEngineModel.framework/Versions/A/ConfigurationEngineModel
0x00000001c805d000 	/System/Library/PrivateFrameworks/UsageTracking.framework/Versions/A/UsageTracking
0x00000001f183a000 	/System/Library/Frameworks/DeviceActivity.framework/Versions/A/DeviceActivity
0x00000001c802d000 	/System/Library/PrivateFrameworks/KnowledgeMonitor.framework/Versions/A/KnowledgeMonitor
0x00000001deb14000 	/System/Library/PrivateFrameworks/BluetoothManager.framework/Versions/A/BluetoothManager
0x00000001f2992000 	/System/Library/Frameworks/ManagedSettings.framework/Versions/A/ManagedSettings
0x0000000253aae000 	/System/Library/PrivateFrameworks/ManagedSettingsSupport.framework/Versions/A/ManagedSettingsSupport
0x00000001dc419000 	/System/Library/Frameworks/ReplayKit.framework/Versions/A/ReplayKit
0x00000001ae0a2000 	/System/Library/PrivateFrameworks/MarkupUI.framework/Versions/A/MarkupUI
0x00000001b7cd9000 	/System/Library/PrivateFrameworks/SidecarCore.framework/Versions/A/SidecarCore
0x00000001ba754000 	/System/Library/PrivateFrameworks/AnnotationKit.framework/Versions/A/AnnotationKit
0x000000023486b000 	/System/Library/Frameworks/Translation.framework/Versions/A/Translation
0x00000001d3f52000 	/System/Library/PrivateFrameworks/RevealCore.framework/Versions/A/RevealCore
0x00000001d3f46000 	/System/Library/PrivateFrameworks/Reveal.framework/Versions/A/Reveal
0x000000026b7bb000 	/System/Library/PrivateFrameworks/TranslationUIServices.framework/Versions/A/TranslationUIServices
0x00000001b8efd000 	/System/Library/Frameworks/PencilKit.framework/Versions/A/PencilKit
0x00000001b90b2000 	/System/Library/PrivateFrameworks/SidecarUI.framework/Versions/A/SidecarUI
0x00000001b88aa000 	/System/Library/PrivateFrameworks/CoreHandwriting.framework/Versions/A/CoreHandwriting
0x00000001907b2000 	/usr/lib/libmecabra.dylib
0x00000001b1a2d000 	/System/Library/PrivateFrameworks/Calculate.framework/Versions/A/Calculate
0x000000019ecf7000 	/usr/lib/libChineseTokenizer.dylib
0x00000001ed001000 	/System/Library/PrivateFrameworks/ScreenReaderCore.framework/Versions/A/ScreenReaderCore
0x00000002678ff000 	/System/Library/PrivateFrameworks/StocksKit.framework/Versions/A/StocksKit
0x00000001b0ba7000 	/System/Library/PrivateFrameworks/OAuth.framework/Versions/A/OAuth
0x00000002675ac000 	/System/Library/PrivateFrameworks/StocksCore.framework/Versions/A/StocksCore
0x0000000268609000 	/System/Library/PrivateFrameworks/TeaFoundation.framework/Versions/A/TeaFoundation
0x00000002687f2000 	/System/Library/PrivateFrameworks/TeaSettings.framework/Versions/A/TeaSettings
0x00000001e2c4e000 	/System/Library/PrivateFrameworks/NewsCore.framework/Versions/A/NewsCore
0x00000002685a6000 	/System/Library/PrivateFrameworks/TeaDB.framework/Versions/A/TeaDB
0x00000001df8f9000 	/System/Library/PrivateFrameworks/RemoteConfiguration.framework/Versions/A/RemoteConfiguration
0x00000001e2888000 	/System/Library/PrivateFrameworks/NewsTransport.framework/Versions/A/NewsTransport
0x00000001e2c3e000 	/System/Library/PrivateFrameworks/NewsFoundation.framework/Versions/A/NewsFoundation
0x00000002572fd000 	/System/Library/PrivateFrameworks/NewsURLBucket.framework/Versions/A/NewsURLBucket
0x00000001bc170000 	/System/Library/PrivateFrameworks/MobileInstallation.framework/Versions/A/MobileInstallation
0x000000026a804000 	/System/Library/PrivateFrameworks/TipKitCore.framework/Versions/A/TipKitCore
0x00000001c0f04000 	/System/Library/PrivateFrameworks/CoreCDPInternal.framework/Versions/A/CoreCDPInternal
0x00000001b0af9000 	/System/Library/PrivateFrameworks/AccountsDaemon.framework/Versions/A/AccountsDaemon
0x000000025d9c5000 	/System/Library/PrivateFrameworks/RegulatoryDomain.framework/Versions/A/RegulatoryDomain
0x00000001d883b000 	/System/Library/PrivateFrameworks/MachineSettings.framework/Versions/A/MachineSettings
0x00000001cad11000 	/System/Library/PrivateFrameworks/BezelServices.framework/Versions/A/BezelServices
0x00000001c2c72000 	/System/Library/PrivateFrameworks/SPOwner.framework/Versions/A/SPOwner
0x00000001bbfab000 	/System/Library/PrivateFrameworks/FMCore.framework/Versions/A/FMCore
0x0000000272363000 	/System/Library/PrivateFrameworks/iCloudQuota.framework/Versions/A/iCloudQuota
0x00000001b152a000 	/System/Library/PrivateFrameworks/CoreRecognition.framework/Versions/A/CoreRecognition
0x00000001cadc6000 	/System/Library/PrivateFrameworks/InAppMessages.framework/Versions/A/InAppMessages
0x00000001ebd4f000 	/System/Library/PrivateFrameworks/JetUI.framework/Versions/A/JetUI
0x0000000250816000 	/System/Library/PrivateFrameworks/JetPack.framework/Versions/A/JetPack
0x00000001cadbd000 	/System/Library/PrivateFrameworks/InAppMessagesCore.framework/Versions/A/InAppMessagesCore
0x0000000271a5d000 	/System/Library/PrivateFrameworks/_JetEngine_SwiftUI.framework/Versions/A/_JetEngine_SwiftUI
0x0000000267ef6000 	/System/Library/PrivateFrameworks/Synapse.framework/Versions/A/Synapse
0x000000023be7b000 	/System/Library/PrivateFrameworks/CSExattrCrypto.framework/Versions/A/CSExattrCrypto
0x00000001acd88000 	/System/Library/PrivateFrameworks/IMSharedUtilities.framework/Versions/A/IMSharedUtilities
0x00000001c6057000 	/System/Library/Frameworks/InstantMessage.framework/Versions/A/InstantMessage
0x00000001beaeb000 	/System/Library/PrivateFrameworks/IDSKVStore.framework/Versions/A/IDSKVStore
0x00000001be92b000 	/System/Library/PrivateFrameworks/IMDPersistence.framework/Versions/A/IMDPersistence
0x0000000278079000 	/usr/lib/swift/libswiftAppleArchive.dylib
0x000000026ceee000 	/System/Library/PrivateFrameworks/UserSafety.framework/Versions/A/UserSafety
0x00000001ddd6c000 	/System/Library/PrivateFrameworks/BlastDoor.framework/Versions/A/BlastDoor
0x00000001f5dc1000 	/System/Library/Frameworks/SensitiveContentAnalysis.framework/Versions/A/SensitiveContentAnalysis
0x00000002518fc000 	/System/Library/PrivateFrameworks/LinkPresentationStyleSheetParsing.framework/Versions/A/LinkPresentationStyleSheetParsing
0x00000001b8358000 	/System/Library/PrivateFrameworks/CoreSDB.framework/Versions/A/CoreSDB
0x000000023a15c000 	/System/Library/PrivateFrameworks/AskToCore.framework/Versions/A/AskToCore
0x00000001bd137000 	/System/Library/PrivateFrameworks/StoreFoundation.framework/Versions/A/StoreFoundation
0x00000001bbfa5000 	/System/Library/PrivateFrameworks/ServerInformation.framework/Versions/A/ServerInformation
0x00000001bba19000 	/System/Library/PrivateFrameworks/Install.framework/Frameworks/DistributionKit.framework/Versions/A/DistributionKit
0x00000001b56bf000 	/System/Library/PrivateFrameworks/PackageKit.framework/Versions/A/PackageKit
0x00000001bba3b000 	/System/Library/PrivateFrameworks/OSPersonalization.framework/Versions/A/OSPersonalization
0x00000001bd6a3000 	/System/Library/PrivateFrameworks/BridgeOSSoftwareUpdate.framework/Versions/A/BridgeOSSoftwareUpdate
0x00000001b87d2000 	/System/Library/PrivateFrameworks/StorageManagement.framework/Versions/A/StorageManagement
0x00000001cc0c5000 	/usr/lib/libauthinstall.dylib
0x00000001bd6ac000 	/System/Library/PrivateFrameworks/InstallerDiagnostics.framework/Versions/A/InstallerDiagnostics
0x00000001cc6f7000 	/usr/lib/libcrypto.42.dylib
0x00000001bd691000 	/System/Library/PrivateFrameworks/GPUInfo.framework/Versions/A/GPUInfo
0x00000001caebd000 	/System/Library/PrivateFrameworks/MobileActivationMacOS.framework/Versions/A/MobileActivationMacOS
0x00000001a645d000 	/System/Library/PrivateFrameworks/GenerationalStorage.framework/Versions/A/GenerationalStorage
0x00000001a19c1000 	/System/Library/PrivateFrameworks/CacheDelete.framework/Versions/A/CacheDelete
0x00000001a9886000 	/System/Library/Frameworks/QuickLookThumbnailing.framework/Versions/A/QuickLookThumbnailing
0x00000001a628f000 	/System/Library/Frameworks/FileProvider.framework/Versions/A/FileProvider
0x0000000194a57000 	/System/Library/PrivateFrameworks/DesktopServicesPriv.framework/Versions/A/DesktopServicesPriv
0x0000000196d17000 	/System/Library/Frameworks/Accounts.framework/Versions/A/Accounts
0x00000001bd6f0000 	/System/Library/PrivateFrameworks/AOSKit.framework/Versions/A/AOSKit
0x000000019ee27000 	/System/Library/PrivateFrameworks/AppSSOCore.framework/Versions/A/AppSSOCore
0x00000001a8f47000 	/System/Library/PrivateFrameworks/AppSupport.framework/Versions/A/AppSupport
0x00000001b77e1000 	/System/Library/Frameworks/AVFoundation.framework/Versions/A/AVFoundation
0x00000001a97a9000 	/System/Library/PrivateFrameworks/DuetActivityScheduler.framework/Versions/A/DuetActivityScheduler
0x00000001b82ff000 	/System/Library/PrivateFrameworks/FTServices.framework/Versions/A/FTServices
0x00000001c94ec000 	/System/Library/PrivateFrameworks/NetworkServiceProxy.framework/Versions/A/NetworkServiceProxy
0x00000001a976f000 	/System/Library/PrivateFrameworks/StreamingZip.framework/Versions/A/StreamingZip
0x00000001a8874000 	/System/Library/PrivateFrameworks/CoreWiFi.framework/Versions/A/CoreWiFi
0x00000001a18ec000 	/System/Library/PrivateFrameworks/MobileAsset.framework/Versions/A/MobileAsset
0x00000001a7435000 	/System/Library/PrivateFrameworks/Rapport.framework/Versions/A/Rapport
0x0000000267c59000 	/System/Library/PrivateFrameworks/Symptoms.framework/Versions/A/Frameworks/SymptomAnalytics.framework/Versions/A/SymptomAnalytics
0x00000001a4fd6000 	/usr/lib/libnetworkextension.dylib
0x0000000277960000 	/usr/lib/libmrc.dylib
0x000000024cd42000 	/System/Library/PrivateFrameworks/IPConfiguration.framework/Versions/A/IPConfiguration
0x00000001d8683000 	/System/Library/PrivateFrameworks/Netrb.framework/Versions/A/Netrb
0x00000001e35ec000 	/System/Library/PrivateFrameworks/WiFiPeerToPeer.framework/Versions/A/WiFiPeerToPeer
0x00000001bf28b000 	/System/Library/PrivateFrameworks/SoftwareUpdateCoreSupport.framework/Versions/A/SoftwareUpdateCoreSupport
0x00000001c6c18000 	/System/Library/PrivateFrameworks/SoftwareUpdateCoreConnect.framework/Versions/A/SoftwareUpdateCoreConnect
0x00000001a8dff000 	/System/Library/PrivateFrameworks/RemoteServiceDiscovery.framework/Versions/A/RemoteServiceDiscovery
0x00000001bef11000 	/System/Library/PrivateFrameworks/MSUDataAccessor.framework/Versions/A/MSUDataAccessor
0x00000001ba70f000 	/usr/lib/libbootpolicy.dylib
0x00000001a8e15000 	/System/Library/PrivateFrameworks/RemoteXPC.framework/Versions/A/RemoteXPC
0x00000001c6067000 	/usr/lib/libFDR.dylib
0x00000001cc198000 	/usr/lib/libamsupport.dylib
0x00000002770b5000 	/usr/lib/libReverseProxyDevice.dylib
0x0000000238f44000 	/System/Library/PrivateFrameworks/AppleDeviceQuerySupport.framework/Versions/A/AppleDeviceQuerySupport
0x00000001cf070000 	/usr/lib/libpartition2_dynamic.dylib
0x000000019d422000 	/System/Library/Frameworks/UserNotifications.framework/Versions/A/UserNotifications
0x00000001de92a000 	/System/Library/Frameworks/CryptoKit.framework/Versions/A/CryptoKit
0x00000001a9747000 	/System/Library/PrivateFrameworks/CryptoKitCBridging.framework/Versions/A/CryptoKitCBridging
0x00000001a6fab000 	/System/Library/Frameworks/CryptoTokenKit.framework/Versions/A/CryptoTokenKit
0x00000001d2bbd000 	/usr/lib/swift/libswiftCryptoTokenKit.dylib
0x00000001a700f000 	/System/Library/Frameworks/LocalAuthentication.framework/Versions/A/LocalAuthentication
0x0000000251ad1000 	/System/Library/PrivateFrameworks/LocalAuthenticationCore.framework/Versions/A/LocalAuthenticationCore
0x00000001a7065000 	/System/Library/Frameworks/LocalAuthentication.framework/Support/SharedUtils.framework/Versions/A/SharedUtils
0x00000001a1a58000 	/usr/lib/libTelephonyUtilDynamic.dylib
0x00000001a6038000 	/System/Library/PrivateFrameworks/SymptomDiagnosticReporter.framework/Versions/A/SymptomDiagnosticReporter
0x0000000241520000 	/System/Library/PrivateFrameworks/CryptoKitPrivate.framework/Versions/A/CryptoKitPrivate
0x0000000198e1c000 	/System/Library/PrivateFrameworks/ApplePushService.framework/Versions/A/ApplePushService
0x00000001b7a0c000 	/System/Library/PrivateFrameworks/FindMyDevice.framework/Versions/A/FindMyDevice
0x0000000196d9c000 	/System/Library/PrivateFrameworks/CommonUtilities.framework/Versions/A/CommonUtilities
0x00000001cdb0e000 	/System/Library/PrivateFrameworks/DeviceIdentity.framework/Versions/A/DeviceIdentity
0x000000019f551000 	/System/Library/PrivateFrameworks/Bom.framework/Versions/A/Bom
0x00000001a151c000 	/usr/lib/libParallelCompression.dylib
0x00000001a150e000 	/System/Library/PrivateFrameworks/MultiverseSupport.framework/Versions/A/MultiverseSupport
0x00000001ad1e4000 	/System/Library/PrivateFrameworks/FMCoreLite.framework/Versions/A/FMCoreLite
0x000000019d17e000 	/System/Library/PrivateFrameworks/AuthKit.framework/Versions/A/AuthKit
0x00000001a616b000 	/System/Library/PrivateFrameworks/DiskManagement.framework/Versions/A/DiskManagement
0x00000001a6077000 	/System/Library/PrivateFrameworks/AppleIDAuthSupport.framework/Versions/A/AppleIDAuthSupport
0x0000000235baa000 	/System/Library/PrivateFrameworks/AAAFoundation.framework/Versions/A/AAAFoundation
0x00000001a1a0d000 	/System/Library/PrivateFrameworks/KeychainCircle.framework/Versions/A/KeychainCircle
0x00000001b1f07000 	/System/Library/PrivateFrameworks/URLFormatting.framework/Versions/A/URLFormatting
0x00000001a8eb3000 	/usr/lib/libcsfde.dylib
0x000000019efb1000 	/usr/lib/libCoreStorage.dylib
0x00000001a2dca000 	/System/Library/PrivateFrameworks/ProtectedCloudStorage.framework/Versions/A/ProtectedCloudStorage
0x00000001a8eae000 	/System/Library/PrivateFrameworks/EFILogin.framework/Versions/A/EFILogin
0x00000001b11b0000 	/System/Library/PrivateFrameworks/CloudServices.framework/Versions/A/CloudServices
0x00000001a6484000 	/System/Library/PrivateFrameworks/OctagonTrust.framework/Versions/A/OctagonTrust
0x00000001a6b9e000 	/System/Library/PrivateFrameworks/AVFCore.framework/Versions/A/AVFCore
0x00000001afc3a000 	/System/Library/PrivateFrameworks/AVFCapture.framework/Versions/A/AVFCapture
0x00000001a01f8000 	/System/Library/Frameworks/MediaToolbox.framework/Versions/A/MediaToolbox
0x00000001a6260000 	/System/Library/PrivateFrameworks/CoreAVCHD.framework/Versions/A/CoreAVCHD
0x00000001a625c000 	/System/Library/PrivateFrameworks/Mangrove.framework/Versions/A/Mangrove
0x000000023bd6b000 	/System/Library/PrivateFrameworks/CMPhoto.framework/Versions/A/CMPhoto
0x00000001a69bb000 	/System/Library/Frameworks/CoreTelephony.framework/Versions/A/CoreTelephony
0x00000001a624f000 	/System/Library/PrivateFrameworks/CoreAUC.framework/Versions/A/CoreAUC
0x0000000239385000 	/System/Library/PrivateFrameworks/AppleJPEGXL.framework/Versions/A/AppleJPEGXL
0x000000023bb97000 	/System/Library/PrivateFrameworks/CMImaging.framework/Versions/A/CMImaging
0x00000001afe52000 	/System/Library/PrivateFrameworks/Quagga.framework/Versions/A/Quagga
0x00000001aff85000 	/System/Library/PrivateFrameworks/CMCapture.framework/Versions/A/CMCapture
0x00000001a15f0000 	/System/Library/Frameworks/CoreMediaIO.framework/Versions/A/CoreMediaIO
0x00000001a98d2000 	/System/Library/PrivateFrameworks/Espresso.framework/Versions/A/Espresso
0x00000001ed3bd000 	/System/Library/PrivateFrameworks/ANECompiler.framework/Versions/A/ANECompiler
0x00000001ab8da000 	/System/Library/PrivateFrameworks/AppleNeuralEngine.framework/Versions/A/AppleNeuralEngine
0x00000001f3651000 	/System/Library/Frameworks/MetalPerformanceShadersGraph.framework/Versions/A/MetalPerformanceShadersGraph
0x00000002525c4000 	/System/Library/PrivateFrameworks/MLCompilerServices.framework/Versions/A/MLCompilerServices
0x00000001aa794000 	/System/Library/PrivateFrameworks/ANEServices.framework/Versions/A/ANEServices
0x00000001bd465000 	/usr/lib/libncurses.5.4.dylib
0x00000001933a2000 	/usr/lib/libsandbox.1.dylib
0x000000019efa9000 	/usr/lib/libMatch.1.dylib
0x0000000252568000 	/System/Library/PrivateFrameworks/MLCompilerRuntime.framework/Versions/A/MLCompilerRuntime
0x000000023bacd000 	/System/Library/PrivateFrameworks/CMCaptureDevice.framework/Versions/A/CMCaptureDevice
0x000000023c8bc000 	/System/Library/PrivateFrameworks/CinematicFraming.framework/Versions/A/CinematicFraming
0x00000001b740a000 	/System/Library/Frameworks/CoreMotion.framework/Versions/A/CoreMotion
0x00000001c6110000 	/System/Library/PrivateFrameworks/TimeSync.framework/Versions/A/TimeSync
0x0000000241fb6000 	/System/Library/PrivateFrameworks/DistributedSensing.framework/Versions/A/DistributedSensing
0x00000001c1fe9000 	/System/Library/PrivateFrameworks/MobileBluetooth.framework/Versions/A/MobileBluetooth
0x00000001a118f000 	/System/Library/PrivateFrameworks/LocationSupport.framework/Versions/A/LocationSupport
0x00000001c7c66000 	/System/Library/PrivateFrameworks/IOKitten.framework/Versions/A/IOKitten
0x0000000194cc2000 	/System/Library/PrivateFrameworks/CoreDuet.framework/Versions/A/CoreDuet
0x00000001a81cd000 	/System/Library/PrivateFrameworks/CoreDuetContext.framework/Versions/A/CoreDuetContext
0x00000001c2b92000 	/System/Library/PrivateFrameworks/BiomeFoundation.framework/Versions/A/BiomeFoundation
0x000000023a909000 	/System/Library/PrivateFrameworks/BiomeLibrary.framework/Versions/A/BiomeLibrary
0x00000001c618e000 	/System/Library/PrivateFrameworks/BiomeStreams.framework/Versions/A/BiomeStreams
0x00000001cc542000 	/System/Library/PrivateFrameworks/BiomePubSub.framework/Versions/A/BiomePubSub
0x0000000198e84000 	/System/Library/Frameworks/CloudKit.framework/Versions/A/CloudKit
0x00000001a8223000 	/System/Library/Frameworks/Intents.framework/Versions/A/Intents
0x00000001aa93c000 	/System/Library/PrivateFrameworks/CoreDuetDaemonProtocol.framework/Versions/A/CoreDuetDaemonProtocol
0x00000001aa7c2000 	/System/Library/PrivateFrameworks/ProactiveSupport.framework/Versions/A/ProactiveSupport
0x000000025c238000 	/System/Library/PrivateFrameworks/PoirotSchematizer.framework/Versions/A/PoirotSchematizer
0x000000023afa3000 	/System/Library/PrivateFrameworks/BiomeSync.framework/Versions/A/BiomeSync
0x000000023a8ea000 	/System/Library/PrivateFrameworks/BiomeFlexibleStorage.framework/Versions/A/BiomeFlexibleStorage
0x000000023a8ce000 	/System/Library/PrivateFrameworks/BiomeDSL.framework/Versions/A/BiomeDSL
0x00000001cc59f000 	/System/Library/PrivateFrameworks/BiomeStorage.framework/Versions/A/BiomeStorage
0x000000025c2a5000 	/System/Library/PrivateFrameworks/PoirotUDFs.framework/Versions/A/PoirotUDFs
0x000000025c207000 	/System/Library/PrivateFrameworks/PoirotSQLite.framework/Versions/A/PoirotSQLite
0x00000001a924f000 	/System/Library/PrivateFrameworks/InternationalTextSearch.framework/Versions/A/InternationalTextSearch
0x00000002500f6000 	/System/Library/PrivateFrameworks/IntelligencePlatformLibrary.framework/Versions/A/IntelligencePlatformLibrary
0x000000023c481000 	/System/Library/PrivateFrameworks/CascadeSets.framework/Versions/A/CascadeSets
0x00000001a24aa000 	/System/Library/PrivateFrameworks/IDS.framework/Versions/A/IDS
0x00000001a1115000 	/System/Library/PrivateFrameworks/IMFoundation.framework/Versions/A/IMFoundation
0x00000001b14df000 	/System/Library/PrivateFrameworks/Marco.framework/Versions/A/Marco
0x00000001a2677000 	/System/Library/PrivateFrameworks/IDSFoundation.framework/Versions/A/IDSFoundation
0x00000001ae0ce000 	/System/Library/PrivateFrameworks/Engram.framework/Versions/A/Engram
0x00000001ae06e000 	/usr/lib/libtidy.A.dylib
0x00000001c5c79000 	/System/Library/PrivateFrameworks/FTAWD.framework/Versions/A/FTAWD
0x00000001f5e81000 	/System/Library/Frameworks/SharedWithYouCore.framework/Versions/A/SharedWithYouCore
0x00000001a931a000 	/System/Library/PrivateFrameworks/AppleAccount.framework/Versions/A/AppleAccount
0x00000001a982c000 	/System/Library/PrivateFrameworks/C2.framework/Versions/A/C2
0x000000019a674000 	/System/Library/Frameworks/CoreLocation.framework/Versions/A/CoreLocation
0x000000023cc69000 	/System/Library/PrivateFrameworks/CloudAssets.framework/Versions/A/CloudAssets
0x00000001a9823000 	/System/Library/Frameworks/PushKit.framework/Versions/A/PushKit
0x00000001d4665000 	/usr/lib/swift/libswiftAVFoundation.dylib
0x00000001be8d2000 	/usr/lib/swift/libswiftCoreLocation.dylib
0x00000001be8e8000 	/usr/lib/swift/libswiftCoreMIDI.dylib
0x00000001d2bbf000 	/usr/lib/swift/libswiftCoreMedia.dylib
0x00000001a290b000 	/System/Library/PrivateFrameworks/Sharing.framework/Versions/A/Sharing
0x00000001a8873000 	/System/Library/PrivateFrameworks/Apple80211.framework/Versions/A/Apple80211
0x000000019c744000 	/System/Library/Frameworks/CoreWLAN.framework/Versions/A/CoreWLAN
0x00000001acada000 	/System/Library/PrivateFrameworks/AssistantServices.framework/Versions/A/AssistantServices
0x00000001a7238000 	/System/Library/PrivateFrameworks/SAObjects.framework/Versions/A/SAObjects
0x00000001ac713000 	/System/Library/PrivateFrameworks/MediaRemote.framework/Versions/A/MediaRemote
0x00000001bdb46000 	/System/Library/PrivateFrameworks/SiriInstrumentation.framework/Versions/A/SiriInstrumentation
0x000000025faa1000 	/System/Library/PrivateFrameworks/SiriAnalytics.framework/Versions/A/SiriAnalytics
0x000000026562c000 	/System/Library/PrivateFrameworks/SiriTTSService.framework/Versions/A/SiriTTSService
0x0000000260459000 	/System/Library/PrivateFrameworks/SiriCrossDeviceArbitration.framework/Versions/A/SiriCrossDeviceArbitration
0x00000001bb7e6000 	/System/Library/PrivateFrameworks/FeedbackLogger.framework/Versions/A/FeedbackLogger
0x00000002604ad000 	/System/Library/PrivateFrameworks/SiriCrossDeviceArbitrationFeedback.framework/Versions/A/SiriCrossDeviceArbitrationFeedback
0x0000000249f0a000 	/System/Library/PrivateFrameworks/GenerativeModels.framework/Versions/A/GenerativeModels
0x00000001b134b000 	/System/Library/PrivateFrameworks/MediaServices.framework/Versions/A/MediaServices
0x000000019f214000 	/System/Library/PrivateFrameworks/PersistentConnection.framework/Versions/A/PersistentConnection
0x00000001a30a3000 	/System/Library/PrivateFrameworks/GeoServices.framework/Versions/A/GeoServices
0x000000024a132000 	/System/Library/PrivateFrameworks/GeoServicesCore.framework/Versions/A/GeoServicesCore
0x00000001b1f05000 	/System/Library/PrivateFrameworks/PhoneNumbers.framework/Versions/A/PhoneNumbers
0x0000000241a28000 	/System/Library/PrivateFrameworks/Dendrite.framework/Versions/A/Dendrite
0x000000023a282000 	/System/Library/PrivateFrameworks/AtomicsInternal.framework/Versions/A/AtomicsInternal
0x00000001bf6e2000 	/usr/lib/libtailspin.dylib
0x00000001d26bb000 	/System/Library/PrivateFrameworks/Osprey.framework/Versions/A/Osprey
0x0000000264cac000 	/System/Library/PrivateFrameworks/SiriTTS.framework/Versions/A/SiriTTS
0x00000001b841c000 	/System/Library/Frameworks/NaturalLanguage.framework/Versions/A/NaturalLanguage
0x00000002639ef000 	/System/Library/PrivateFrameworks/SiriPowerInstrumentation.framework/Versions/A/SiriPowerInstrumentation
0x00000001b923e000 	/System/Library/PrivateFrameworks/Trial.framework/Versions/A/Trial
0x00000001b91c0000 	/System/Library/PrivateFrameworks/TrialProto.framework/Versions/A/TrialProto
0x000000026c765000 	/System/Library/PrivateFrameworks/UnifiedAssetFramework.framework/Versions/A/UnifiedAssetFramework
0x00000001e3570000 	/usr/lib/swift/libswiftNaturalLanguage.dylib
0x00000002685a4000 	/System/Library/PrivateFrameworks/TailspinSymbolication.framework/Versions/A/TailspinSymbolication
0x0000000241737000 	/System/Library/PrivateFrameworks/Darwinup.framework/Versions/A/Darwinup
0x00000001cb4bd000 	/System/Library/PrivateFrameworks/SignpostSupport.framework/Versions/A/SignpostSupport
0x00000001b82e5000 	/System/Library/PrivateFrameworks/FeatureFlagsSupport.framework/Versions/A/FeatureFlagsSupport
0x00000001cac21000 	/System/Library/PrivateFrameworks/ktrace.framework/Versions/A/ktrace
0x00000001cb73d000 	/System/Library/PrivateFrameworks/SampleAnalysis.framework/Versions/A/SampleAnalysis
0x00000001d3f2e000 	/System/Library/PrivateFrameworks/kperfdata.framework/Versions/A/kperfdata
0x00000001a2f84000 	/usr/lib/libdscsym.dylib
0x00000001d43c3000 	/System/Library/PrivateFrameworks/BulkSymbolication.framework/Versions/A/BulkSymbolication
0x000000019931e000 	/System/Library/Frameworks/CoreML.framework/Versions/A/CoreML
0x00000001e184d000 	/usr/lib/libedit.3.dylib
0x000000019cd86000 	/System/Library/Frameworks/MLCompute.framework/Versions/A/MLCompute
0x0000000252417000 	/System/Library/PrivateFrameworks/MLAssetIO.framework/Versions/A/MLAssetIO
0x00000002780bb000 	/usr/lib/swift/libswiftMLCompute.dylib
0x000000019186f000 	/System/Library/PrivateFrameworks/LanguageModeling.framework/Versions/A/LanguageModeling
0x00000001963de000 	/System/Library/PrivateFrameworks/Montreal.framework/Versions/A/Montreal
0x000000019d6ad000 	/usr/lib/libcmph.dylib
0x0000000249fcd000 	/System/Library/PrivateFrameworks/GenerativeModelsFoundation.framework/Versions/A/GenerativeModelsFoundation
0x000000026ab2f000 	/System/Library/PrivateFrameworks/TokenGeneration.framework/Versions/A/TokenGeneration
0x0000000249da1000 	/System/Library/PrivateFrameworks/GenerativeFunctions.framework/Versions/A/GenerativeFunctions
0x0000000249df2000 	/System/Library/PrivateFrameworks/GenerativeFunctionsFoundation.framework/Versions/A/GenerativeFunctionsFoundation
0x0000000255368000 	/System/Library/PrivateFrameworks/ModelCatalog.framework/Versions/A/ModelCatalog
0x000000025f3a1000 	/System/Library/PrivateFrameworks/SensitiveContentAnalysisML.framework/Versions/A/SensitiveContentAnalysisML
0x0000000249ea1000 	/System/Library/PrivateFrameworks/GenerativeFunctionsInstrumentation.framework/Versions/A/GenerativeFunctionsInstrumentation
0x000000025d2c6000 	/System/Library/PrivateFrameworks/PromptKit.framework/Versions/A/PromptKit
0x000000025cdf2000 	/System/Library/PrivateFrameworks/ProactiveDaemonSupport.framework/Versions/A/ProactiveDaemonSupport
0x000000026ace6000 	/System/Library/PrivateFrameworks/TokenGenerationCore.framework/Versions/A/TokenGenerationCore
0x000000026dddb000 	/System/Library/PrivateFrameworks/VectorSearch.framework/Versions/A/VectorSearch
0x0000000255626000 	/System/Library/PrivateFrameworks/ModelManagerServices.framework/Versions/A/ModelManagerServices
0x0000000238fa6000 	/System/Library/PrivateFrameworks/AppleFlatBuffers.framework/Versions/A/AppleFlatBuffers
0x00000001b18f4000 	/System/Library/PrivateFrameworks/ProactiveEventTracker.framework/Versions/A/ProactiveEventTracker
0x0000000235bc6000 	/System/Library/PrivateFrameworks/AAAFoundationSwift.framework/Versions/A/AAAFoundationSwift
0x00000001a956f000 	/System/Library/PrivateFrameworks/AppleIDSSOAuthentication.framework/Versions/A/AppleIDSSOAuthentication
0x00000001c5407000 	/usr/lib/swift/libswiftCompression.dylib
0x000000025f52c000 	/System/Library/PrivateFrameworks/SentencePieceInternal.framework/Versions/A/SentencePieceInternal
0x00000001a5404000 	/System/Library/Frameworks/Vision.framework/Versions/A/Vision
0x000000024118c000 	/System/Library/PrivateFrameworks/CoreSceneUnderstanding.framework/Versions/A/CoreSceneUnderstanding
0x000000026e965000 	/System/Library/PrivateFrameworks/VisionCore.framework/Versions/A/VisionCore
0x00000001c0fe2000 	/System/Library/Frameworks/Vision.framework/libfaceCore.dylib
0x00000001c1adc000 	/System/Library/PrivateFrameworks/Futhark.framework/Versions/A/Futhark
0x00000001c51cf000 	/System/Library/PrivateFrameworks/InertiaCam.framework/Versions/A/InertiaCam
0x00000001c188f000 	/System/Library/PrivateFrameworks/TextRecognition.framework/Versions/A/TextRecognition
0x000000019ee47000 	/System/Library/PrivateFrameworks/CVNLP.framework/Versions/A/CVNLP
0x0000000248b2e000 	/System/Library/PrivateFrameworks/GRDBInternal.framework/Versions/A/GRDBInternal
0x00000001ab648000 	/System/Library/PrivateFrameworks/RTCReporting.framework/Versions/A/RTCReporting
0x00000001a9812000 	/System/Library/PrivateFrameworks/IntentsFoundation.framework/Versions/A/IntentsFoundation
0x00000001a2233000 	/System/Library/Frameworks/NetworkExtension.framework/Versions/A/NetworkExtension
0x00000001bcfe6000 	/System/Library/PrivateFrameworks/CaptiveNetwork.framework/Versions/A/CaptiveNetwork
0x00000001a8dbf000 	/System/Library/PrivateFrameworks/EAP8021X.framework/Versions/A/EAP8021X
0x00000001379e8000 	/private/var/folders/v4/f9gfs351623g0dt_748d5v0c0000gn/T/lwjgl_justinbadilla/3.3.3+5/arm64/libopenal.dylib
0x0000000137e3c000 	/System/Library/Components/CoreAudio.component/Contents/MacOS/CoreAudio
0x00000001be8b7000 	/System/Library/Frameworks/Accelerate.framework/Versions/A/Frameworks/vImage.framework/Versions/A/Libraries/libCGInterfaces.dylib
0x00000001cb709000 	/System/Library/PrivateFrameworks/UIKitServices.framework/Versions/A/UIKitServices
0x0000000145300000 	/System/Library/Extensions/AGXMetalG14G.bundle/Contents/MacOS/AGXMetalG14G
0x00000001b11fd000 	/System/Library/PrivateFrameworks/IOGPU.framework/Versions/A/IOGPU
0x00000001eff3b000 	/System/Library/Frameworks/OpenGL.framework/Versions/A/Resources/GLEngine.bundle/GLEngine
0x00000001efde0000 	/System/Library/Frameworks/OpenGL.framework/Versions/A/Libraries/libGLProgrammability.dylib
0x0000000137900000 	/System/Library/Extensions/AppleMetalOpenGLRenderer.bundle/Contents/MacOS/AppleMetalOpenGLRenderer
0x00000001f009c000 	/System/Library/Frameworks/OpenGL.framework/Versions/A/Resources/GLRendererFloat.bundle/GLRendererFloat
0x0000000142768000 	/private/var/folders/v4/f9gfs351623g0dt_748d5v0c0000gn/T/lwjgl_justinbadilla/3.3.3+5/arm64/liblwjgl_opengl.dylib
0x0000000268b5d000 	/System/Library/PrivateFrameworks/TextInputUI.framework/Versions/A/TextInputUI
0x0000000268b81000 	/System/Library/PrivateFrameworks/TextInputUIMacHelper.framework/Versions/A/TextInputUIMacHelper
0x000000025e9c1000 	/System/Library/PrivateFrameworks/Sage.framework/Versions/A/Sage


VM Arguments:
jvm_args: -Dfile.encoding=UTF-8 -Duser.country=US -Duser.language=en -Duser.variant 
java_command: com.sfsu.tankgame.lwjgl3.Lwjgl3Launcher
java_class_path (initial): /Users/justinbadilla/Personal Coding/TankGame/lwjgl3/build/classes/java/main:/Users/justinbadilla/Personal Coding/TankGame/lwjgl3/build/resources/main:/Users/justinbadilla/.gradle/caches/modules-2/files-2.1/com.badlogicgames.gdx/gdx-backend-lwjgl3/1.13.1/c8d8f1c3ccd17fe2202a1d581e179c4ba0ccc45d/gdx-backend-lwjgl3-1.13.1.jar:/Users/justinbadilla/.gradle/caches/modules-2/files-2.1/com.badlogicgames.gdx/gdx-box2d-platform/1.13.1/a85f4f624bdc6f41b1f3f2f541c76d989e5b30a1/gdx-box2d-platform-1.13.1-natives-desktop.jar:/Users/justinbadilla/.gradle/caches/modules-2/files-2.1/com.badlogicgames.gdx/gdx-platform/1.13.1/8493b7d917097a6d091db2554bf0056881f96738/gdx-platform-1.13.1-natives-desktop.jar:/Users/justinbadilla/Personal Coding/TankGame/core/build/libs/core-1.0.0.jar:/Users/justinbadilla/.gradle/caches/modules-2/files-2.1/com.badlogicgames.box2dlights/box2dlights/1.5/6902dbcd250c95a27973aa24a147a95b3828d348/box2dlights-1.5.jar:/Users/justinbadilla/.gradle/caches/modules-2/files-2.1/com.badlogicgames.gdx/gdx-box2d/1.13.1/5280c502b07d6e3a37bdd0460ad660f9e1c583c0/gdx-box2d-1.13.1.jar:/Users/justinbadilla/.gradle/caches/modules-2/files-2.1/com.badlogicgames.gdx/gdx/1.13.1/734d9a5ca877bbce0c595dbdc3165fe6a22b7a30/gdx-1.13.1.jar:/Users/justinbadilla/.gradle/caches/modules-2/files-2.1/org.lwjgl/lwjgl-glfw/3.3.3/efa1eb78c5ccd840e9f329717109b5e892d72f8e/lwjgl-glfw-3.3.3.jar:/Users/justinbadilla/.gradle/caches/modules-2/files-2.1/org.lwjgl/lwjgl-glfw/3.3.3/a03684c5e4b1b1dbbe0d29dbbdc27b985b6840f2/lwjgl-glfw-3.3.3-natives-linux.jar:/Users/justinbadilla/.gradle/caches/modules-2/files-2.1/org.lwjgl/lwjgl-glfw/3.3.3/d9af485c32545b37dd5359b163161d42d7534dcf/lwjgl-glfw-3.3.3-natives-linux-arm32.jar:/Users/justinbadilla/.gradle/caches/modules-2/files-2.1/org.lwjgl/lwjgl-glfw/3.3.3/492a0f11f85b85899a6568f07511160c1b87cd38/lwjgl-glfw-3.3.3-natives-linux-arm64.jar:/Users/justinbadilla/.gradle/caches/modules-2/files-2.1/org.lwjgl/lwjgl-glfw/3.3.3/a1bf400f6bc64e61
Launcher Type: SUN_STANDARD

[Global flags]
     intx CICompilerCount                          = 4                                         {product} {ergonomic}
     uint ConcGCThreads                            = 2                                         {product} {ergonomic}
     uint G1ConcRefinementThreads                  = 8                                         {product} {ergonomic}
   size_t G1HeapRegionSize                         = 1048576                                   {product} {ergonomic}
    uintx GCDrainStackTargetSize                   = 64                                        {product} {ergonomic}
   size_t InitialHeapSize                          = 134217728                                 {product} {ergonomic}
   size_t MarkStackSize                            = 4194304                                   {product} {ergonomic}
   size_t MaxHeapSize                              = 2147483648                                {product} {ergonomic}
   size_t MaxNewSize                               = 1287651328                                {product} {ergonomic}
   size_t MinHeapDeltaBytes                        = 1048576                                   {product} {ergonomic}
   size_t MinHeapSize                              = 8388608                                   {product} {ergonomic}
    uintx NonNMethodCodeHeapSize                   = 5839564                                {pd product} {ergonomic}
    uintx NonProfiledCodeHeapSize                  = 122909338                              {pd product} {ergonomic}
    uintx ProfiledCodeHeapSize                     = 122909338                              {pd product} {ergonomic}
    uintx ReservedCodeCacheSize                    = 251658240                              {pd product} {ergonomic}
     bool SegmentedCodeCache                       = true                                      {product} {ergonomic}
   size_t SoftMaxHeapSize                          = 2147483648                             {manageable} {ergonomic}
     bool UseCompressedClassPointers               = true                           {product lp64_product} {ergonomic}
     bool UseCompressedOops                        = true                           {product lp64_product} {ergonomic}
     bool UseG1GC                                  = true                                      {product} {ergonomic}
     bool UseNUMA                                  = false                                     {product} {ergonomic}
     bool UseNUMAInterleaving                      = false                                     {product} {ergonomic}

Logging:
Log output configuration:
 #0: stdout all=warning uptime,level,tags
 #1: stderr all=off uptime,level,tags

Environment Variables:
JAVA_HOME=/Library/Java/JavaVirtualMachines/jdk-21.jdk/Contents/Home
PATH=/Library/Java/JavaVirtualMachines/jdk-21.jdk/Contents/Home/bin:/opt/homebrew/bin:/opt/homebrew/bin:/opt/homebrew/bin:/opt/homebrew/sbin:/Users/justinbadilla/Library/Application Support/Code/User/globalStorage/github.copilot-chat/debugCommand:/Users/justinbadilla/Library/Application Support/Code/User/globalStorage/github.copilot-chat/copilotCli:/opt/homebrew/opt/openjdk@17/bin:/usr/local/bin:/System/Cryptexes/App/usr/bin:/usr/bin:/bin:/usr/sbin:/sbin:/var/run/com.apple.security.cryptexd/codex.system/bootstrap/usr/local/bin:/var/run/com.apple.security.cryptexd/codex.system/bootstrap/usr/bin:/var/run/com.apple.security.cryptexd/codex.system/bootstrap/usr/appleinternal/bin:/Applications/VMware Fusion.app/Contents/Public:/Library/Java/JavaVirtualMachines/jdk-21.jdk/Contents/Home/bin:/Users/justinbadilla/.vscode/extensions/vscjava.vscode-java-debug-0.59.0/bundled/scripts/noConfigScripts
SHELL=/bin/zsh
LANG=en_US.UTF-8
TERM=xterm-256color
TMPDIR=/var/folders/v4/f9gfs351623g0dt_748d5v0c0000gn/T/

Active Locale:
LC_ALL=en_US.UTF-8
LC_COLLATE=en_US.UTF-8
LC_CTYPE=en_US.UTF-8
LC_MESSAGES=en_US.UTF-8
LC_MONETARY=en_US.UTF-8
LC_NUMERIC=en_US.UTF-8
LC_TIME=en_US.UTF-8

Signal Handlers:
   SIGSEGV: crash_handler in libjvm.dylib, mask=11100110000111110111111111111111, flags=SA_RESTART|SA_SIGINFO, unblocked
    SIGBUS: crash_handler in libjvm.dylib, mask=11100110000111110111111111111111, flags=SA_RESTART|SA_SIGINFO, unblocked
    SIGFPE: crash_handler in libjvm.dylib, mask=11100110000111110111111111111111, flags=SA_RESTART|SA_SIGINFO, unblocked
   SIGPIPE: javaSignalHandler in libjvm.dylib, mask=11100110000111110111111111111111, flags=SA_RESTART|SA_SIGINFO, blocked
   SIGXFSZ: javaSignalHandler in libjvm.dylib, mask=11100110000111110111111111111111, flags=SA_RESTART|SA_SIGINFO, blocked
    SIGILL: crash_handler in libjvm.dylib, mask=11100110000111110111111111111111, flags=SA_RESTART|SA_SIGINFO, unblocked
   SIGUSR2: SR_handler in libjvm.dylib, mask=00100000000000000000000000000000, flags=SA_RESTART|SA_SIGINFO, blocked
    SIGHUP: UserHandler in libjvm.dylib, mask=11100110000111110111111111111111, flags=SA_RESTART|SA_SIGINFO, blocked
    SIGINT: UserHandler in libjvm.dylib, mask=11100110000111110111111111111111, flags=SA_RESTART|SA_SIGINFO, blocked
   SIGTERM: UserHandler in libjvm.dylib, mask=11100110000111110111111111111111, flags=SA_RESTART|SA_SIGINFO, blocked
   SIGQUIT: UserHandler in libjvm.dylib, mask=11100110000111110111111111111111, flags=SA_RESTART|SA_SIGINFO, blocked
   SIGTRAP: crash_handler in libjvm.dylib, mask=11100110000111110111111111111111, flags=SA_RESTART|SA_SIGINFO, unblocked


Periodic native trim disabled


---------------  S Y S T E M  ---------------

OS:
uname: Darwin 24.5.0 Darwin Kernel Version 24.5.0: Tue Apr 22 19:54:26 PDT 2025; root:xnu-11417.121.6~2/RELEASE_ARM64_T8112 arm64
OS uptime: 328 days 8:31 hours
rlimit (soft/hard): STACK 8176k/65520k , CORE 0k/infinity , NPROC 1333/2000 , NOFILE 1048576/infinity , AS infinity/infinity , CPU infinity/infinity , DATA infinity/infinity , FSIZE infinity/infinity , MEMLOCK infinity/infinity , RSS infinity/infinity
load average: 2.56 2.81 2.66

CPU: total 8 (initial active 8) 0x61:0x0:0xda33d83d:0, fp, simd, crc, lse
machdep.cpu.brand_string:Apple M2
hw.cachelinesize:128
hw.l1icachesize:131072
hw.l1dcachesize:65536
hw.l2cachesize:4194304

Memory: 16k page, physical 8388608k(104560k free), swap 7340032k(550912k free)

vm_info: OpenJDK 64-Bit Server VM (17.0.15+0) for bsd-aarch64 JRE (17.0.15+0), built on Apr 15 2025 23:21:06 by "brew" with clang Apple LLVM 16.0.0 (clang-1600.0.26.6)

END.
