#
# A fatal error has been detected by the Java Runtime Environment:
#
#  SIGSEGV (0xb) at pc=0x00000001f00521a4, pid=23957, tid=259
#
# JRE version: OpenJDK Runtime Environment Homebrew (17.0.15) (build 17.0.15+0)
# Java VM: OpenJDK 64-Bit Server VM Homebrew (17.0.15+0, mixed mode, sharing, tiered, compressed oops, compressed class ptrs, g1 gc, bsd-aarch64)
# Problematic frame:
# C  [GLEngine+0x1171a4]  gleRunVertexSubmitImmediate+0x1940
#
# No core dump will be written. Core dumps have been disabled. To enable core dumping, try "ulimit -c unlimited" before starting Java again
#
# If you would like to submit a bug report, please visit:
#   https://github.com/Homebrew/homebrew-core/issues
# The crash happened outside the Java Virtual Machine in native code.
# See problematic frame for where to report the bug.
#

---------------  S U M M A R Y ------------

Command Line: -Dfile.encoding=UTF-8 -Duser.country=US -Duser.language=en -Duser.variant com.sfsu.tankgame.lwjgl3.Lwjgl3Launcher

Host: "Mac14,7" arm64, 8 cores, 8G, Darwin 24.5.0, macOS 15.5 (24F74)
Time: Tue Jun  9 23:59:44 2026 PDT elapsed time: 17.364450 seconds (0d 0h 0m 17s)

---------------  T H R E A D  ---------------

Current thread (0x000000014c00d400):  JavaThread "main" [_thread_in_native, id=259, stack(0x000000016abe8000,0x000000016b3e4000)]

Stack: [0x000000016abe8000,0x000000016b3e4000],  sp=0x000000016b3dd200,  free space=8148k
Native frames: (J=compiled Java code, j=interpreted, Vv=VM code, C=native code)
C  [GLEngine+0x1171a4]  gleRunVertexSubmitImmediate+0x1940
C  [GLEngine+0x15700c]  gleDrawArraysOrElements_ExecCore+0x248
C  [GLEngine+0xbaf48]  glDrawArrays_IMM_Exec+0x2a0
j  org.lwjgl.opengl.GL11C.glDrawArrays(III)V+0
j  org.lwjgl.opengl.GL11.glDrawArrays(III)V+3
j  com.badlogic.gdx.backends.lwjgl3.Lwjgl3GL20.glDrawArrays(III)V+3
J 1365 c2 com.badlogic.gdx.graphics.Mesh.render(Lcom/badlogic/gdx/graphics/glutils/ShaderProgram;IIIZ)V (327 bytes) @ 0x000000011a1ef1d8 [0x000000011a1ee740+0x0000000000000a98]
j  com.badlogic.gdx.graphics.Mesh.render(Lcom/badlogic/gdx/graphics/glutils/ShaderProgram;I)V+31
j  com.badlogic.gdx.graphics.glutils.ImmediateModeRenderer20.flush()V+87
j  com.badlogic.gdx.graphics.glutils.ImmediateModeRenderer20.end()V+1
j  com.badlogic.gdx.graphics.glutils.ShapeRenderer.end()V+4
j  com.sfsu.tankgame.Screens.ScreenFade.renderFadeIn(FLcom/badlogic/gdx/graphics/OrthographicCamera;FF)V+118
j  com.sfsu.tankgame.Screens.TankScreen.render(F)V+270
J 1298 c1 com.badlogic.gdx.backends.lwjgl3.Lwjgl3Window.update()Z (312 bytes) @ 0x000000011290398c [0x00000001129021c0+0x00000000000017cc]
j  com.badlogic.gdx.backends.lwjgl3.Lwjgl3Application.loop()V+120
j  com.badlogic.gdx.backends.lwjgl3.Lwjgl3Application.<init>(Lcom/badlogic/gdx/ApplicationListener;Lcom/badlogic/gdx/backends/lwjgl3/Lwjgl3ApplicationConfiguration;)V+269
j  com.sfsu.tankgame.lwjgl3.Lwjgl3Launcher.createApplication()Lcom/badlogic/gdx/backends/lwjgl3/Lwjgl3Application;+14
j  com.sfsu.tankgame.lwjgl3.Lwjgl3Launcher.main([Ljava/lang/String;)V+7
v  ~StubRoutines::call_stub
V  [libjvm.dylib+0x35d368]  JavaCalls::call_helper(JavaValue*, methodHandle const&, JavaCallArguments*, JavaThread*)+0x23c
V  [libjvm.dylib+0x3b1134]  jni_invoke_static(JNIEnv_*, JavaValue*, _jobject*, JNICallType, _jmethodID*, JNI_ArgumentPusher*, JavaThread*)+0xd8
V  [libjvm.dylib+0x3b3f98]  jni_CallStaticVoidMethod+0xdc
C  [libjli.dylib+0x9354]  JavaMain+0x594
C  [libjli.dylib+0xbea4]  __JVMInit_block_invoke+0x48
C  [Foundation+0x3e0ac]  __NSBLOCKOPERATION_IS_CALLING_OUT_TO_A_BLOCK__+0x18
C  [Foundation+0x3df74]  -[NSBlockOperation main]+0x60
C  [Foundation+0x3df0c]  __NSOPERATION_IS_INVOKING_MAIN__+0x10
C  [Foundation+0x3d27c]  -[NSOperation start]+0x280
C  [Foundation+0x77f74]  __NSThreadPerformPerform+0x108
C  [CoreFoundation+0x7ccd4]  __CFRUNLOOP_IS_CALLING_OUT_TO_A_SOURCE0_PERFORM_FUNCTION__+0x1c
C  [CoreFoundation+0x7cc68]  __CFRunLoopDoSource0+0xac
C  [CoreFoundation+0x7c9d4]  __CFRunLoopDoSources0+0xe8
C  [CoreFoundation+0x7b628]  __CFRunLoopRun+0x348
C  [CoreFoundation+0x7ac58]  CFRunLoopRunSpecific+0x23c
C  [libjli.dylib+0xb584]  CreateExecutionEnvironment+0x190
C  [libjli.dylib+0x7af0]  JLI_Launch+0x4b0
C  [java+0x3ba0]  main+0x18c
C  [dyld+0x6b98]  start+0x17bc

Java frames: (J=compiled Java code, j=interpreted, Vv=VM code)
j  org.lwjgl.opengl.GL11C.glDrawArrays(III)V+0
j  org.lwjgl.opengl.GL11.glDrawArrays(III)V+3
j  com.badlogic.gdx.backends.lwjgl3.Lwjgl3GL20.glDrawArrays(III)V+3
J 1365 c2 com.badlogic.gdx.graphics.Mesh.render(Lcom/badlogic/gdx/graphics/glutils/ShaderProgram;IIIZ)V (327 bytes) @ 0x000000011a1ef1d8 [0x000000011a1ee740+0x0000000000000a98]
j  com.badlogic.gdx.graphics.Mesh.render(Lcom/badlogic/gdx/graphics/glutils/ShaderProgram;I)V+31
j  com.badlogic.gdx.graphics.glutils.ImmediateModeRenderer20.flush()V+87
j  com.badlogic.gdx.graphics.glutils.ImmediateModeRenderer20.end()V+1
j  com.badlogic.gdx.graphics.glutils.ShapeRenderer.end()V+4
j  com.sfsu.tankgame.Screens.ScreenFade.renderFadeIn(FLcom/badlogic/gdx/graphics/OrthographicCamera;FF)V+118
j  com.sfsu.tankgame.Screens.TankScreen.render(F)V+270
J 1298 c1 com.badlogic.gdx.backends.lwjgl3.Lwjgl3Window.update()Z (312 bytes) @ 0x000000011290398c [0x00000001129021c0+0x00000000000017cc]
j  com.badlogic.gdx.backends.lwjgl3.Lwjgl3Application.loop()V+120
j  com.badlogic.gdx.backends.lwjgl3.Lwjgl3Application.<init>(Lcom/badlogic/gdx/ApplicationListener;Lcom/badlogic/gdx/backends/lwjgl3/Lwjgl3ApplicationConfiguration;)V+269
j  com.sfsu.tankgame.lwjgl3.Lwjgl3Launcher.createApplication()Lcom/badlogic/gdx/backends/lwjgl3/Lwjgl3Application;+14
j  com.sfsu.tankgame.lwjgl3.Lwjgl3Launcher.main([Ljava/lang/String;)V+7
v  ~StubRoutines::call_stub

siginfo: si_signo: 11 (SIGSEGV), si_code: 2 (SEGV_ACCERR), si_addr: 0x0000000000000000

Registers:
 x0=0x0000000158038000  x1=0x0000000000000000  x2=0x0000000000000000  x3=0x0000000000000000
 x4=0x0000000000000000  x5=0x000000012fcfa6c0  x6=0x0000000000000000  x7=0x0000000000000403
 x8=0x0000000000000000  x9=0x0000000800030a01 x10=0x0000000000000000 x11=0x0000000000000000
x12=0x0000000158038000 x13=0x00000000ffffffff x14=0x0000000000000000 x15=0x0000000000000000
x16=0x00000001f0051e08 x17=0x00000001f005126c x18=0x0000000000000000 x19=0x000000012fcfa6c0
x20=0x0000000000000001 x21=0x0000000000000003 x22=0x00000000fffffffe x23=0x0000103301041000
x24=0x0000000000000006 x25=0x00000000ffffffff x26=0x0000000000000008 x27=0x0000000000000000
x28=0x0000000000000000  fp=0x000000016b3dd3a0  lr=0x00000001f009200c  sp=0x000000016b3dd200
pc=0x00000001f00521a4 cpsr=0x0000000060001000

Register to memory mapping:

 x0=0x0000000158038000 points into unknown readable memory: 0x0000000000000000 | 00 00 00 00 00 00 00 00
 x1=0x0 is NULL
 x2=0x0 is NULL
 x3=0x0 is NULL
 x4=0x0 is NULL
 x5=0x000000012fcfa6c0 points into unknown readable memory: 0x0000000800030a01 | 01 0a 03 00 08 00 00 00
 x6=0x0 is NULL
 x7=0x0000000000000403 is an unknown value
 x8=0x0 is NULL
 x9=0x0000000800030a01 is an unknown value
x10=0x0 is NULL
x11=0x0 is NULL
x12=0x0000000158038000 points into unknown readable memory: 0x0000000000000000 | 00 00 00 00 00 00 00 00
x13=0x00000000ffffffff is an unknown value
x14=0x0 is NULL
x15=0x0 is NULL
x16=0x00000001f0051e08: gleRunVertexSubmitImmediate+0x15a4 in /System/Library/Frameworks/OpenGL.framework/Versions/A/Resources/GLEngine.bundle/GLEngine at 0x00000001eff3b000
x17=0x00000001f005126c: gleRunVertexSubmitImmediate+0xa08 in /System/Library/Frameworks/OpenGL.framework/Versions/A/Resources/GLEngine.bundle/GLEngine at 0x00000001eff3b000
x18=0x0 is NULL
x19=0x000000012fcfa6c0 points into unknown readable memory: 0x0000000800030a01 | 01 0a 03 00 08 00 00 00
x20=0x0000000000000001 is an unknown value
x21=0x0000000000000003 is an unknown value
x22=0x00000000fffffffe is an unknown value
x23=0x0000103301041000 is an unknown value
x24=0x0000000000000006 is an unknown value
x25=0x00000000ffffffff is an unknown value
x26=0x0000000000000008 is an unknown value
x27=0x0 is NULL
x28=0x0 is NULL


Top of Stack: (sp=0x000000016b3dd200)
0x000000016b3dd200:   447fc000447fc000 40400000447fc000
0x000000016b3dd210:   0000000000000000 ffffffecfffffff6
0x000000016b3dd220:   ffffffeaffffffea ffffffe2ffffffea
0x000000016b3dd230:   0000000000000000 0000000158042278
0x000000016b3dd240:   0000000000000000 000000016b3dd2e0
0x000000016b3dd250:   00000000fffffffe 0000000158038000
0x000000016b3dd260:   0000000000000000 0000000000000000
0x000000016b3dd270:   0000000000000000 0000000000000000
0x000000016b3dd280:   0000000000000000 0000000000000000
0x000000016b3dd290:   0000000000000000 000000012ff39788
0x000000016b3dd2a0:   0000000000000000 0000000000000000
0x000000016b3dd2b0:   0000000000000000 0000000000000000
0x000000016b3dd2c0:   0000000000000000 000000014fc90000
0x000000016b3dd2d0:   000000014fc90048 0000000000000000
0x000000016b3dd2e0:   000000015803be70 000000015803c080
0x000000016b3dd2f0:   00000001491ebdc0 000000000000000c
0x000000016b3dd300:   9add3dbd81d800ae 0000000158052e80
0x000000016b3dd310:   0000000000000000 0000000000000000
0x000000016b3dd320:   00000000bca3d70a 0000000000000000
0x000000016b3dd330:   0000000000000000 0000000000000000
0x000000016b3dd340:   0000000000000000 0000000000000000
0x000000016b3dd350:   0000000158042280 0000000158042c48
0x000000016b3dd360:   0000000000000006 0000000000000000
0x000000016b3dd370:   00000001491ebc18 0000000000000006
0x000000016b3dd380:   0000000000000000 0000000000000004
0x000000016b3dd390:   0000000000000006 0000000158038000
0x000000016b3dd3a0:   000000016b3dd4b0 00000001f009200c
0x000000016b3dd3b0:   00000001491eba28 00000001491ebe40
0x000000016b3dd3c0:   000000015803d144 0914e45a00000001
0x000000016b3dd3d0:   0000000000000000 0000000000000000
0x000000016b3dd3e0:   0000000000000000 0000000000000000
0x000000016b3dd3f0:   0000000000000000 0000000000000000 

Instructions: (pc=0x00000001f00521a4)
0x00000001f00520a4:   a0 00 00 54 3f 15 00 71 a1 59 ff 54 1f 0d 00 b9
0x00000001f00520b4:   cb fa ff 17 29 00 80 52 09 0d 00 b9 c8 fa ff 17
0x00000001f00520c4:   3f 15 00 71 c3 58 ff 54 1f 05 00 f9 c4 fa ff 17
0x00000001f00520d4:   3f 11 00 71 41 f1 ff 54 09 f0 e7 d2 09 05 00 f9
0x00000001f00520e4:   bf fa ff 17 00 0d 00 bd bd fa ff 17 bf 0e 00 71
0x00000001f00520f4:   60 05 00 54 bf 12 00 71 41 98 ff 54 1c 00 80 52
0x00000001f0052104:   00 01 c0 3d e0 2f 80 3d bd fc ff 17 4b 11 c0 5a
0x00000001f0052114:   6c 11 00 52 4d 01 80 52 ac 01 0c 4b 2c 21 cc 1a
0x00000001f0052124:   0d 60 a8 52 ab 5d 0b 4b 8c 21 1f 12 5f 01 00 71
0x00000001f0052134:   eb 03 8b 1a ea 03 8c 1a 03 00 00 14 0c 00 a7 52
0x00000001f0052144:   8b 35 0b 0b 6a 35 0a 2a 29 7d 0f 53 2a 01 01 33
0x00000001f0052154:   ea b3 00 b9 bf 0a 00 71 e3 0a 00 54 09 05 40 79
0x00000001f0052164:   2a 25 00 12 2b 11 16 72 60 02 00 54 0c 80 8f 52
0x00000001f0052174:   7f 01 0c 6b 81 03 00 54 5f 01 00 71 0a 00 b0 12
0x00000001f0052184:   0b f0 af 52 6a 01 8a 1a 1a 00 00 14 1c 00 80 52
0x00000001f0052194:   00 01 40 bd e0 b3 00 bd 99 fc ff 17 1c 00 80 52
0x00000001f00521a4:   00 01 40 fd e0 5b 00 fd 00 09 40 bd e0 bb 00 bd
0x00000001f00521b4:   93 fc ff 17 4b 11 c0 5a 6c 11 00 52 4d 01 80 52
0x00000001f00521c4:   ac 01 0c 4b 2c 21 cc 1a 0d 60 a8 52 ab 5d 0b 4b
0x00000001f00521d4:   8c 21 1f 12 5f 01 00 71 eb 03 8b 1a ea 03 8c 1a
0x00000001f00521e4:   03 00 00 14 0c 00 a7 52 8b 35 0b 0b 6a 35 0a 2a
0x00000001f00521f4:   29 7d 0f 53 2a 01 01 33 ea b7 00 b9 bf 0a 00 71
0x00000001f0052204:   a0 05 00 54 09 09 40 79 2a 25 00 12 2b 11 16 72
0x00000001f0052214:   20 01 00 54 0c 80 8f 52 7f 01 0c 6b 41 02 00 54
0x00000001f0052224:   5f 01 00 71 0a 00 b0 12 0b f0 af 52 6a 01 8a 1a
0x00000001f0052234:   10 00 00 14 4b 11 c0 5a 6c 11 00 52 4d 01 80 52
0x00000001f0052244:   ac 01 0c 4b 2c 21 cc 1a 0d 60 a8 52 ab 5d 0b 4b
0x00000001f0052254:   8c 21 1f 12 5f 01 00 71 eb 03 8b 1a ea 03 8c 1a
0x00000001f0052264:   03 00 00 14 0c 00 a7 52 8b 35 0b 0b 6a 35 0a 2a
0x00000001f0052274:   29 7d 0f 53 2a 01 01 33 ea bb 00 b9 bf 12 00 71
0x00000001f0052284:   a3 01 00 54 08 0d 40 79 09 25 00 12 0a 11 16 72
0x00000001f0052294:   80 01 00 54 0b 80 8f 52 5f 01 0b 6b 61 02 00 54 


Stack slot to memory mapping:
stack at sp + 0 slots: 0x447fc000447fc000 is an unknown value
stack at sp + 1 slots: 0x40400000447fc000 is an unknown value
stack at sp + 2 slots: 0x0 is NULL
stack at sp + 3 slots: 0xffffffecfffffff6 is an unknown value
stack at sp + 4 slots: 0xffffffeaffffffea is an unknown value
stack at sp + 5 slots: 0xffffffe2ffffffea is an unknown value
stack at sp + 6 slots: 0x0 is NULL
stack at sp + 7 slots: 0x0000000158042278 points into unknown readable memory: 0x0000000158070500 | 00 05 07 58 01 00 00 00


Compiled method (c2)   17383 1365       4       com.badlogic.gdx.graphics.Mesh::render (327 bytes)
 total in heap  [0x000000011a1ee110,0x000000011a1f2770] = 18016
 relocation     [0x000000011a1ee268,0x000000011a1ee708] = 1184
 main code      [0x000000011a1ee740,0x000000011a1f0080] = 6464
 stub code      [0x000000011a1f0080,0x000000011a1f0940] = 2240
 oops           [0x000000011a1f0940,0x000000011a1f0950] = 16
 metadata       [0x000000011a1f0950,0x000000011a1f0b88] = 568
 scopes data    [0x000000011a1f0b88,0x000000011a1f1d38] = 4528
 scopes pcs     [0x000000011a1f1d38,0x000000011a1f24c8] = 1936
 dependencies   [0x000000011a1f24c8,0x000000011a1f2508] = 64
 handler table  [0x000000011a1f2508,0x000000011a1f2610] = 264
 nul chk table  [0x000000011a1f2610,0x000000011a1f2770] = 352

[Constant Pool (empty)]

[MachCode]
[Entry Point]
  # {method} {0x00000001286c9df0} 'render' '(Lcom/badlogic/gdx/graphics/glutils/ShaderProgram;IIIZ)V' in 'com/badlogic/gdx/graphics/Mesh'
  # this:     c_rarg1:c_rarg1 
                        = 'com/badlogic/gdx/graphics/Mesh'
  # parm0:    c_rarg2:c_rarg2 
                        = 'com/badlogic/gdx/graphics/glutils/ShaderProgram'
  # parm1:    c_rarg3   = int
  # parm2:    c_rarg4   = int
  # parm3:    c_rarg5   = int
  # parm4:    c_rarg6   = boolean
  #           [sp+0xb0]  (sp of caller)
  0x000000011a1ee740: 2808 40b9 | 3f01 086b | 4000 0054 

  0x000000011a1ee74c: ;   {runtime_call ic_miss_stub}
  0x000000011a1ee74c: 2d39 e817 
[Verified Entry Point]
  0x000000011a1ee750: 1f20 03d5 | e953 40d1 | 3f01 00f9 | ffc3 02d1 | fd7b 0aa9 

  0x000000011a1ee764: ;   {oop(a 'java/lang/Class'{0x000000078676a900} = 'com/badlogic/gdx/Gdx')}
  0x000000011a1ee764: 0b20 95d2 | cbce b0f2 | eb00 c0f2 | 2a10 40b9 | 6e8d 40b9 | e393 0229 | e21f 00f9 | ec03 01aa 
  0x000000011a1ee784: 4bf1 7dd3 | a59c 0034 | 269d 0034 

  0x000000011a1ee790: ; implicit exception: dispatches to 0x000000011a1eff34
  0x000000011a1ee790: 6d09 40b9 

  0x000000011a1ee794: ;   {metadata('com/badlogic/gdx/graphics/glutils/VertexBufferObject')}
  0x000000011a1ee794: 6f20 a0d2 | 0f41 90f2 | bf01 0f6b | d0f1 7dd3 | a189 0054 | 620d 40b9 

  0x000000011a1ee7ac: ; implicit exception: dispatches to 0x000000011a1eff40
  0x000000011a1ee7ac: 0e0a 40b9 

  0x000000011a1ee7b0: ;   {metadata('com/badlogic/gdx/backends/lwjgl3/Lwjgl3GL20')}
  0x000000011a1ee7b0: 6d20 a0d2 | 0d45 87f2 | df01 0d6b | a189 0054 | fd03 0baa | e697 0329 | e117 00f9 | f023 00f9 
  0x000000011a1ee7d0: 4112 9152 

  0x000000011a1ee7d4: ; ImmutableOopMap {rfp=Oop [40]=Oop [56]=Oop [64]=Oop }
                      ;*invokestatic glBindBuffer {reexecute=0 rethrow=0 return_oop=0}
                      ; - org.lwjgl.opengl.GL15::glBindBuffer@2 (line 129)
                      ; - com.badlogic.gdx.backends.lwjgl3.Lwjgl3GL20::glBindBuffer@2 (line 80)
                      ; - com.badlogic.gdx.graphics.glutils.VertexBufferObject::bind@11 (line 183)
                      ; - com.badlogic.gdx.graphics.Mesh::bind@6 (line 519)
                      ; - com.badlogic.gdx.graphics.Mesh::bind@4 (line 509)
                      ; - com.badlogic.gdx.graphics.Mesh::render@13 (line 624)
                      ;   {static_call}
  0x000000011a1ee7d4: 7f14 ff97 | ed03 1daa | aab1 4329 | bd55 4039 | 4af1 7dd3 | 8cf1 7dd3 | fd9a 0034 

  0x000000011a1ee7f0: ; implicit exception: dispatches to 0x000000011a1eff4c
  0x000000011a1ee7f0: 4a1d 40b9 | 4e75 1e53 

  0x000000011a1ee7f8: ; implicit exception: dispatches to 0x000000011a1eff54
  0x000000011a1ee7f8: 8b09 40b9 

  0x000000011a1ee7fc: ;   {metadata('java/nio/DirectByteBuffer')}
  0x000000011a1ee7fc: 0a01 a0d2 | 0ada 88f2 | 7f01 0a6b | 8188 0054 | 8f19 40b9 | 8b21 40b9 | 8a09 40f9 | d101 0f4b 
  0x000000011a1ee81c: 9d0d 40b9 | df01 0b6b | cc9a 0054 | ae9c f837 | 8e1d 00b9 | ff01 0e6b | 4c9e 0054 | bf03 0e6b 
  0x000000011a1ee83c: 0ca0 0054 | a411 40b9 | 3f02 0071 | ad94 0054 | 43c1 2f8b | fd03 0daa | 227e 4093 | 4112 9152 
  0x000000011a1ee85c: ; ImmutableOopMap {rfp=Oop [40]=Oop [56]=Oop }
                      ;*invokestatic nglBufferData {reexecute=0 rethrow=0 return_oop=0}
                      ; - org.lwjgl.opengl.GL15C::glBufferData@11 (line 267)
                      ; - org.lwjgl.opengl.GL15::glBufferData@3 (line 281)
                      ; - com.badlogic.gdx.backends.lwjgl3.Lwjgl3GL20::glBufferData@29 (line 119)
                      ; - com.badlogic.gdx.graphics.glutils.VertexBufferObject::bind@58 (line 186)
                      ; - com.badlogic.gdx.graphics.Mesh::bind@6 (line 519)
                      ; - com.badlogic.gdx.graphics.Mesh::bind@4 (line 509)
                      ; - com.badlogic.gdx.graphics.Mesh::render@13 (line 624)
                      ;   {static_call}
  0x000000011a1ee85c: 1d21 ff97 | e503 1daa | aa18 40b9 | 4bf1 7dd3 | bf54 0039 

  0x000000011a1ee870: ; implicit exception: dispatches to 0x000000011a1eff60
  0x000000011a1ee870: 6c21 40b9 | 8bf1 7dd3 

  0x000000011a1ee878: ; implicit exception: dispatches to 0x000000011a1eff68
  0x000000011a1ee878: 710d 40b9 | 3f02 0071 | e911 0054 | e61f 40f9 | 268c 00b4 | ed03 1f2a | f800 0014 | 4ac0 278b 
  0x000000011a1ee898: 4141 4039 | 8a68 1b53 | 4401 044b | e704 0011 | 8400 010b | ff00 006b | 2bff ff54 | 447b 0034 
  0x000000011a1ee8b8: c40d 00b9 | 8a7c 4093 | a082 8fd2 | 40e9 aff2 | 2037 cff2 | e0c6 f3f2 | 4a7d 009b | 4a25 c39a 
  0x000000011a1ee8d8: e103 0a2a 

  0x000000011a1ee8dc: ; implicit exception: dispatches to 0x000000011a1efe24
  0x000000011a1ee8dc: 0a0e 40b9 | 00ca 218b | e325 40b9 | 3f00 0a6b | a24e 0054 | 0010 40b9 

  0x000000011a1ee8f4: ;   {oop(a 'java/lang/Class'{0x000000078676a900} = 'com/badlogic/gdx/Gdx')}
  0x000000011a1ee8f4: 0a20 95d2 | cace b0f2 | ea00 c0f2 | 04f0 7dd3 | 4a8d 40b9 | 67f0 7dd3 | e443 00b4 | 8308 40b9 
  0x000000011a1ee914: ;   {metadata('java/lang/String')}
  0x000000011a1ee914: 0000 a0d2 | 0084 9df2 | 7f00 006b | a15a 0054 | 9f00 0eeb | 0006 0054 | eb7b 00b9 | 8b14 40b9 
  0x000000011a1ee934: e17f 00b9 | 9d40 c039 | e17b 40b9 | 6bf1 7dd3 | e443 00f9 | bf03 016b | 6161 0054 | 400c 40b9 
  0x000000011a1ee954: 640d 40b9 | 9f00 006b | c15c 0054 | 4340 0091 | 6141 0091 | 0000 80d2 | 8420 00f1 | 8b01 0054 
  0x000000011a1ee974: 2884 40f8 | 6984 40f8 | 8420 00f1 | 0801 09ca | e802 00b5 | 6cff ff54 | 2868 64f8 | 6968 64f8 
  0x000000011a1ee994: 0901 09ca | 4902 00b5 | 1000 0014 | a400 1036 | 2844 40b8 | 6944 40b8 | 0801 094a | 8801 0035 
  0x000000011a1ee9b4: a400 0836 | 2824 4078 | 6924 4078 | 0801 094a | e800 0035 | a400 0036 | 2800 4039 | 6900 4039 
  0x000000011a1ee9d4: 0801 094a | 4800 0035 | e003 40b2 | e058 0034 | e17f 40b9 | 0160 f837 

  0x000000011a1ee9ec: ; implicit exception: dispatches to 0x000000011a1efe30
  0x000000011a1ee9ec: eb0c 40b9 | eec8 218b | 4ff1 7dd3 | 3f00 0b6b | 8248 0054 | cb11 40b9 | 4b61 f837 | dd74 4039 
  0x000000011a1eea0c: 3d63 0035 

  0x000000011a1eea10: ; implicit exception: dispatches to 0x000000011a1efe3c
  0x000000011a1eea10: ea09 40b9 

  0x000000011a1eea14: ;   {metadata('com/badlogic/gdx/backends/lwjgl3/Lwjgl3GL20')}
  0x000000011a1eea14: 6e20 a0d2 | 0e45 87f2 | 5f01 0e6b | 414d 0054 | e533 00a9 | f137 0829 | eb53 00b9 | fd03 06aa 
  0x000000011a1eea34: e103 0b2a 

  0x000000011a1eea38: ; ImmutableOopMap {rfp=Oop [0]=Oop [8]=Oop [40]=Oop }
                      ;*invokestatic glEnableVertexAttribArray {reexecute=0 rethrow=0 return_oop=0}
                      ; - org.lwjgl.opengl.GL20::glEnableVertexAttribArray@1 (line 1935)
                      ; - com.badlogic.gdx.backends.lwjgl3.Lwjgl3GL20::glEnableVertexAttribArray@1 (line 310)
                      ; - com.badlogic.gdx.graphics.glutils.ShaderProgram::enableVertexAttribute@10 (line 754)
                      ; - com.badlogic.gdx.graphics.glutils.VertexBufferObject::bind@124 (line 196)
                      ; - com.badlogic.gdx.graphics.Mesh::bind@6 (line 519)
                      ; - com.badlogic.gdx.graphics.Mesh::bind@4 (line 509)
                      ; - com.badlogic.gdx.graphics.Mesh::render@13 (line 624)
                      ;   {static_call}
  0x000000011a1eea38: 0616 ff97 

  0x000000011a1eea3c: ;   {oop(a 'java/lang/Class'{0x000000078676a900} = 'com/badlogic/gdx/Gdx')}
  0x000000011a1eea3c: 0a20 95d2 | cace b0f2 | ea00 c0f2 | 4a8d 40b9 | eb03 40f9 | 6c19 40b9 | 4ff1 7dd3 | ed07 40f9 
  0x000000011a1eea5c: b119 40b9 | 8af1 7dd3 

  0x000000011a1eea64: ; implicit exception: dispatches to 0x000000011a1efe48
  0x000000011a1eea64: 450d 40b9 | ec03 1daa | 9d75 4039 | a491 4039 | a20d 4229 | dd61 0035 

  0x000000011a1eea7c: ; implicit exception: dispatches to 0x000000011a1efe50
  0x000000011a1eea7c: ea09 40b9 

  0x000000011a1eea80: ;   {metadata('com/badlogic/gdx/backends/lwjgl3/Lwjgl3GL20')}
  0x000000011a1eea80: 6e20 a0d2 | 0e45 87f2 | 5f01 0e6b | 014c 0054 | fd03 0baa | ec1f 00f9 | 267e 4093 | e153 40b9 
  0x000000011a1eeaa0: ; ImmutableOopMap {rfp=Oop [40]=Oop [56]=Oop }
                      ;*invokestatic nglVertexAttribPointer {reexecute=0 rethrow=0 return_oop=0}
                      ; - org.lwjgl.opengl.GL20C::glVertexAttribPointer@8 (line 1892)
                      ; - org.lwjgl.opengl.GL20::glVertexAttribPointer@8 (line 1868)
                      ; - com.badlogic.gdx.backends.lwjgl3.Lwjgl3GL20::glVertexAttribPointer@10 (line 847)
                      ; - com.badlogic.gdx.graphics.glutils.ShaderProgram::setVertexAttribute@20 (line 693)
                      ; - com.badlogic.gdx.graphics.glutils.VertexBufferObject::bind@157 (line 198)
                      ; - com.badlogic.gdx.graphics.Mesh::bind@6 (line 519)
                      ; - com.badlogic.gdx.graphics.Mesh::bind@4 (line 509)
                      ; - com.badlogic.gdx.graphics.Mesh::render@13 (line 624)
                      ;   {static_call}
  0x000000011a1eeaa0: cc16 ff97 | eb47 40b9 | 6d05 0011 | f143 40b9 | bf01 116b | 8b0d 0054 | e503 1daa | ed17 40f9 
  0x000000011a1eeac0: aab1 4229 | 4ef1 7dd3 | ea03 0032 | 9df1 7dd3 | aa58 0039 | 3d8d 00b5 

  0x000000011a1eead8: ; implicit exception: dispatches to 0x000000011a1eff70
  0x000000011a1eead8: ca09 40b9 

  0x000000011a1eeadc: ;   {metadata('com/badlogic/gdx/graphics/glutils/IndexBufferObject')}
  0x000000011a1eeadc: 6c20 a0d2 | 0cee 92f2 | 5f01 0c6b | 8173 0054 | cb61 4039 | ab03 0035 | ca1d 40b9 | 4af1 7dd3 
  0x000000011a1eeafc: ; implicit exception: dispatches to 0x000000011a1effa8
  0x000000011a1eeafc: 4b1d 40b9 | 7f01 0071 | 0d03 0054 

  0x000000011a1eeb08: ;   {oop(a 'java/lang/Class'{0x000000078676a900} = 'com/badlogic/gdx/Gdx')}
  0x000000011a1eeb08: 0a20 95d2 | cace b0f2 | ea00 c0f2 | 4b8d 40b9 | c20d 40b9 | 7df1 7dd3 | 228e 0034 

  0x000000011a1eeb24: ; implicit exception: dispatches to 0x000000011a1effc0
  0x000000011a1eeb24: aa0b 40b9 

  0x000000011a1eeb28: ;   {metadata('com/badlogic/gdx/backends/lwjgl3/Lwjgl3GL20')}
  0x000000011a1eeb28: 6c20 a0d2 | 0c45 87f2 | 5f01 0c6b | a174 0054 | fd03 0eaa | e817 40f9 | e803 00f9 | 6112 9152 
  0x000000011a1eeb48: ; ImmutableOopMap {rfp=Oop [0]=Oop [40]=Oop [56]=Oop }
                      ;*invokestatic glBindBuffer {reexecute=0 rethrow=0 return_oop=0}
                      ; - org.lwjgl.opengl.GL15::glBindBuffer@2 (line 129)
                      ; - com.badlogic.gdx.backends.lwjgl3.Lwjgl3GL20::glBindBuffer@2 (line 80)
                      ; - com.badlogic.gdx.graphics.glutils.IndexBufferObject::bind@26 (line 189)
                      ; - com.badlogic.gdx.graphics.Mesh::bind@57 (line 521)
                      ; - com.badlogic.gdx.graphics.Mesh::bind@4 (line 509)
                      ; - com.badlogic.gdx.graphics.Mesh::render@13 (line 624)
                      ;   {static_call}
  0x000000011a1eeb48: a213 ff97 | ee03 1daa | cb59 4039 | 4b34 0035 | ea03 0032 | ca5d 0039 | ed17 40f9 | aa15 40b9 
  0x000000011a1eeb68: ;   {oop(a 'java/lang/Class'{0x000000078676a900} = 'com/badlogic/gdx/Gdx')}
  0x000000011a1eeb68: 0b20 95d2 | cbce b0f2 | eb00 c0f2 | bd35 4039 | 6c8d 40b9 | 4ef1 7dd3 | 1d89 0035 | bd39 4039 
  0x000000011a1eeb88: bd89 0035 

  0x000000011a1eeb8c: ; implicit exception: dispatches to 0x000000011a1eff78
  0x000000011a1eeb8c: ca09 40b9 | 8ff1 7dd3 

  0x000000011a1eeb94: ;   {metadata('com/badlogic/gdx/graphics/glutils/IndexBufferObject')}
  0x000000011a1eeb94: 6c20 a0d2 | 0cee 92f2 | 5f01 0c6b | 016f 0054 | cb61 4039 | 4b30 0035 | ca1d 40b9 | 4af1 7dd3 
  0x000000011a1eebb4: ; implicit exception: dispatches to 0x000000011a1effb0
  0x000000011a1eebb4: 4c1d 40b9 | 9f01 0071 | ad2f 0054 | 4a21 40b9 | eb1b 40b9 | e223 40b9 | 7d01 020b | bf03 0a6b 
  0x000000011a1eebd4: 6c89 0054 | 7d79 1f53 

  0x000000011a1eebdc: ; implicit exception: dispatches to 0x000000011a1effcc
  0x000000011a1eebdc: ea09 40b9 

  0x000000011a1eebe0: ;   {metadata('com/badlogic/gdx/backends/lwjgl3/Lwjgl3GL20')}
  0x000000011a1eebe0: 6c20 a0d2 | 0c45 87f2 | 5f01 0c6b | 0170 0054 | ed03 00f9 | a47f 4093 | 6380 8252 | e117 40b9 
  0x000000011a1eec00: ; ImmutableOopMap {[0]=Oop [56]=Oop }
                      ;*invokestatic nglDrawElements {reexecute=0 rethrow=0 return_oop=0}
                      ; - org.lwjgl.opengl.GL11C::glDrawElements@4 (line 543)
                      ; - org.lwjgl.opengl.GL11::glDrawElements@4 (line 1870)
                      ; - com.badlogic.gdx.backends.lwjgl3.Lwjgl3GL20::glDrawElements@6 (line 843)
                      ; - com.badlogic.gdx.graphics.Mesh::render@267 (line 650)
                      ;   {static_call}
  0x000000011a1eec00: d423 ff97 | f103 40f9 | 2a12 40b9 | 45f1 7dd3 

  0x000000011a1eec10: ; implicit exception: dispatches to 0x000000011a1eff80
  0x000000011a1eec10: ab08 40b9 

  0x000000011a1eec14: ;   {metadata('com/badlogic/gdx/graphics/glutils/VertexBufferObject')}
  0x000000011a1eec14: 6a20 a0d2 | 0a41 90f2 | 7f01 0a6b | c16b 0054 | aa18 40b9 | 4bf1 7dd3 

  0x000000011a1eec2c: ; implicit exception: dispatches to 0x000000011a1eff88
  0x000000011a1eec2c: 6c21 40b9 

  0x000000011a1eec30: ;   {oop(a 'java/lang/Class'{0x000000078676a900} = 'com/badlogic/gdx/Gdx')}
  0x000000011a1eec30: 0b20 95d2 | cbce b0f2 | eb00 c0f2 | 6b8d 40b9 | 8cf1 7dd3 

  0x000000011a1eec44: ; implicit exception: dispatches to 0x000000011a1eff90
  0x000000011a1eec44: 8c0d 40b9 | 74f1 7dd3 | 9f01 0071 | 491d 0054 | e21f 40f9 | 626f 00b4 | ee03 1f2a | 1d01 0014 
  0x000000011a1eec64: e503 1daa | aa18 40b9 | e61f 40f9 | 4af1 7dd3 

  0x000000011a1eec74: ; implicit exception: dispatches to 0x000000011a1efdf8
  0x000000011a1eec74: 4b21 40b9 | 7df1 7dd3 

  0x000000011a1eec7c: ; implicit exception: dispatches to 0x000000011a1efe04
  0x000000011a1eec7c: aa0f 40b9 | abcb 2d8b | bf01 0a6b | 0230 0054 | 6a11 40b9 | 4cf1 7dd3 

  0x000000011a1eec94: ; implicit exception: dispatches to 0x000000011a1efe10
  0x000000011a1eec94: 8b29 40b9 | ca34 40b9 | 6ef1 7dd3 | 4ff1 7dd3 

  0x000000011a1eeca4: ; implicit exception: dispatches to 0x000000011a1efe18
  0x000000011a1eeca4: eb21 40b9 

  0x000000011a1eeca8: ; implicit exception: dispatches to 0x000000011a1efeb4
  0x000000011a1eeca8: c40d 40b9 | ca15 40b9 | 70f1 7dd3 | e319 40b9 | 42f1 7dd3 | cb41 c039 | e4df ff35 | c045 4039 
  0x000000011a1eecc8: c026 0035 | 8b6c 0035 

  0x000000011a1eecd0: ; implicit exception: dispatches to 0x000000011a1eff24
  0x000000011a1eecd0: 400c 40b9 | 0a04 0051 | 1f00 0071 | 6959 0054 | 5f01 006b | a254 0054 | 010c 0051 | 4440 4039 
  0x000000011a1eecf0: 3f04 0071 | ad56 0054 | 8a68 1b53 | 5401 044b | e703 0032 | f303 0d2a | f603 0b2a | 0b00 074b 
  0x000000011a1eed10: 3f00 076b | 6a0d 0051 | eab3 8a1a | 5f81 3e71 | 0df4 8152 | aa81 8a1a | 4a01 070b | 1f20 03d5 
  0x000000011a1eed30: 55c0 278b | ad42 4039 | 8b02 0d0b | 6d69 1b53 | b446 4039 | ab01 0b4b | 6b01 140b | 6d69 1b53 
  0x000000011a1eed50: a44a 4039 | ad01 0b4b | a401 040b | 8d68 1b53 | ab4e 4039 | a401 044b | 8400 0b0b | 8b68 1b53 
  0x000000011a1eed70: e710 0011 | 7401 044b | ff00 0a6b | abfd ff54 

  0x000000011a1eed80: ; ImmutableOopMap {r12=Oop r14=Oop r15=Oop r16=Oop c_rarg2=Oop c_rarg5=Oop c_rarg6=Oop [40]=Oop }
                      ;*goto {reexecute=1 rethrow=0 return_oop=0}
                      ; - (reexecute) java.lang.StringLatin1::hashCode@37 (line 196)
                      ; - java.lang.String::hashCode@27 (line 2344)
                      ; - com.badlogic.gdx.utils.ObjectIntMap::place@1 (line 120)
                      ; - com.badlogic.gdx.utils.ObjectIntMap::locateKey@21 (line 128)
                      ; - com.badlogic.gdx.utils.ObjectIntMap::get@2 (line 187)
                      ; - com.badlogic.gdx.graphics.glutils.ShaderProgram::getAttributeLocation@6 (line 877)
                      ; - com.badlogic.gdx.graphics.glutils.VertexBufferObject::bind@108 (line 194)
                      ; - com.badlogic.gdx.graphics.Mesh::bind@6 (line 519)
                      ; - com.badlogic.gdx.graphics.Mesh::bind@4 (line 509)
                      ; - com.badlogic.gdx.graphics.Mesh::render@13 (line 624)
  0x000000011a1eed80: 8aa7 41f9 

  0x000000011a1eed84: ;   {poll}
  0x000000011a1eed84: 5f01 40b9 | ff00 016b | 0bfc ff54 | ed03 132a | eb03 162a | ff00 006b | cbd7 ff54 | c5fe ff17 
  0x000000011a1eeda4: ec03 012a | ee03 172a | ed03 192a | 4101 004b | 7f01 006b | 210c 0051 | fdb3 811a | bf83 3e71 
  0x000000011a1eedc4: 10f4 8152 | 0182 9d1a | 3d00 000b | e103 0c2a | f703 0e2a | f903 0d2a | 1f20 03d5 | a4c2 208b 
  0x000000011a1eede4: 8d40 4039 | 6c00 0d0b | 8d69 1b53 | 8e44 4039 | ac01 0c4b | 8d01 0e0b | b069 1b53 | 8c48 4039 
  0x000000011a1eee04: 0e02 0d4b | cc01 0c0b | 8d69 1b53 | 8e4c 4039 | ac01 0c4b | 9001 0e0b | 0d6a 1b53 | 0010 0011 
  0x000000011a1eee24: a301 104b | 1f00 1d6b | abfd ff54 

  0x000000011a1eee30: ; ImmutableOopMap {r17=Oop c_rarg2=Oop c_rarg5=Oop c_rarg6=Oop c_rarg7=Oop r19=Oop resp=Oop rdispatch=Oop rbcp=Oop }
                      ;*goto {reexecute=1 rethrow=0 return_oop=0}
                      ; - (reexecute) java.lang.StringLatin1::hashCode@37 (line 196)
                      ; - java.lang.String::hashCode@27 (line 2344)
                      ; - com.badlogic.gdx.utils.ObjectIntMap::place@1 (line 120)
                      ; - com.badlogic.gdx.utils.ObjectIntMap::locateKey@21 (line 128)
                      ; - com.badlogic.gdx.utils.ObjectIntMap::get@2 (line 187)
                      ; - com.badlogic.gdx.graphics.glutils.ShaderProgram::fetchAttributeLocation@11 (line 286)
                      ; - com.badlogic.gdx.graphics.glutils.ShaderProgram::disableVertexAttribute@10 (line 729)
                      ; - com.badlogic.gdx.graphics.glutils.VertexBufferObject::unbind@40 (line 230)
                      ; - com.badlogic.gdx.graphics.Mesh::unbind@6 (line 539)
                      ; - com.badlogic.gdx.graphics.Mesh::unbind@4 (line 529)
                      ; - com.badlogic.gdx.graphics.Mesh::render@323 (line 661)
  0x000000011a1eee30: 8ca7 41f9 

  0x000000011a1eee34: ;   {poll}
  0x000000011a1eee34: 9f01 40b9 | 1f00 0b6b | 4bfb ff54 | ec03 012a | ee03 172a | ed03 192a | 1f00 0a6b | 2a01 0054 
  0x000000011a1eee54: abc2 208b | 016a 1b53 | 6b41 4039 | 2100 104b | 0004 0011 | 3000 0b0b | 1f00 0a6b | 2bff ff54 
  0x000000011a1eee74: 1051 0034 | d00c 00b9 | 0a7e 4093 | ab82 8fd2 | 4be9 aff2 | 2b37 cff2 | ebc6 f3f2 | 4a7d 0b9b 
  0x000000011a1eee94: 4a25 cf9a | ea03 0a2a 

  0x000000011a1eee9c: ; implicit exception: dispatches to 0x000000011a1efe90
  0x000000011a1eee9c: 6b0e 40b9 | 6fca 2a8b | 5f01 0b6b | 6226 0054 | eb11 40b9 | f024 40b9 | 61f1 7dd3 | 10f2 7dd3 
  0x000000011a1eeebc: c116 00b4 | 2f08 40b9 

  0x000000011a1eeec4: ;   {metadata('java/lang/String')}
  0x000000011a1eeec4: 0000 a0d2 | 0084 9df2 | ff01 006b | a12f 0054 | 3f00 06eb | 6005 0054 | 2b14 40b9 | 3d40 c039 
  0x000000011a1eeee4: 6bf1 7dd3 | bf03 0d6b | 6136 0054 | ad0e 40b9 | 640d 40b9 | 9f00 0d6b | 2132 0054 | a342 0091 
  0x000000011a1eef04: 6141 0091 | 0000 80d2 | 8420 00f1 | 8b01 0054 | 2884 40f8 | 6984 40f8 | 8420 00f1 | 0801 09ca 
  0x000000011a1eef24: e802 00b5 | 6cff ff54 | 2868 64f8 | 6968 64f8 | 0901 09ca | 4902 00b5 | 1000 0014 | a400 1036 
  0x000000011a1eef44: 2844 40b8 | 6944 40b8 | 0801 094a | 8801 0035 | a400 0836 | 2824 4078 | 6924 4078 | 0801 094a 
  0x000000011a1eef64: e800 0035 | a400 0036 | 2800 4039 | 6900 4039 | 0801 094a | 4800 0035 | e003 40b2 | 402e 0034 
  0x000000011a1eef84: 6a3c f837 

  0x000000011a1eef88: ; implicit exception: dispatches to 0x000000011a1efe9c
  0x000000011a1eef88: 0d0e 40b9 | 0bca 2a8b | 5f01 0d6b | 6220 0054 | 6111 40b9 | 3f08 0031 | a03c 0054 | 3f04 0031 
  0x000000011a1eefa8: 803d 0054 

  0x000000011a1eefac: ; implicit exception: dispatches to 0x000000011a1efea8
  0x000000011a1eefac: cb0a 40b9 

  0x000000011a1eefb0: ;   {metadata('com/badlogic/gdx/backends/lwjgl3/Lwjgl3GL20')}
  0x000000011a1eefb0: 6a20 a0d2 | 0a45 87f2 | 7f01 0a6b | c124 0054 | e503 00f9 | ec3b 0129 | f40b 00f9 | e21f 00f9 
  0x000000011a1eefd0: fd03 11aa 

  0x000000011a1eefd4: ; ImmutableOopMap {rfp=Oop [0]=Oop [16]=Oop [56]=Oop }
                      ;*invokestatic glDisableVertexAttribArray {reexecute=0 rethrow=0 return_oop=0}
                      ; - org.lwjgl.opengl.GL20::glDisableVertexAttribArray@1 (line 1948)
                      ; - com.badlogic.gdx.backends.lwjgl3.Lwjgl3GL20::glDisableVertexAttribArray@1 (line 271)
                      ; - com.badlogic.gdx.graphics.glutils.ShaderProgram::disableVertexAttribute@22 (line 731)
                      ; - com.badlogic.gdx.graphics.glutils.VertexBufferObject::unbind@40 (line 230)
                      ; - com.badlogic.gdx.graphics.Mesh::unbind@6 (line 539)
                      ; - com.badlogic.gdx.graphics.Mesh::unbind@4 (line 529)
                      ; - com.badlogic.gdx.graphics.Mesh::render@323 (line 661)
                      ;   {static_call}
  0x000000011a1eefd4: 5f16 ff97 | eb0f 40b9 | 6e05 0011 | ec0b 40b9 | df01 0c6b | cb06 0054 | f103 1daa | e503 40f9 
  0x000000011a1eeff4: f40b 40f9 

  0x000000011a1eeff8: ; implicit exception: dispatches to 0x000000011a1eff98
  0x000000011a1eeff8: 8b0a 40b9 

  0x000000011a1eeffc: ;   {metadata('com/badlogic/gdx/backends/lwjgl3/Lwjgl3GL20')}
  0x000000011a1eeffc: 6a20 a0d2 | 0a45 87f2 | 7f01 0a6b | 014d 0054 | e503 00f9 | fd03 11aa | 4112 9152 | e203 1f2a 
  0x000000011a1ef01c: ; ImmutableOopMap {rfp=Oop [0]=Oop [56]=Oop }
                      ;*invokestatic glBindBuffer {reexecute=0 rethrow=0 return_oop=0}
                      ; - org.lwjgl.opengl.GL15::glBindBuffer@2 (line 129)
                      ; - com.badlogic.gdx.backends.lwjgl3.Lwjgl3GL20::glBindBuffer@2 (line 80)
                      ; - com.badlogic.gdx.graphics.glutils.VertexBufferObject::unbind@89 (line 238)
                      ; - com.badlogic.gdx.graphics.Mesh::unbind@6 (line 539)
                      ; - com.badlogic.gdx.graphics.Mesh::unbind@4 (line 529)
                      ; - com.badlogic.gdx.graphics.Mesh::render@323 (line 661)
                      ;   {static_call}
  0x000000011a1ef01c: 6d12 ff97 | eb03 1daa | 6ab1 4229 | 4df1 7dd3 | 9df1 7dd3 | ea03 40f9 | 5f59 0039 | 1d65 00b5 
  0x000000011a1ef03c: ; implicit exception: dispatches to 0x000000011a1effa0
  0x000000011a1ef03c: aa09 40b9 

  0x000000011a1ef040: ;   {metadata('com/badlogic/gdx/graphics/glutils/IndexBufferObject')}
  0x000000011a1ef040: 6c20 a0d2 | 0cee 92f2 | 5f01 0c6b | 614b 0054 | ab61 4039 | ab02 0035 | aa1d 40b9 | 4af1 7dd3 
  0x000000011a1ef060: ; implicit exception: dispatches to 0x000000011a1effb8
  0x000000011a1ef060: 4b1d 40b9 | 7f01 0071 | 0d02 0054 

  0x000000011a1ef06c: ;   {oop(a 'java/lang/Class'{0x000000078676a900} = 'com/badlogic/gdx/Gdx')}
  0x000000011a1ef06c: 0a20 95d2 | cace b0f2 | ea00 c0f2 | 4b8d 40b9 | 7df1 7dd3 

  0x000000011a1ef080: ; implicit exception: dispatches to 0x000000011a1effd4
  0x000000011a1ef080: aa0b 40b9 

  0x000000011a1ef084: ;   {metadata('com/badlogic/gdx/backends/lwjgl3/Lwjgl3GL20')}
  0x000000011a1ef084: 6c20 a0d2 | 0c45 87f2 | 5f01 0c6b | 814b 0054 | fd03 0daa | 6112 9152 | e203 1f2a 

  0x000000011a1ef0a0: ; ImmutableOopMap {rfp=Oop }
                      ;*invokestatic glBindBuffer {reexecute=0 rethrow=0 return_oop=0}
                      ; - org.lwjgl.opengl.GL15::glBindBuffer@2 (line 129)
                      ; - com.badlogic.gdx.backends.lwjgl3.Lwjgl3GL20::glBindBuffer@2 (line 80)
                      ; - com.badlogic.gdx.graphics.glutils.IndexBufferObject::unbind@6 (line 200)
                      ; - com.badlogic.gdx.graphics.Mesh::unbind@57 (line 541)
                      ; - com.badlogic.gdx.graphics.Mesh::unbind@4 (line 529)
                      ; - com.badlogic.gdx.graphics.Mesh::render@323 (line 661)
                      ;   {static_call}
  0x000000011a1ef0a0: 4c12 ff97 | bf5f 0039 | fd7b 4aa9 | ffc3 0291 

  0x000000011a1ef0b0: ;   {poll_return}
  0x000000011a1ef0b0: 88a3 41f9 | ff63 28eb | 687d 0054 | c003 5fd6 | e503 40f9 | aa18 40b9 | f103 1daa | f40b 40f9 
  0x000000011a1ef0d0: e21f 40f9 | 4af1 7dd3 

  0x000000011a1ef0d8: ; implicit exception: dispatches to 0x000000011a1efe64
  0x000000011a1ef0d8: 4a21 40b9 | 5df1 7dd3 

  0x000000011a1ef0e0: ; implicit exception: dispatches to 0x000000011a1efe70
  0x000000011a1ef0e0: ab0f 40b9 | aacb 2e8b | df01 0b6b | 4213 0054 | 4b11 40b9 | 6af1 7dd3 

  0x000000011a1ef0f8: ; implicit exception: dispatches to 0x000000011a1efe7c
  0x000000011a1ef0f8: 4a29 40b9 

  0x000000011a1ef0fc: ;   {oop(a 'java/lang/Class'{0x000000078676a900} = 'com/badlogic/gdx/Gdx')}
  0x000000011a1ef0fc: 0b20 95d2 | cbce b0f2 | eb00 c0f2 | 6d8d 40b9 | 5d74 4039 | 4b34 40b9 | 46f1 7dd3 | b6f1 7dd3 
  0x000000011a1ef11c: bd2e 0035 | 67f1 7dd3 

  0x000000011a1ef124: ; implicit exception: dispatches to 0x000000011a1efe84
  0x000000011a1ef124: eb20 40b9 

  0x000000011a1ef128: ; implicit exception: dispatches to 0x000000011a1efefc
  0x000000011a1ef128: d00c 40b9 | ca14 40b9 | ef18 40b9 | 73f1 7dd3 | 55f1 7dd3 | cd40 c039 | f0e9 ff35 | cb44 4039 
  0x000000011a1ef148: 0b03 0035 | 0d4b 0035 

  0x000000011a1ef150: ; implicit exception: dispatches to 0x000000011a1eff2c
  0x000000011a1ef150: aa0e 40b9 | 4b05 0051 | 5f01 0071 | e938 0054 | 7f01 0a6b | 6233 0054 | 4b0d 0051 | b042 4039 
  0x000000011a1ef170: 7f05 0071 | 6d34 0054 | 006a 1b53 | 0300 104b | e003 0032 | 0bff ff17 | 0b00 a012 | 6101 014b 
  0x000000011a1ef190: 16fe ff17 | 0d00 a012 | aa01 0a4b | 7aff ff17 | e403 1f2a | c6fd ff17 | f003 1f2a | 34ff ff17 
  0x000000011a1ef1b0: ; implicit exception: dispatches to 0x000000011a1effdc
  0x000000011a1ef1b0: eb09 40b9 

  0x000000011a1ef1b4: ;   {metadata('com/badlogic/gdx/backends/lwjgl3/Lwjgl3GL20')}
  0x000000011a1ef1b4: 6a20 a0d2 | 0a45 87f2 | 7f01 0a6b | 215b 0054 | ed03 00f9 | e103 0faa | e28f 4229 | e423 40b9 
  0x000000011a1ef1d4: ; ImmutableOopMap {[0]=Oop [56]=Oop }
                      ;*invokeinterface glDrawArrays {reexecute=0 rethrow=0 return_oop=0}
                      ; - com.badlogic.gdx.graphics.Mesh::render@311 (line 656)
                      ;   {optimized virtual_call}
  0x000000011a1ef1d4: 1b04 0094 | 8bfe ff17 | cca9 4329 | 4ff1 7dd3 | 8af1 7dd3 

  0x000000011a1ef1e8: ; implicit exception: dispatches to 0x000000011a1f0040
  0x000000011a1ef1e8: 4a1d 40b9 | 5079 1f53 

  0x000000011a1ef1f0: ; implicit exception: dispatches to 0x000000011a1f0048
  0x000000011a1ef1f0: eb09 40b9 

  0x000000011a1ef1f4: ;   {metadata('java/nio/DirectByteBuffer')}
  0x000000011a1ef1f4: 0d01 a0d2 | 0dda 88f2 

  0x000000011a1ef1fc: ;   {oop(a 'java/lang/Class'{0x000000078676a900} = 'com/badlogic/gdx/Gdx')}
  0x000000011a1ef1fc: 0a20 95d2 | cace b0f2 | ea00 c0f2 | 7f01 0d6b | 4c8d 40b9 | 6159 0054 | ea03 0faa | 4d21 40b9 
  0x000000011a1ef21c: 4b0d 40b9 | 5d19 40b9 | 91f1 7dd3 | 1f02 0d6b | 8c5a 0054 | 705b f837 | 501d 00b9 | bf03 106b 
  0x000000011a1ef23c: ec5b 0054 | 7f01 106b | ac5c 0054 | cd11 40b9 

  0x000000011a1ef24c: ; implicit exception: dispatches to 0x000000011a1f0054
  0x000000011a1ef24c: 2a0a 40b9 

  0x000000011a1ef250: ;   {metadata('com/badlogic/gdx/backends/lwjgl3/Lwjgl3GL20')}
  0x000000011a1ef250: 6c20 a0d2 | 0c45 87f2 | 5f01 0c6b | e157 0054 | fd03 0eaa | e103 11aa | 6212 9152 | e303 102a 
  0x000000011a1ef270: e403 0faa | e503 0d2a 

  0x000000011a1ef278: ; ImmutableOopMap {rfp=Oop [40]=Oop [56]=Oop }
                      ;*invokeinterface glBufferData {reexecute=0 rethrow=0 return_oop=0}
                      ; - com.badlogic.gdx.graphics.glutils.IndexBufferObject::bind@75 (line 192)
                      ; - com.badlogic.gdx.graphics.Mesh::bind@57 (line 521)
                      ; - com.badlogic.gdx.graphics.Mesh::bind@4 (line 509)
                      ; - com.badlogic.gdx.graphics.Mesh::render@13 (line 624)
                      ;   {optimized virtual_call}
  0x000000011a1ef278: 2237 e897 | ee03 1daa | df59 0039 | 35fe ff17 | e817 40b9 | e813 00b9 | e81b 40b9 | e817 00b9 
  0x000000011a1ef298: e823 40b9 | e81b 00b9 | e817 40f9 | e813 00f9 | 6103 8012 | e697 02a9 | e61f 00f9 | f143 00b9 
  0x000000011a1ef2b8: ed4b 00b9 

  0x000000011a1ef2bc: ; ImmutableOopMap {rfp=Oop [32]=Oop [40]=Oop [48]=Oop [56]=Oop }
                      ;*aaload {reexecute=0 rethrow=0 return_oop=0}
                      ; - com.badlogic.gdx.graphics.VertexAttributes::get@5 (line 116)
                      ; - com.badlogic.gdx.graphics.glutils.VertexBufferObject::bind@97 (line 193)
                      ; - com.badlogic.gdx.graphics.Mesh::bind@6 (line 519)
                      ; - com.badlogic.gdx.graphics.Mesh::bind@4 (line 509)
                      ; - com.badlogic.gdx.graphics.Mesh::render@13 (line 624)
                      ;   {runtime_call UncommonTrapBlob}
  0x000000011a1ef2bc: 7151 e897 | e817 40b9 | e80b 00b9 | e81b 40b9 | e80f 00b9 | e81f 40b9 | e817 00b9 | e173 00b9 
  0x000000011a1ef2dc: e823 40b9 | e813 00b9 | e817 40f9 | e80f 00f9 | 6103 8012 | e617 02a9 | e61b 00f9 | f137 0729 
  0x000000011a1ef2fc: ec23 00f9 | ef3b 05a9 | f037 00f9 

  0x000000011a1ef308: ; ImmutableOopMap {[24]=Oop [32]=Oop [40]=Oop [48]=Oop [64]=Oop [80]=Oop [88]=Oop [104]=Oop }
                      ;*aaload {reexecute=0 rethrow=0 return_oop=0}
                      ; - com.badlogic.gdx.utils.ObjectIntMap::locateKey@27 (line 129)
                      ; - com.badlogic.gdx.utils.ObjectIntMap::get@2 (line 187)
                      ; - com.badlogic.gdx.graphics.glutils.ShaderProgram::getAttributeLocation@6 (line 877)
                      ; - com.badlogic.gdx.graphics.glutils.VertexBufferObject::bind@108 (line 194)
                      ; - com.badlogic.gdx.graphics.Mesh::bind@6 (line 519)
                      ; - com.badlogic.gdx.graphics.Mesh::bind@4 (line 509)
                      ; - com.badlogic.gdx.graphics.Mesh::render@13 (line 624)
                      ;   {runtime_call UncommonTrapBlob}
  0x000000011a1ef308: 5e51 e897 | e817 40b9 | e80b 00b9 | e81b 40b9 | e80f 00b9 | e81f 40b9 | e817 00b9 | e14b 00b9 
  0x000000011a1ef328: e823 40b9 | e813 00b9 | e817 40f9 | e80f 00f9 | 6103 8012 | e617 02a9 | e61b 00f9 | f137 0729 
  0x000000011a1ef348: ec23 00f9 | e72b 00f9 

  0x000000011a1ef350: ; ImmutableOopMap {[24]=Oop [32]=Oop [40]=Oop [48]=Oop [64]=Oop [80]=Oop }
                      ;*iaload {reexecute=0 rethrow=0 return_oop=0}
                      ; - com.badlogic.gdx.utils.ObjectIntMap::get@19 (line 188)
                      ; - com.badlogic.gdx.graphics.glutils.ShaderProgram::getAttributeLocation@6 (line 877)
                      ; - com.badlogic.gdx.graphics.glutils.VertexBufferObject::bind@108 (line 194)
                      ; - com.badlogic.gdx.graphics.Mesh::bind@6 (line 519)
                      ; - com.badlogic.gdx.graphics.Mesh::bind@4 (line 509)
                      ; - com.badlogic.gdx.graphics.Mesh::render@13 (line 624)
                      ;   {runtime_call UncommonTrapBlob}
  0x000000011a1ef350: 4c51 e897 | 6103 8012 | f103 00f9 | e50b 01a9 | f413 00f9 | ec2b 00b9 | e21b 00f9 | ee3b 00b9 
  0x000000011a1ef370: ; ImmutableOopMap {rfp=Oop [0]=Oop [16]=Oop [24]=Oop [32]=Oop [48]=Oop }
                      ;*aaload {reexecute=0 rethrow=0 return_oop=0}
                      ; - com.badlogic.gdx.graphics.VertexAttributes::get@5 (line 116)
                      ; - com.badlogic.gdx.graphics.glutils.VertexBufferObject::unbind@34 (line 230)
                      ; - com.badlogic.gdx.graphics.Mesh::unbind@6 (line 539)
                      ; - com.badlogic.gdx.graphics.Mesh::unbind@4 (line 529)
                      ; - com.badlogic.gdx.graphics.Mesh::render@323 (line 661)
                      ;   {runtime_call UncommonTrapBlob}
  0x000000011a1ef370: 4451 e897 | 6103 8012 | fd03 11aa | e58b 00a9 | f40f 00f9 | ec3b 0429 | e21b 00f9 | f623 00f9 
  0x000000011a1ef390: e71b 05a9 | f337 00f9 | ea73 00b9 

  0x000000011a1ef39c: ; ImmutableOopMap {rfp=Oop [8]=Oop [16]=Oop [24]=Oop [48]=Oop [64]=Oop [80]=Oop [88]=Oop [104]=Oop }
                      ;*aaload {reexecute=0 rethrow=0 return_oop=0}
                      ; - com.badlogic.gdx.utils.ObjectIntMap::locateKey@27 (line 129)
                      ; - com.badlogic.gdx.utils.ObjectIntMap::get@2 (line 187)
                      ; - com.badlogic.gdx.graphics.glutils.ShaderProgram::fetchAttributeLocation@11 (line 286)
                      ; - com.badlogic.gdx.graphics.glutils.ShaderProgram::disableVertexAttribute@10 (line 729)
                      ; - com.badlogic.gdx.graphics.glutils.VertexBufferObject::unbind@40 (line 230)
                      ; - com.badlogic.gdx.graphics.Mesh::unbind@6 (line 539)
                      ; - com.badlogic.gdx.graphics.Mesh::unbind@4 (line 529)
                      ; - com.badlogic.gdx.graphics.Mesh::render@323 (line 661)
                      ;   {runtime_call UncommonTrapBlob}
  0x000000011a1ef39c: 3951 e897 | 6103 8012 | fd03 11aa | e58b 00a9 | f40f 00f9 | ec3b 0429 | e21b 03a9 | f623 00f9 
  0x000000011a1ef3bc: ea4b 00b9 | f02b 00f9 

  0x000000011a1ef3c4: ; ImmutableOopMap {rfp=Oop [8]=Oop [16]=Oop [24]=Oop [48]=Oop [56]=Oop [64]=Oop [80]=Oop }
                      ;*iaload {reexecute=0 rethrow=0 return_oop=0}
                      ; - com.badlogic.gdx.utils.ObjectIntMap::get@19 (line 188)
                      ; - com.badlogic.gdx.graphics.glutils.ShaderProgram::fetchAttributeLocation@11 (line 286)
                      ; - com.badlogic.gdx.graphics.glutils.ShaderProgram::disableVertexAttribute@10 (line 729)
                      ; - com.badlogic.gdx.graphics.glutils.VertexBufferObject::unbind@40 (line 230)
                      ; - com.badlogic.gdx.graphics.Mesh::unbind@6 (line 539)
                      ; - com.badlogic.gdx.graphics.Mesh::unbind@4 (line 529)
                      ; - com.badlogic.gdx.graphics.Mesh::render@323 (line 661)
                      ;   {runtime_call UncommonTrapBlob}
  0x000000011a1ef3c4: 2f51 e897 | e817 40b9 | e80b 00b9 | e81b 40b9 | e80f 00b9 | e81f 40b9 | e817 00b9 | e823 40b9 
  0x000000011a1ef3e4: e813 00b9 | e817 40f9 | e80f 00f9 | 2104 8012 | e617 02a9 | e61b 00f9 | f137 0729 | ec3f 04a9 
  0x000000011a1ef404: eb53 00b9 

  0x000000011a1ef408: ; ImmutableOopMap {[24]=Oop [32]=Oop [40]=Oop [48]=Oop [64]=Oop [72]=Oop }
                      ;*invokeinterface glEnableVertexAttribArray {reexecute=0 rethrow=0 return_oop=0}
                      ; - com.badlogic.gdx.graphics.glutils.ShaderProgram::enableVertexAttribute@10 (line 754)
                      ; - com.badlogic.gdx.graphics.glutils.VertexBufferObject::bind@124 (line 196)
                      ; - com.badlogic.gdx.graphics.Mesh::bind@6 (line 519)
                      ; - com.badlogic.gdx.graphics.Mesh::bind@4 (line 509)
                      ; - com.badlogic.gdx.graphics.Mesh::render@13 (line 624)
                      ;   {runtime_call UncommonTrapBlob}
  0x000000011a1ef408: 1e51 e897 | e817 40b9 | e80b 00b9 | e81b 40b9 | e80f 00b9 | e81f 40b9 | e817 00b9 | e823 40b9 
  0x000000011a1ef428: e813 00b9 | e817 40f9 | e80f 00f9 | 2104 8012 | ec2f 02a9 | ec1b 00f9 | ef27 00f9 | f197 0a29 
  0x000000011a1ef448: e48b 0b29 | e367 00b9 

  0x000000011a1ef450: ; ImmutableOopMap {[24]=Oop [32]=Oop [40]=Oop [48]=Oop [72]=Oop }
                      ;*invokeinterface glVertexAttribPointer {reexecute=0 rethrow=0 return_oop=0}
                      ; - com.badlogic.gdx.graphics.glutils.ShaderProgram::setVertexAttribute@20 (line 693)
                      ; - com.badlogic.gdx.graphics.glutils.VertexBufferObject::bind@157 (line 198)
                      ; - com.badlogic.gdx.graphics.Mesh::bind@6 (line 519)
                      ; - com.badlogic.gdx.graphics.Mesh::bind@4 (line 509)
                      ; - com.badlogic.gdx.graphics.Mesh::render@13 (line 624)
                      ;   {runtime_call UncommonTrapBlob}
  0x000000011a1ef450: 0c51 e897 | e133 00b9 | 2104 8012 | fd03 11aa | e58b 00a9 | f40f 00f9 | ec3b 0429 | f617 00f9 
  0x000000011a1ef470: ; ImmutableOopMap {rfp=Oop [8]=Oop [16]=Oop [24]=Oop [40]=Oop }
                      ;*invokeinterface glDisableVertexAttribArray {reexecute=0 rethrow=0 return_oop=0}
                      ; - com.badlogic.gdx.graphics.glutils.ShaderProgram::disableVertexAttribute@22 (line 731)
                      ; - com.badlogic.gdx.graphics.glutils.VertexBufferObject::unbind@40 (line 230)
                      ; - com.badlogic.gdx.graphics.Mesh::unbind@6 (line 539)
                      ; - com.badlogic.gdx.graphics.Mesh::unbind@4 (line 529)
                      ; - com.badlogic.gdx.graphics.Mesh::render@323 (line 661)
                      ;   {runtime_call UncommonTrapBlob}
  0x000000011a1ef470: 0451 e897 | e817 40b9 | e80b 00b9 | e81b 40b9 | e80f 00b9 | e81f 40b9 | e817 00b9 | e173 00b9 
  0x000000011a1ef490: e823 40b9 | e813 00b9 | e817 40f9 | e80f 00f9 | 2104 8012 | e617 02a9 | e61b 00f9 | f137 0729 
  0x000000011a1ef4b0: ec23 00f9 | ef2b 00f9 | f03b 06a9 | e43f 00f9 

  0x000000011a1ef4c0: ; ImmutableOopMap {[24]=Oop [32]=Oop [40]=Oop [48]=Oop [64]=Oop [80]=Oop [96]=Oop [104]=Oop [120]=Oop }
                      ;*invokevirtual equals {reexecute=0 rethrow=0 return_oop=0}
                      ; - com.badlogic.gdx.utils.ObjectIntMap::locateKey@43 (line 131)
                      ; - com.badlogic.gdx.utils.ObjectIntMap::get@2 (line 187)
                      ; - com.badlogic.gdx.graphics.glutils.ShaderProgram::getAttributeLocation@6 (line 877)
                      ; - com.badlogic.gdx.graphics.glutils.VertexBufferObject::bind@108 (line 194)
                      ; - com.badlogic.gdx.graphics.Mesh::bind@6 (line 519)
                      ; - com.badlogic.gdx.graphics.Mesh::bind@4 (line 509)
                      ; - com.badlogic.gdx.graphics.Mesh::render@13 (line 624)
                      ;   {runtime_call UncommonTrapBlob}
  0x000000011a1ef4c0: f050 e897 | e13f 00f9 | 2104 8012 | fd03 11aa | e58b 00a9 | f40f 00f9 | ec3b 0429 | e21b 00f9 
  0x000000011a1ef4e0: f623 00f9 | e71b 05a9 | f31b 06a9 | ea73 00b9 

  0x000000011a1ef4f0: ; ImmutableOopMap {rfp=Oop [8]=Oop [16]=Oop [24]=Oop [48]=Oop [64]=Oop [80]=Oop [88]=Oop [96]=Oop [104]=Oop [120]=Oop }
                      ;*invokevirtual equals {reexecute=0 rethrow=0 return_oop=0}
                      ; - com.badlogic.gdx.utils.ObjectIntMap::locateKey@43 (line 131)
                      ; - com.badlogic.gdx.utils.ObjectIntMap::get@2 (line 187)
                      ; - com.badlogic.gdx.graphics.glutils.ShaderProgram::fetchAttributeLocation@11 (line 286)
                      ; - com.badlogic.gdx.graphics.glutils.ShaderProgram::disableVertexAttribute@10 (line 729)
                      ; - com.badlogic.gdx.graphics.glutils.VertexBufferObject::unbind@40 (line 230)
                      ; - com.badlogic.gdx.graphics.Mesh::unbind@6 (line 539)
                      ; - com.badlogic.gdx.graphics.Mesh::unbind@4 (line 529)
                      ; - com.badlogic.gdx.graphics.Mesh::render@323 (line 661)
                      ;   {runtime_call UncommonTrapBlob}
  0x000000011a1ef4f0: e450 e897 | fd03 1f2a | 0200 0014 | fd03 002a | e817 40b9 | e813 00b9 | e81b 40b9 | e817 00b9 
  0x000000011a1ef510: e823 40b9 | e81b 00b9 | e817 40f9 | e813 00f9 | 4117 8012 | e697 02a9 | e61f 00f9 | f137 0829 
  0x000000011a1ef530: ec27 00f9 | efbb 05a9 | f037 00f9 

  0x000000011a1ef53c: ; ImmutableOopMap {[32]=Oop [40]=Oop [48]=Oop [56]=Oop [72]=Oop [88]=Oop [96]=Oop [104]=Oop }
                      ;*ifeq {reexecute=1 rethrow=0 return_oop=0}
                      ; - (reexecute) com.badlogic.gdx.utils.ObjectIntMap::locateKey@46 (line 131)
                      ; - com.badlogic.gdx.utils.ObjectIntMap::get@2 (line 187)
                      ; - com.badlogic.gdx.graphics.glutils.ShaderProgram::getAttributeLocation@6 (line 877)
                      ; - com.badlogic.gdx.graphics.glutils.VertexBufferObject::bind@108 (line 194)
                      ; - com.badlogic.gdx.graphics.Mesh::bind@6 (line 519)
                      ; - com.badlogic.gdx.graphics.Mesh::bind@4 (line 509)
                      ; - com.badlogic.gdx.graphics.Mesh::render@13 (line 624)
                      ;   {runtime_call UncommonTrapBlob}
  0x000000011a1ef53c: d150 e897 | fd03 1f2a | 0200 0014 | fd03 002a | 4117 8012 | f103 00f9 | e50b 01a9 | f413 00f9 
  0x000000011a1ef55c: ec3b 0529 | e21f 00f9 | f627 00f9 | e79b 05a9 | f337 00f9 | ea73 00b9 

  0x000000011a1ef574: ; ImmutableOopMap {[0]=Oop [16]=Oop [24]=Oop [32]=Oop [56]=Oop [72]=Oop [88]=Oop [96]=Oop [104]=Oop }
                      ;*ifeq {reexecute=1 rethrow=0 return_oop=0}
                      ; - (reexecute) com.badlogic.gdx.utils.ObjectIntMap::locateKey@46 (line 131)
                      ; - com.badlogic.gdx.utils.ObjectIntMap::get@2 (line 187)
                      ; - com.badlogic.gdx.graphics.glutils.ShaderProgram::fetchAttributeLocation@11 (line 286)
                      ; - com.badlogic.gdx.graphics.glutils.ShaderProgram::disableVertexAttribute@10 (line 729)
                      ; - com.badlogic.gdx.graphics.glutils.VertexBufferObject::unbind@40 (line 230)
                      ; - com.badlogic.gdx.graphics.Mesh::unbind@6 (line 539)
                      ; - com.badlogic.gdx.graphics.Mesh::unbind@4 (line 529)
                      ; - com.badlogic.gdx.graphics.Mesh::render@323 (line 661)
                      ;   {runtime_call UncommonTrapBlob}
  0x000000011a1ef574: c350 e897 | e817 40b9 | e813 00b9 | e81b 40b9 | e817 00b9 | e823 40b9 | e81b 00b9 | e817 40f9 
  0x000000011a1ef594: e813 00f9 | 4117 8012 | e697 02a9 | e61f 00f9 | f137 0829 | ec27 00f9 | ef2f 00f9 | f0bb 06a9 
  0x000000011a1ef5b4: ; ImmutableOopMap {[32]=Oop [40]=Oop [48]=Oop [56]=Oop [72]=Oop [88]=Oop [104]=Oop [112]=Oop [128]=Oop }
                      ;*if_icmpne {reexecute=1 rethrow=0 return_oop=0}
                      ; - (reexecute) java.lang.String::equals@33 (line 1830)
                      ; - com.badlogic.gdx.utils.ObjectIntMap::locateKey@43 (line 131)
                      ; - com.badlogic.gdx.utils.ObjectIntMap::get@2 (line 187)
                      ; - com.badlogic.gdx.graphics.glutils.ShaderProgram::getAttributeLocation@6 (line 877)
                      ; - com.badlogic.gdx.graphics.glutils.VertexBufferObject::bind@108 (line 194)
                      ; - com.badlogic.gdx.graphics.Mesh::bind@6 (line 519)
                      ; - com.badlogic.gdx.graphics.Mesh::bind@4 (line 509)
                      ; - com.badlogic.gdx.graphics.Mesh::render@13 (line 624)
                      ;   {runtime_call UncommonTrapBlob}
  0x000000011a1ef5b4: b350 e897 | e143 00f9 | 4117 8012 | f103 00f9 | e50b 01a9 | f413 00f9 | ec3b 0529 | e21f 00f9 
  0x000000011a1ef5d4: f627 00f9 | e79b 05a9 | f39b 06a9 | ed2b 0f29 

  0x000000011a1ef5e4: ; ImmutableOopMap {[0]=Oop [16]=Oop [24]=Oop [32]=Oop [56]=Oop [72]=Oop [88]=Oop [96]=Oop [104]=Oop [112]=Oop [128]=Oop }
                      ;*if_icmpne {reexecute=1 rethrow=0 return_oop=0}
                      ; - (reexecute) java.lang.String::equals@33 (line 1830)
                      ; - com.badlogic.gdx.utils.ObjectIntMap::locateKey@43 (line 131)
                      ; - com.badlogic.gdx.utils.ObjectIntMap::get@2 (line 187)
                      ; - com.badlogic.gdx.graphics.glutils.ShaderProgram::fetchAttributeLocation@11 (line 286)
                      ; - com.badlogic.gdx.graphics.glutils.ShaderProgram::disableVertexAttribute@10 (line 729)
                      ; - com.badlogic.gdx.graphics.glutils.VertexBufferObject::unbind@40 (line 230)
                      ; - com.badlogic.gdx.graphics.Mesh::unbind@6 (line 539)
                      ; - com.badlogic.gdx.graphics.Mesh::unbind@4 (line 529)
                      ; - com.badlogic.gdx.graphics.Mesh::render@323 (line 661)
                      ;   {runtime_call UncommonTrapBlob}
  0x000000011a1ef5e4: a750 e897 | e817 40b9 | e80b 00b9 | e81b 40b9 | e80f 00b9 | e81f 40b9 | e817 00b9 | e153 00b9 
  0x000000011a1ef604: e823 40b9 | e813 00b9 | e817 40f9 | e80f 00f9 | 4117 8012 | e617 02a9 | e61b 00f9 | f137 0729 
  0x000000011a1ef624: ec3f 04a9 

  0x000000011a1ef628: ; ImmutableOopMap {[24]=Oop [32]=Oop [40]=Oop [48]=Oop [64]=Oop [72]=Oop }
                      ;*ifge {reexecute=1 rethrow=0 return_oop=0}
                      ; - (reexecute) com.badlogic.gdx.utils.ObjectIntMap::get@7 (line 188)
                      ; - com.badlogic.gdx.graphics.glutils.ShaderProgram::getAttributeLocation@6 (line 877)
                      ; - com.badlogic.gdx.graphics.glutils.VertexBufferObject::bind@108 (line 194)
                      ; - com.badlogic.gdx.graphics.Mesh::bind@6 (line 519)
                      ; - com.badlogic.gdx.graphics.Mesh::bind@4 (line 509)
                      ; - com.badlogic.gdx.graphics.Mesh::render@13 (line 624)
                      ;   {runtime_call UncommonTrapBlob}
  0x000000011a1ef628: 9650 e897 | e817 40b9 | e80b 00b9 | e81b 40b9 | e80f 00b9 | e81f 40b9 | e817 00b9 | e823 40b9 
  0x000000011a1ef648: e813 00b9 | e817 40f9 | e80f 00f9 | 4117 8012 | e617 02a9 | e61b 00f9 | f137 0729 | ec23 00f9 
  0x000000011a1ef668: eb4b 00b9 

  0x000000011a1ef66c: ; ImmutableOopMap {[24]=Oop [32]=Oop [40]=Oop [48]=Oop [64]=Oop }
                      ;*ifge {reexecute=1 rethrow=0 return_oop=0}
                      ; - (reexecute) com.badlogic.gdx.graphics.glutils.VertexBufferObject::bind@115 (line 195)
                      ; - com.badlogic.gdx.graphics.Mesh::bind@6 (line 519)
                      ; - com.badlogic.gdx.graphics.Mesh::bind@4 (line 509)
                      ; - com.badlogic.gdx.graphics.Mesh::render@13 (line 624)
                      ;   {runtime_call UncommonTrapBlob}
  0x000000011a1ef66c: 8550 e897 | e817 40b9 | e813 00b9 | e81b 40b9 | e817 00b9 | e823 40b9 | e81b 00b9 | e817 40f9 
  0x000000011a1ef68c: e813 00f9 | 4117 8012 | e697 02a9 | e61f 00f9 | f137 0829 | ec27 00f9 | ef2f 00f9 | eb63 00b9 
  0x000000011a1ef6ac: ; ImmutableOopMap {[32]=Oop [40]=Oop [48]=Oop [56]=Oop [72]=Oop [88]=Oop }
                      ;*ifeq {reexecute=1 rethrow=0 return_oop=0}
                      ; - (reexecute) com.badlogic.gdx.graphics.glutils.ShaderProgram::checkManaged@4 (line 758)
                      ; - com.badlogic.gdx.graphics.glutils.ShaderProgram::enableVertexAttribute@5 (line 753)
                      ; - com.badlogic.gdx.graphics.glutils.VertexBufferObject::bind@124 (line 196)
                      ; - com.badlogic.gdx.graphics.Mesh::bind@6 (line 519)
                      ; - com.badlogic.gdx.graphics.Mesh::bind@4 (line 509)
                      ; - com.badlogic.gdx.graphics.Mesh::render@13 (line 624)
                      ;   {runtime_call UncommonTrapBlob}
  0x000000011a1ef6ac: 7550 e897 | e817 40b9 | e813 00b9 | e81b 40b9 | e817 00b9 | e823 40b9 | e81b 00b9 | e817 40f9 
  0x000000011a1ef6cc: e813 00f9 | 4117 8012 | ecaf 02a9 | ec1f 00f9 | f157 00b9 | ef2f 00f9 | e513 0c29 | e20f 0d29 
  0x000000011a1ef6ec: ; ImmutableOopMap {[32]=Oop [40]=Oop [48]=Oop [56]=Oop [88]=Oop }
                      ;*ifeq {reexecute=1 rethrow=0 return_oop=0}
                      ; - (reexecute) com.badlogic.gdx.graphics.glutils.ShaderProgram::checkManaged@4 (line 758)
                      ; - com.badlogic.gdx.graphics.glutils.ShaderProgram::setVertexAttribute@6 (line 692)
                      ; - com.badlogic.gdx.graphics.glutils.VertexBufferObject::bind@157 (line 198)
                      ; - com.badlogic.gdx.graphics.Mesh::bind@6 (line 519)
                      ; - com.badlogic.gdx.graphics.Mesh::bind@4 (line 509)
                      ; - com.badlogic.gdx.graphics.Mesh::render@13 (line 624)
                      ;   {runtime_call UncommonTrapBlob}
  0x000000011a1ef6ec: 6550 e897 | 4117 8012 | f103 00f9 | e50b 01a9 | f413 00f9 | ec3b 0529 | e21b 03a9 | f623 00f9 
  0x000000011a1ef70c: ; ImmutableOopMap {[0]=Oop [16]=Oop [24]=Oop [32]=Oop [48]=Oop [56]=Oop [64]=Oop }
                      ;*ifeq {reexecute=1 rethrow=0 return_oop=0}
                      ; - (reexecute) com.badlogic.gdx.graphics.glutils.ShaderProgram::checkManaged@4 (line 758)
                      ; - com.badlogic.gdx.graphics.glutils.ShaderProgram::disableVertexAttribute@5 (line 728)
                      ; - com.badlogic.gdx.graphics.glutils.VertexBufferObject::unbind@40 (line 230)
                      ; - com.badlogic.gdx.graphics.Mesh::unbind@6 (line 539)
                      ; - com.badlogic.gdx.graphics.Mesh::unbind@4 (line 529)
                      ; - com.badlogic.gdx.graphics.Mesh::render@323 (line 661)
                      ;   {runtime_call UncommonTrapBlob}
  0x000000011a1ef70c: 5d50 e897 | 4117 8012 | fd03 11aa | e58b 00a9 | f40f 00f9 | ec3b 0429 | e21b 03a9 | f61f 04a9 
  0x000000011a1ef72c: ea53 00b9 

  0x000000011a1ef730: ; ImmutableOopMap {rfp=Oop [8]=Oop [16]=Oop [24]=Oop [48]=Oop [56]=Oop [64]=Oop [72]=Oop }
                      ;*ifge {reexecute=1 rethrow=0 return_oop=0}
                      ; - (reexecute) com.badlogic.gdx.utils.ObjectIntMap::get@7 (line 188)
                      ; - com.badlogic.gdx.graphics.glutils.ShaderProgram::fetchAttributeLocation@11 (line 286)
                      ; - com.badlogic.gdx.graphics.glutils.ShaderProgram::disableVertexAttribute@10 (line 729)
                      ; - com.badlogic.gdx.graphics.glutils.VertexBufferObject::unbind@40 (line 230)
                      ; - com.badlogic.gdx.graphics.Mesh::unbind@6 (line 539)
                      ; - com.badlogic.gdx.graphics.Mesh::unbind@4 (line 529)
                      ; - com.badlogic.gdx.graphics.Mesh::render@323 (line 661)
                      ;   {runtime_call UncommonTrapBlob}
  0x000000011a1ef730: 5450 e897 | e14b 00b9 | 4117 8012 | fd03 11aa | e58b 00a9 | f40f 00f9 | ec3b 0429 | e21b 03a9 
  0x000000011a1ef750: f623 00f9 

  0x000000011a1ef754: ; ImmutableOopMap {rfp=Oop [8]=Oop [16]=Oop [24]=Oop [48]=Oop [56]=Oop [64]=Oop }
                      ;*if_icmpne {reexecute=1 rethrow=0 return_oop=0}
                      ; - (reexecute) com.badlogic.gdx.graphics.glutils.ShaderProgram::fetchAttributeLocation@18 (line 286)
                      ; - com.badlogic.gdx.graphics.glutils.ShaderProgram::disableVertexAttribute@10 (line 729)
                      ; - com.badlogic.gdx.graphics.glutils.VertexBufferObject::unbind@40 (line 230)
                      ; - com.badlogic.gdx.graphics.Mesh::unbind@6 (line 539)
                      ; - com.badlogic.gdx.graphics.Mesh::unbind@4 (line 529)
                      ; - com.badlogic.gdx.graphics.Mesh::render@323 (line 661)
                      ;   {runtime_call UncommonTrapBlob}
  0x000000011a1ef754: 4b50 e897 | e133 00b9 | 4117 8012 | fd03 11aa | e58b 00a9 | f40f 00f9 | ec3b 0429 | f617 00f9 
  0x000000011a1ef774: ; ImmutableOopMap {rfp=Oop [8]=Oop [16]=Oop [24]=Oop [40]=Oop }
                      ;*if_icmpne {reexecute=1 rethrow=0 return_oop=0}
                      ; - (reexecute) com.badlogic.gdx.graphics.glutils.ShaderProgram::disableVertexAttribute@16 (line 730)
                      ; - com.badlogic.gdx.graphics.glutils.VertexBufferObject::unbind@40 (line 230)
                      ; - com.badlogic.gdx.graphics.Mesh::unbind@6 (line 539)
                      ; - com.badlogic.gdx.graphics.Mesh::unbind@4 (line 529)
                      ; - com.badlogic.gdx.graphics.Mesh::render@323 (line 661)
                      ;   {runtime_call UncommonTrapBlob}
  0x000000011a1ef774: 4350 e897 | e817 40b9 | e80b 00b9 | e81b 40b9 | e80f 00b9 | e81f 40b9 | e817 00b9 | e823 40b9 
  0x000000011a1ef794: e813 00b9 | e817 40f9 | e80f 00f9 | 2111 8012 | e617 02a9 | e61b 00f9 | f137 0729 | ec23 00f9 
  0x000000011a1ef7b4: ef2b 00f9 | f03f 06a9 | ee0b 07a9 | e087 00b9 

  0x000000011a1ef7c4: ; ImmutableOopMap {[24]=Oop [32]=Oop [40]=Oop [48]=Oop [64]=Oop [80]=Oop [96]=Oop [104]=Oop [112]=Oop [120]=Oop }
                      ;*if_icmpge {reexecute=1 rethrow=0 return_oop=0}
                      ; - (reexecute) java.lang.StringLatin1::hashCode@13 (line 196)
                      ; - java.lang.String::hashCode@27 (line 2344)
                      ; - com.badlogic.gdx.utils.ObjectIntMap::place@1 (line 120)
                      ; - com.badlogic.gdx.utils.ObjectIntMap::locateKey@21 (line 128)
                      ; - com.badlogic.gdx.utils.ObjectIntMap::get@2 (line 187)
                      ; - com.badlogic.gdx.graphics.glutils.ShaderProgram::getAttributeLocation@6 (line 877)
                      ; - com.badlogic.gdx.graphics.glutils.VertexBufferObject::bind@108 (line 194)
                      ; - com.badlogic.gdx.graphics.Mesh::bind@6 (line 519)
                      ; - com.badlogic.gdx.graphics.Mesh::bind@4 (line 509)
                      ; - com.badlogic.gdx.graphics.Mesh::render@13 (line 624)
                      ;   {runtime_call UncommonTrapBlob}
  0x000000011a1ef7c4: 2f50 e897 | e703 0032 | 73fd ff17 | 2111 8012 | fd03 11aa | e58b 00a9 | f40f 00f9 | ec3b 0429 
  0x000000011a1ef7e4: e21b 00f9 | f623 00f9 | e71b 05a9 | f31f 06a9 | e657 07a9 | ea87 00b9 

  0x000000011a1ef7fc: ; ImmutableOopMap {rfp=Oop [8]=Oop [16]=Oop [24]=Oop [48]=Oop [64]=Oop [80]=Oop [88]=Oop [96]=Oop [104]=Oop [112]=Oop [120]=Oop }
                      ;*if_icmpge {reexecute=1 rethrow=0 return_oop=0}
                      ; - (reexecute) java.lang.StringLatin1::hashCode@13 (line 196)
                      ; - java.lang.String::hashCode@27 (line 2344)
                      ; - com.badlogic.gdx.utils.ObjectIntMap::place@1 (line 120)
                      ; - com.badlogic.gdx.utils.ObjectIntMap::locateKey@21 (line 128)
                      ; - com.badlogic.gdx.utils.ObjectIntMap::get@2 (line 187)
                      ; - com.badlogic.gdx.graphics.glutils.ShaderProgram::fetchAttributeLocation@11 (line 286)
                      ; - com.badlogic.gdx.graphics.glutils.ShaderProgram::disableVertexAttribute@10 (line 729)
                      ; - com.badlogic.gdx.graphics.glutils.VertexBufferObject::unbind@40 (line 230)
                      ; - com.badlogic.gdx.graphics.Mesh::unbind@6 (line 539)
                      ; - com.badlogic.gdx.graphics.Mesh::unbind@4 (line 529)
                      ; - com.badlogic.gdx.graphics.Mesh::render@323 (line 661)
                      ;   {runtime_call UncommonTrapBlob}
  0x000000011a1ef7fc: 2150 e897 | e003 0032 | 92fd ff17 | e403 1f2a | ea03 06aa | eb03 05aa | e003 0d2a | 0400 0014 
  0x000000011a1ef81c: ea03 06aa | eb03 05aa | e003 0d2a | e817 40b9 | e80b 00b9 | e81b 40b9 | e80f 00b9 | e81f 40b9 
  0x000000011a1ef83c: e817 00b9 | e823 40b9 | e813 00b9 | e817 40f9 | e80f 00f9 | 4117 8012 | ea2f 02a9 | ea1b 00f9 
  0x000000011a1ef85c: f103 0729 | ec23 00f9 | ef2b 00f9 | f03f 06a9 | ee3b 00f9 | e47f 00b9 

  0x000000011a1ef874: ; ImmutableOopMap {[24]=Oop [32]=Oop [40]=Oop [48]=Oop [64]=Oop [80]=Oop [96]=Oop [104]=Oop [112]=Oop }
                      ;*ifne {reexecute=1 rethrow=0 return_oop=0}
                      ; - (reexecute) java.lang.String::hashCode@42 (line 2346)
                      ; - com.badlogic.gdx.utils.ObjectIntMap::place@1 (line 120)
                      ; - com.badlogic.gdx.utils.ObjectIntMap::locateKey@21 (line 128)
                      ; - com.badlogic.gdx.utils.ObjectIntMap::get@2 (line 187)
                      ; - com.badlogic.gdx.graphics.glutils.ShaderProgram::getAttributeLocation@6 (line 877)
                      ; - com.badlogic.gdx.graphics.glutils.VertexBufferObject::bind@108 (line 194)
                      ; - com.badlogic.gdx.graphics.Mesh::bind@6 (line 519)
                      ; - com.badlogic.gdx.graphics.Mesh::bind@4 (line 509)
                      ; - com.badlogic.gdx.graphics.Mesh::render@13 (line 624)
                      ;   {runtime_call UncommonTrapBlob}
  0x000000011a1ef874: 0350 e897 | ea03 11aa | f003 1f2a | eb03 02aa | ed03 05aa | ef03 14aa | f103 0e2a | 0600 0014 
  0x000000011a1ef894: ea03 11aa | eb03 02aa | ed03 05aa | ef03 14aa | f103 0e2a | 4117 8012 | fd03 0aaa | edaf 00a9 
  0x000000011a1ef8b4: ef0f 00f9 | ec47 0429 | eb1b 00f9 | f623 00f9 | e71b 05a9 | f31f 06a9 | e63b 00f9 | f07f 00b9 
  0x000000011a1ef8d4: ; ImmutableOopMap {rfp=Oop [8]=Oop [16]=Oop [24]=Oop [48]=Oop [64]=Oop [80]=Oop [88]=Oop [96]=Oop [104]=Oop [112]=Oop }
                      ;*ifne {reexecute=1 rethrow=0 return_oop=0}
                      ; - (reexecute) java.lang.String::hashCode@42 (line 2346)
                      ; - com.badlogic.gdx.utils.ObjectIntMap::place@1 (line 120)
                      ; - com.badlogic.gdx.utils.ObjectIntMap::locateKey@21 (line 128)
                      ; - com.badlogic.gdx.utils.ObjectIntMap::get@2 (line 187)
                      ; - com.badlogic.gdx.graphics.glutils.ShaderProgram::fetchAttributeLocation@11 (line 286)
                      ; - com.badlogic.gdx.graphics.glutils.ShaderProgram::disableVertexAttribute@10 (line 729)
                      ; - com.badlogic.gdx.graphics.glutils.VertexBufferObject::unbind@40 (line 230)
                      ; - com.badlogic.gdx.graphics.Mesh::unbind@6 (line 539)
                      ; - com.badlogic.gdx.graphics.Mesh::unbind@4 (line 529)
                      ; - com.badlogic.gdx.graphics.Mesh::render@323 (line 661)
                      ;   {runtime_call UncommonTrapBlob}
  0x000000011a1ef8d4: eb4f e897 | 2104 8012 | e313 0129 | e51b 0229 | ec8b 01a9 | eb8b 02a9 

  0x000000011a1ef8ec: ; ImmutableOopMap {[24]=Oop [32]=Oop [40]=Oop [48]=Oop }
                      ;*invokeinterface bind {reexecute=0 rethrow=0 return_oop=0}
                      ; - com.badlogic.gdx.graphics.Mesh::bind@6 (line 519)
                      ; - com.badlogic.gdx.graphics.Mesh::bind@4 (line 509)
                      ; - com.badlogic.gdx.graphics.Mesh::render@13 (line 624)
                      ;   {runtime_call UncommonTrapBlob}
  0x000000011a1ef8ec: e54f e897 | 2104 8012 | e81f 40f9 | e803 00f9 | e313 0129 | e51b 0229 | ec0f 00f9 | eb17 00f9 
  0x000000011a1ef90c: f023 00f9 | e24b 00b9 

  0x000000011a1ef914: ; ImmutableOopMap {[0]=Oop [24]=Oop [40]=Oop [64]=Oop }
                      ;*invokeinterface glBindBuffer {reexecute=0 rethrow=0 return_oop=0}
                      ; - com.badlogic.gdx.graphics.glutils.VertexBufferObject::bind@11 (line 183)
                      ; - com.badlogic.gdx.graphics.Mesh::bind@6 (line 519)
                      ; - com.badlogic.gdx.graphics.Mesh::bind@4 (line 509)
                      ; - com.badlogic.gdx.graphics.Mesh::render@13 (line 624)
                      ;   {runtime_call UncommonTrapBlob}
  0x000000011a1ef914: db4f e897 | e817 40b9 | e80b 00b9 | fd17 40f9 | 2104 8012 | e81f 40f9 | e803 00f9 | e81b 40b9 
  0x000000011a1ef934: e80f 00b9 | e823 40b9 | e813 00b9 | e81f 40b9 | e817 00b9 | ed17 00f9 | ec27 00f9 | ee53 00b9 
  0x000000011a1ef954: ; ImmutableOopMap {rfp=Oop [0]=Oop [40]=Oop [64]=Oop [72]=Oop }
                      ;*invokevirtual limit {reexecute=0 rethrow=0 return_oop=0}
                      ; - com.badlogic.gdx.graphics.glutils.VertexBufferObject::bind@36 (line 185)
                      ; - com.badlogic.gdx.graphics.Mesh::bind@6 (line 519)
                      ; - com.badlogic.gdx.graphics.Mesh::bind@4 (line 509)
                      ; - com.badlogic.gdx.graphics.Mesh::render@13 (line 624)
                      ;   {runtime_call UncommonTrapBlob}
  0x000000011a1ef954: cb4f e897 | e817 40b9 | e80b 00b9 | e81b 40b9 | e80f 00b9 | e81f 40b9 | e817 00b9 | 2104 8012 
  0x000000011a1ef974: ed0f 00f9 | ee17 00f9 

  0x000000011a1ef97c: ; ImmutableOopMap {[24]=Oop [40]=Oop [56]=Oop }
                      ;*invokeinterface getNumIndices {reexecute=0 rethrow=0 return_oop=0}
                      ; - com.badlogic.gdx.graphics.Mesh::bind@45 (line 521)
                      ; - com.badlogic.gdx.graphics.Mesh::bind@4 (line 509)
                      ; - com.badlogic.gdx.graphics.Mesh::render@13 (line 624)
                      ;   {runtime_call UncommonTrapBlob}
  0x000000011a1ef97c: c14f e897 | ee17 00f9 | 2104 8012 | fd03 0daa | e817 40b9 | e80b 00b9 

  0x000000011a1ef994: ; ImmutableOopMap {rfp=Oop [40]=Oop [56]=Oop }
                      ;*invokeinterface getNumIndices {reexecute=0 rethrow=0 return_oop=0}
                      ; - com.badlogic.gdx.graphics.Mesh::render@135 (line 641)
                      ;   {runtime_call UncommonTrapBlob}
  0x000000011a1ef994: bb4f e897 | 2104 8012 | fd03 40f9 | e507 00f9 

  0x000000011a1ef9a4: ; ImmutableOopMap {rfp=Oop [8]=Oop [56]=Oop }
                      ;*invokeinterface unbind {reexecute=0 rethrow=0 return_oop=0}
                      ; - com.badlogic.gdx.graphics.Mesh::unbind@6 (line 539)
                      ; - com.badlogic.gdx.graphics.Mesh::unbind@4 (line 529)
                      ; - com.badlogic.gdx.graphics.Mesh::render@323 (line 661)
                      ;   {runtime_call UncommonTrapBlob}
  0x000000011a1ef9a4: b74f e897 | 2104 8012 | fd03 11aa | e5d3 00a9 

  0x000000011a1ef9b4: ; ImmutableOopMap {rfp=Oop [8]=Oop [16]=Oop [56]=Oop }
                      ;*invokeinterface glBindBuffer {reexecute=0 rethrow=0 return_oop=0}
                      ; - com.badlogic.gdx.graphics.glutils.VertexBufferObject::unbind@89 (line 238)
                      ; - com.badlogic.gdx.graphics.Mesh::unbind@6 (line 539)
                      ; - com.badlogic.gdx.graphics.Mesh::unbind@4 (line 529)
                      ; - com.badlogic.gdx.graphics.Mesh::render@323 (line 661)
                      ;   {runtime_call UncommonTrapBlob}
  0x000000011a1ef9b4: b34f e897 | ed03 00f9 | 2104 8012 | fd03 0baa 

  0x000000011a1ef9c4: ; ImmutableOopMap {rfp=Oop [0]=Oop }
                      ;*invokeinterface getNumIndices {reexecute=0 rethrow=0 return_oop=0}
                      ; - com.badlogic.gdx.graphics.Mesh::unbind@45 (line 541)
                      ; - com.badlogic.gdx.graphics.Mesh::unbind@4 (line 529)
                      ; - com.badlogic.gdx.graphics.Mesh::render@323 (line 661)
                      ;   {runtime_call UncommonTrapBlob}
  0x000000011a1ef9c4: af4f e897 | e817 40b9 | e813 00b9 | 2104 8012 | ed03 00f9 | e227 00b9 | ee17 00f9 | e81b 40b9 
  0x000000011a1ef9e4: e817 00b9 

  0x000000011a1ef9e8: ; ImmutableOopMap {rfp=Oop [0]=Oop [40]=Oop [56]=Oop }
                      ;*invokeinterface glBindBuffer {reexecute=0 rethrow=0 return_oop=0}
                      ; - com.badlogic.gdx.graphics.glutils.IndexBufferObject::bind@26 (line 189)
                      ; - com.badlogic.gdx.graphics.Mesh::bind@57 (line 521)
                      ; - com.badlogic.gdx.graphics.Mesh::bind@4 (line 509)
                      ; - com.badlogic.gdx.graphics.Mesh::render@13 (line 624)
                      ;   {runtime_call UncommonTrapBlob}
  0x000000011a1ef9e8: a64f e897 | 2104 8012 | ed03 00f9 | e21b 00b9 | ef13 00f9 

  0x000000011a1ef9fc: ; ImmutableOopMap {[0]=Oop [32]=Oop [56]=Oop }
                      ;*invokeinterface glDrawElements {reexecute=0 rethrow=0 return_oop=0}
                      ; - com.badlogic.gdx.graphics.Mesh::render@267 (line 650)
                      ;   {runtime_call UncommonTrapBlob}
  0x000000011a1ef9fc: a14f e897 | ed03 00f9 | 2104 8012 

  0x000000011a1efa08: ; ImmutableOopMap {rfp=Oop [0]=Oop }
                      ;*invokeinterface glBindBuffer {reexecute=0 rethrow=0 return_oop=0}
                      ; - com.badlogic.gdx.graphics.glutils.IndexBufferObject::unbind@6 (line 200)
                      ; - com.badlogic.gdx.graphics.Mesh::unbind@57 (line 541)
                      ; - com.badlogic.gdx.graphics.Mesh::unbind@4 (line 529)
                      ; - com.badlogic.gdx.graphics.Mesh::render@323 (line 661)
                      ;   {runtime_call UncommonTrapBlob}
  0x000000011a1efa08: 9e4f e897 | e817 40b9 | e80b 00b9 | e823 40b9 | e813 00b9 | fd17 40f9 | 2111 8012 | e81b 40b9 
  0x000000011a1efa28: e80f 00b9 | e81f 40b9 | e817 00b9 | e617 02a9 | e61b 00f9 | f13f 00b9 

  0x000000011a1efa40: ; ImmutableOopMap {rfp=Oop [32]=Oop [40]=Oop [48]=Oop }
                      ;*if_icmpge {reexecute=1 rethrow=0 return_oop=0}
                      ; - (reexecute) com.badlogic.gdx.graphics.glutils.VertexBufferObject::bind@88 (line 192)
                      ; - com.badlogic.gdx.graphics.Mesh::bind@6 (line 519)
                      ; - com.badlogic.gdx.graphics.Mesh::bind@4 (line 509)
                      ; - com.badlogic.gdx.graphics.Mesh::render@13 (line 624)
                      ;   {runtime_call UncommonTrapBlob}
  0x000000011a1efa40: 904f e897 | 2111 8012 | fd03 40f9 | e507 00f9 | f40f 00f9 | ec27 00b9 

  0x000000011a1efa58: ; ImmutableOopMap {rfp=Oop [8]=Oop [24]=Oop [56]=Oop }
                      ;*if_icmpge {reexecute=1 rethrow=0 return_oop=0}
                      ; - (reexecute) com.badlogic.gdx.graphics.glutils.VertexBufferObject::unbind@24 (line 229)
                      ; - com.badlogic.gdx.graphics.Mesh::unbind@6 (line 539)
                      ; - com.badlogic.gdx.graphics.Mesh::unbind@4 (line 529)
                      ; - com.badlogic.gdx.graphics.Mesh::render@323 (line 661)
                      ;   {runtime_call UncommonTrapBlob}
  0x000000011a1efa58: 8a4f e897 | e817 40b9 | e80b 00b9 | e81b 40b9 | e80f 00b9 | e81f 40b9 | e817 00b9 | e823 40b9 
  0x000000011a1efa78: e813 00b9 | e817 40f9 | e80f 00f9 | 4117 8012 | e617 02a9 | e61b 00f9 | f137 0729 | ec23 00f9 
  0x000000011a1efa98: ef2b 00f9 | f03f 06a9 | ee3b 00f9 | eb7b 00b9 

  0x000000011a1efaa8: ; ImmutableOopMap {[24]=Oop [32]=Oop [40]=Oop [48]=Oop [64]=Oop [80]=Oop [96]=Oop [104]=Oop [112]=Oop }
                      ;*ifne {reexecute=1 rethrow=0 return_oop=0}
                      ; - (reexecute) java.lang.String::isLatin1@10 (line 4553)
                      ; - java.lang.String::hashCode@17 (line 2344)
                      ; - com.badlogic.gdx.utils.ObjectIntMap::place@1 (line 120)
                      ; - com.badlogic.gdx.utils.ObjectIntMap::locateKey@21 (line 128)
                      ; - com.badlogic.gdx.utils.ObjectIntMap::get@2 (line 187)
                      ; - com.badlogic.gdx.graphics.glutils.ShaderProgram::getAttributeLocation@6 (line 877)
                      ; - com.badlogic.gdx.graphics.glutils.VertexBufferObject::bind@108 (line 194)
                      ; - com.badlogic.gdx.graphics.Mesh::bind@6 (line 519)
                      ; - com.badlogic.gdx.graphics.Mesh::bind@4 (line 509)
                      ; - com.badlogic.gdx.graphics.Mesh::render@13 (line 624)
                      ;   {runtime_call UncommonTrapBlob}
  0x000000011a1efaa8: 764f e897 | 4117 8012 | fd03 11aa | e58b 00a9 | f40f 00f9 | ec3b 0429 | e21b 00f9 | f623 00f9 
  0x000000011a1efac8: e71b 05a9 | f31f 06a9 | e63b 00f9 | ed7b 00b9 

  0x000000011a1efad8: ; ImmutableOopMap {rfp=Oop [8]=Oop [16]=Oop [24]=Oop [48]=Oop [64]=Oop [80]=Oop [88]=Oop [96]=Oop [104]=Oop [112]=Oop }
                      ;*ifne {reexecute=1 rethrow=0 return_oop=0}
                      ; - (reexecute) java.lang.String::isLatin1@10 (line 4553)
                      ; - java.lang.String::hashCode@17 (line 2344)
                      ; - com.badlogic.gdx.utils.ObjectIntMap::place@1 (line 120)
                      ; - com.badlogic.gdx.utils.ObjectIntMap::locateKey@21 (line 128)
                      ; - com.badlogic.gdx.utils.ObjectIntMap::get@2 (line 187)
                      ; - com.badlogic.gdx.graphics.glutils.ShaderProgram::fetchAttributeLocation@11 (line 286)
                      ; - com.badlogic.gdx.graphics.glutils.ShaderProgram::disableVertexAttribute@10 (line 729)
                      ; - com.badlogic.gdx.graphics.glutils.VertexBufferObject::unbind@40 (line 230)
                      ; - com.badlogic.gdx.graphics.Mesh::unbind@6 (line 539)
                      ; - com.badlogic.gdx.graphics.Mesh::unbind@4 (line 529)
                      ; - com.badlogic.gdx.graphics.Mesh::render@323 (line 661)
                      ;   {runtime_call UncommonTrapBlob}
  0x000000011a1efad8: 6a4f e897 | e817 40b9 | e80b 00b9 | fd17 40f9 | 4117 8012 | e81f 40f9 | e803 00f9 | e81b 40b9 
  0x000000011a1efaf8: e80f 00b9 | e823 40b9 | e813 00b9 | e81f 40b9 | e817 00b9 | ed17 00f9 | ec23 00f9 | f113 0929 
  0x000000011a1efb18: ; ImmutableOopMap {rfp=Oop [0]=Oop [40]=Oop [64]=Oop }
                      ;*ifle {reexecute=1 rethrow=0 return_oop=0}
                      ; - (reexecute) java.nio.Buffer::remaining@11 (line 508)
                      ; - org.lwjgl.opengl.GL15C::glBufferData@2 (line 267)
                      ; - org.lwjgl.opengl.GL15::glBufferData@3 (line 281)
                      ; - com.badlogic.gdx.backends.lwjgl3.Lwjgl3GL20::glBufferData@29 (line 119)
                      ; - com.badlogic.gdx.graphics.glutils.VertexBufferObject::bind@58 (line 186)
                      ; - com.badlogic.gdx.graphics.Mesh::bind@6 (line 519)
                      ; - com.badlogic.gdx.graphics.Mesh::bind@4 (line 509)
                      ; - com.badlogic.gdx.graphics.Mesh::render@13 (line 624)
                      ;   {runtime_call UncommonTrapBlob}
  0x000000011a1efb18: 5a4f e897 | 4117 8012 | fd03 0caa | e313 0129 | e697 0229 

  0x000000011a1efb2c: ; ImmutableOopMap {rfp=Oop [56]=Oop }
                      ;*ifne {reexecute=1 rethrow=0 return_oop=0}
                      ; - (reexecute) com.badlogic.gdx.graphics.Mesh::render@2 (line 622)
                      ;   {runtime_call UncommonTrapBlob}
  0x000000011a1efb2c: 554f e897 | 4117 8012 | fd03 0caa | e313 0129 | e513 00b9 | e61b 00b9 

  0x000000011a1efb44: ; ImmutableOopMap {rfp=Oop [56]=Oop }
                      ;*ifeq {reexecute=1 rethrow=0 return_oop=0}
                      ; - (reexecute) com.badlogic.gdx.graphics.Mesh::render@8 (line 624)
                      ;   {runtime_call UncommonTrapBlob}
  0x000000011a1efb44: 4f4f e897 | e817 40b9 | e813 00b9 | e81b 40b9 | e817 00b9 | 4117 8012 | e817 40f9 | e803 00f9 
  0x000000011a1efb64: e81f 40f9 | e807 00f9 | e823 40b9 | e81b 00b9 | ed1b 00f9 

  0x000000011a1efb78: ; ImmutableOopMap {[0]=Oop [8]=Oop [48]=Oop [64]=Oop }
                      ;*ifeq {reexecute=1 rethrow=0 return_oop=0}
                      ; - (reexecute) com.badlogic.gdx.graphics.glutils.VertexBufferObject::bind@20 (line 184)
                      ; - com.badlogic.gdx.graphics.Mesh::bind@6 (line 519)
                      ; - com.badlogic.gdx.graphics.Mesh::bind@4 (line 509)
                      ; - com.badlogic.gdx.graphics.Mesh::render@13 (line 624)
                      ;   {runtime_call UncommonTrapBlob}
  0x000000011a1efb78: 424f e897 | e817 40b9 | e80b 00b9 | fd17 40f9 | 4117 8012 | e81f 40f9 | e803 00f9 | e81b 40b9 
  0x000000011a1efb98: e80f 00b9 | e823 40b9 | e813 00b9 | e81f 40b9 | e817 00b9 | ed17 00f9 | ec27 00f9 | ee2f 0a29 
  0x000000011a1efbb8: ; ImmutableOopMap {rfp=Oop [0]=Oop [40]=Oop [64]=Oop [72]=Oop }
                      ;*if_icmple {reexecute=1 rethrow=0 return_oop=0}
                      ; - (reexecute) java.nio.Buffer::limit@5 (line 368)
                      ; - java.nio.ByteBuffer::limit@2 (line 1529)
                      ; - java.nio.MappedByteBuffer::limit@2 (line 330)
                      ; - java.nio.MappedByteBuffer::limit@2 (line 73)
                      ; - com.badlogic.gdx.graphics.glutils.VertexBufferObject::bind@36 (line 185)
                      ; - com.badlogic.gdx.graphics.Mesh::bind@6 (line 519)
                      ; - com.badlogic.gdx.graphics.Mesh::bind@4 (line 509)
                      ; - com.badlogic.gdx.graphics.Mesh::render@13 (line 624)
                      ;   {runtime_call UncommonTrapBlob}
  0x000000011a1efbb8: 324f e897 | e817 40b9 | e80b 00b9 | fd17 40f9 | 4117 8012 | e81f 40f9 | e803 00f9 | e81b 40b9 
  0x000000011a1efbd8: e80f 00b9 | e823 40b9 | e813 00b9 | e81f 40b9 | e817 00b9 | ed17 00f9 | ec27 00f9 | ee53 00b9 
  0x000000011a1efbf8: ; ImmutableOopMap {rfp=Oop [0]=Oop [40]=Oop [64]=Oop [72]=Oop }
                      ;*ifge {reexecute=1 rethrow=0 return_oop=0}
                      ; - (reexecute) java.nio.Buffer::limit@14 (line 368)
                      ; - java.nio.ByteBuffer::limit@2 (line 1529)
                      ; - java.nio.MappedByteBuffer::limit@2 (line 330)
                      ; - java.nio.MappedByteBuffer::limit@2 (line 73)
                      ; - com.badlogic.gdx.graphics.glutils.VertexBufferObject::bind@36 (line 185)
                      ; - com.badlogic.gdx.graphics.Mesh::bind@6 (line 519)
                      ; - com.badlogic.gdx.graphics.Mesh::bind@4 (line 509)
                      ; - com.badlogic.gdx.graphics.Mesh::render@13 (line 624)
                      ;   {runtime_call UncommonTrapBlob}
  0x000000011a1efbf8: 224f e897 | e817 40b9 | e80b 00b9 | fd17 40f9 | 4117 8012 | e81f 40f9 | e803 00f9 | e81b 40b9 
  0x000000011a1efc18: e80f 00b9 | e823 40b9 | e813 00b9 | e81f 40b9 | e817 00b9 | ed17 00f9 | ec27 00f9 | ee3f 0a29 
  0x000000011a1efc38: ; ImmutableOopMap {rfp=Oop [0]=Oop [40]=Oop [64]=Oop [72]=Oop }
                      ;*if_icmple {reexecute=1 rethrow=0 return_oop=0}
                      ; - (reexecute) java.nio.Buffer::limit@42 (line 371)
                      ; - java.nio.ByteBuffer::limit@2 (line 1529)
                      ; - java.nio.MappedByteBuffer::limit@2 (line 330)
                      ; - java.nio.MappedByteBuffer::limit@2 (line 73)
                      ; - com.badlogic.gdx.graphics.glutils.VertexBufferObject::bind@36 (line 185)
                      ; - com.badlogic.gdx.graphics.Mesh::bind@6 (line 519)
                      ; - com.badlogic.gdx.graphics.Mesh::bind@4 (line 509)
                      ; - com.badlogic.gdx.graphics.Mesh::render@13 (line 624)
                      ;   {runtime_call UncommonTrapBlob}
  0x000000011a1efc38: 124f e897 | e817 40b9 | e813 00b9 | e81b 40b9 | e817 00b9 | 4117 8012 | e817 40f9 | e803 00f9 
  0x000000011a1efc58: e81f 40f9 | e807 00f9 | e823 40b9 | e81b 00b9 | ed1b 00f9 | ec27 00f9 | ee53 00b9 

  0x000000011a1efc74: ; ImmutableOopMap {[0]=Oop [8]=Oop [48]=Oop [64]=Oop [72]=Oop }
                      ;*if_icmple {reexecute=1 rethrow=0 return_oop=0}
                      ; - (reexecute) java.nio.Buffer::limit@55 (line 372)
                      ; - java.nio.ByteBuffer::limit@2 (line 1529)
                      ; - java.nio.MappedByteBuffer::limit@2 (line 330)
                      ; - java.nio.MappedByteBuffer::limit@2 (line 73)
                      ; - com.badlogic.gdx.graphics.glutils.VertexBufferObject::bind@36 (line 185)
                      ; - com.badlogic.gdx.graphics.Mesh::bind@6 (line 519)
                      ; - com.badlogic.gdx.graphics.Mesh::bind@4 (line 509)
                      ; - com.badlogic.gdx.graphics.Mesh::render@13 (line 624)
                      ;   {runtime_call UncommonTrapBlob}
  0x000000011a1efc74: 034f e897 | e817 40b9 | e813 00b9 | e81b 40b9 | e817 00b9 | e823 40b9 | e81b 00b9 | 4117 8012 
  0x000000011a1efc94: e817 40f9 | e813 00f9 

  0x000000011a1efc9c: ; ImmutableOopMap {rfp=Oop [32]=Oop [56]=Oop }
                      ;*ifnull {reexecute=1 rethrow=0 return_oop=0}
                      ; - (reexecute) com.badlogic.gdx.graphics.Mesh::bind@15 (line 520)
                      ; - com.badlogic.gdx.graphics.Mesh::bind@4 (line 509)
                      ; - com.badlogic.gdx.graphics.Mesh::render@13 (line 624)
                      ;   {runtime_call UncommonTrapBlob}
  0x000000011a1efc9c: f94e e897 | e817 40b9 | e813 00b9 | 4117 8012 | ed03 00f9 | e81b 40b9 | e817 00b9 

  0x000000011a1efcb8: ; ImmutableOopMap {[0]=Oop [56]=Oop }
                      ;*ifeq {reexecute=1 rethrow=0 return_oop=0}
                      ; - (reexecute) com.badlogic.gdx.graphics.Mesh::render@20 (line 626)
                      ;   {runtime_call UncommonTrapBlob}
  0x000000011a1efcb8: f24e e897 | e817 40b9 | e813 00b9 | 4117 8012 | ed03 00f9 | e81b 40b9 | e817 00b9 

  0x000000011a1efcd4: ; ImmutableOopMap {[0]=Oop [56]=Oop }
                      ;*ifeq {reexecute=1 rethrow=0 return_oop=0}
                      ; - (reexecute) com.badlogic.gdx.graphics.Mesh::render@117 (line 639)
                      ;   {runtime_call UncommonTrapBlob}
  0x000000011a1efcd4: eb4e e897 | 4117 8012 | eb03 00f9 

  0x000000011a1efce0: ; ImmutableOopMap {rfp=Oop [0]=Oop [56]=Oop }
                      ;*ifnull {reexecute=1 rethrow=0 return_oop=0}
                      ; - (reexecute) com.badlogic.gdx.graphics.Mesh::unbind@15 (line 540)
                      ; - com.badlogic.gdx.graphics.Mesh::unbind@4 (line 529)
                      ; - com.badlogic.gdx.graphics.Mesh::render@323 (line 661)
                      ;   {runtime_call UncommonTrapBlob}
  0x000000011a1efce0: e84e e897 | e227 00b9 | ee17 00f9 | 4117 8012 | fd03 0daa | e817 40b9 | e80b 00b9 

  0x000000011a1efcfc: ; ImmutableOopMap {rfp=Oop [40]=Oop [56]=Oop }
                      ;*ifne {reexecute=1 rethrow=0 return_oop=0}
                      ; - (reexecute) com.badlogic.gdx.graphics.glutils.IndexBufferObject::bind@4 (line 187)
                      ; - com.badlogic.gdx.graphics.Mesh::bind@57 (line 521)
                      ; - com.badlogic.gdx.graphics.Mesh::bind@4 (line 509)
                      ; - com.badlogic.gdx.graphics.Mesh::render@13 (line 624)
                      ;   {runtime_call UncommonTrapBlob}
  0x000000011a1efcfc: e14e e897 | e817 40b9 | e813 00b9 | e81b 40b9 | e817 00b9 | 4117 8012 | ed03 00f9 | e21b 00b9 
  0x000000011a1efd1c: ea23 00b9 

  0x000000011a1efd20: ; ImmutableOopMap {[0]=Oop [56]=Oop }
                      ;*if_icmple {reexecute=1 rethrow=0 return_oop=0}
                      ; - (reexecute) com.badlogic.gdx.graphics.Mesh::render@156 (line 642)
                      ;   {runtime_call UncommonTrapBlob}
  0x000000011a1efd20: d84e e897 | ef17 00f9 | 2104 8012 | fd03 0daa | e817 40b9 | e80f 00b9 

  0x000000011a1efd38: ; ImmutableOopMap {rfp=Oop [40]=Oop [56]=Oop }
                      ;*invokeinterface glDrawArrays {reexecute=0 rethrow=0 return_oop=0}
                      ; - com.badlogic.gdx.graphics.Mesh::render@311 (line 656)
                      ;   {runtime_call UncommonTrapBlob}
  0x000000011a1efd38: d24e e897 | f027 00b9 | eebf 02a9 | 2104 8012 | fd03 40f9 | e817 40b9 | e80b 00b9 

  0x000000011a1efd54: ; ImmutableOopMap {rfp=Oop [40]=Oop [48]=Oop [56]=Oop }
                      ;*invokevirtual limit {reexecute=0 rethrow=0 return_oop=0}
                      ; - com.badlogic.gdx.graphics.glutils.IndexBufferObject::bind@51 (line 191)
                      ; - com.badlogic.gdx.graphics.Mesh::bind@57 (line 521)
                      ; - com.badlogic.gdx.graphics.Mesh::bind@4 (line 509)
                      ; - com.badlogic.gdx.graphics.Mesh::render@13 (line 624)
                      ;   {runtime_call UncommonTrapBlob}
  0x000000011a1efd54: cb4e e897 | f027 00b9 | eebf 02a9 | f123 00f9 | ed4b 00b9 | 2104 8012 | fd03 40f9 | e817 40b9 
  0x000000011a1efd74: e80b 00b9 

  0x000000011a1efd78: ; ImmutableOopMap {rfp=Oop [40]=Oop [48]=Oop [56]=Oop [64]=Oop }
                      ;*invokeinterface glBufferData {reexecute=0 rethrow=0 return_oop=0}
                      ; - com.badlogic.gdx.graphics.glutils.IndexBufferObject::bind@75 (line 192)
                      ; - com.badlogic.gdx.graphics.Mesh::bind@57 (line 521)
                      ; - com.badlogic.gdx.graphics.Mesh::bind@4 (line 509)
                      ; - com.badlogic.gdx.graphics.Mesh::render@13 (line 624)
                      ;   {runtime_call UncommonTrapBlob}
  0x000000011a1efd78: c24e e897 | f027 00b9 | eeab 02a9 | ed43 00b9 | 4117 8012 | fd03 40f9 | e817 40b9 | e80b 00b9 
  0x000000011a1efd98: ; ImmutableOopMap {rfp=Oop [40]=Oop [48]=Oop [56]=Oop }
                      ;*if_icmple {reexecute=1 rethrow=0 return_oop=0}
                      ; - (reexecute) java.nio.Buffer::limit@5 (line 368)
                      ; - java.nio.ByteBuffer::limit@2 (line 1529)
                      ; - java.nio.MappedByteBuffer::limit@2 (line 330)
                      ; - java.nio.MappedByteBuffer::limit@2 (line 73)
                      ; - com.badlogic.gdx.graphics.glutils.IndexBufferObject::bind@51 (line 191)
                      ; - com.badlogic.gdx.graphics.Mesh::bind@57 (line 521)
                      ; - com.badlogic.gdx.graphics.Mesh::bind@4 (line 509)
                      ; - com.badlogic.gdx.graphics.Mesh::render@13 (line 624)
                      ;   {runtime_call UncommonTrapBlob}
  0x000000011a1efd98: ba4e e897 | f027 00b9 | eeab 02a9 | 4117 8012 | fd03 40f9 | e817 40b9 | e80b 00b9 

  0x000000011a1efdb4: ; ImmutableOopMap {rfp=Oop [40]=Oop [48]=Oop [56]=Oop }
                      ;*ifge {reexecute=1 rethrow=0 return_oop=0}
                      ; - (reexecute) java.nio.Buffer::limit@14 (line 368)
                      ; - java.nio.ByteBuffer::limit@2 (line 1529)
                      ; - java.nio.MappedByteBuffer::limit@2 (line 330)
                      ; - java.nio.MappedByteBuffer::limit@2 (line 73)
                      ; - com.badlogic.gdx.graphics.glutils.IndexBufferObject::bind@51 (line 191)
                      ; - com.badlogic.gdx.graphics.Mesh::bind@57 (line 521)
                      ; - com.badlogic.gdx.graphics.Mesh::bind@4 (line 509)
                      ; - com.badlogic.gdx.graphics.Mesh::render@13 (line 624)
                      ;   {runtime_call UncommonTrapBlob}
  0x000000011a1efdb4: b34e e897 | e817 40b9 | e813 00b9 | f027 00b9 | eeab 02a9 | 4117 8012 | e81b 40b9 | e817 00b9 
  0x000000011a1efdd4: ; ImmutableOopMap {[0]=Oop [40]=Oop [48]=Oop [56]=Oop }
                      ;*if_icmple {reexecute=1 rethrow=0 return_oop=0}
                      ; - (reexecute) java.nio.Buffer::limit@42 (line 371)
                      ; - java.nio.ByteBuffer::limit@2 (line 1529)
                      ; - java.nio.MappedByteBuffer::limit@2 (line 330)
                      ; - java.nio.MappedByteBuffer::limit@2 (line 73)
                      ; - com.badlogic.gdx.graphics.glutils.IndexBufferObject::bind@51 (line 191)
                      ; - com.badlogic.gdx.graphics.Mesh::bind@57 (line 521)
                      ; - com.badlogic.gdx.graphics.Mesh::bind@4 (line 509)
                      ; - com.badlogic.gdx.graphics.Mesh::render@13 (line 624)
                      ;   {runtime_call UncommonTrapBlob}
  0x000000011a1efdd4: ab4e e897 | f027 00b9 | eeab 02a9 | eb43 00b9 | 4117 8012 | fd03 40f9 | e817 40b9 | e80b 00b9 
  0x000000011a1efdf4: ; ImmutableOopMap {rfp=Oop [40]=Oop [48]=Oop [56]=Oop }
                      ;*if_icmple {reexecute=1 rethrow=0 return_oop=0}
                      ; - (reexecute) java.nio.Buffer::limit@55 (line 372)
                      ; - java.nio.ByteBuffer::limit@2 (line 1529)
                      ; - java.nio.MappedByteBuffer::limit@2 (line 330)
                      ; - java.nio.MappedByteBuffer::limit@2 (line 73)
                      ; - com.badlogic.gdx.graphics.glutils.IndexBufferObject::bind@51 (line 191)
                      ; - com.badlogic.gdx.graphics.Mesh::bind@57 (line 521)
                      ; - com.badlogic.gdx.graphics.Mesh::bind@4 (line 509)
                      ; - com.badlogic.gdx.graphics.Mesh::render@13 (line 624)
                      ;   {runtime_call UncommonTrapBlob}
  0x000000011a1efdf4: a34e e897 | 2101 8012 | fd03 0d2a 

  0x000000011a1efe00: ; ImmutableOopMap {}
                      ;*invokevirtual get {reexecute=0 rethrow=0 return_oop=0}
                      ; - com.badlogic.gdx.graphics.glutils.VertexBufferObject::bind@97 (line 193)
                      ; - com.badlogic.gdx.graphics.Mesh::bind@6 (line 519)
                      ; - com.badlogic.gdx.graphics.Mesh::bind@4 (line 509)
                      ; - com.badlogic.gdx.graphics.Mesh::render@13 (line 624)
                      ;   {runtime_call UncommonTrapBlob}
  0x000000011a1efe00: a04e e897 | 2101 8012 | fd03 0d2a 

  0x000000011a1efe0c: ; ImmutableOopMap {}
                      ;*aaload {reexecute=0 rethrow=0 return_oop=0}
                      ; - com.badlogic.gdx.graphics.VertexAttributes::get@5 (line 116)
                      ; - com.badlogic.gdx.graphics.glutils.VertexBufferObject::bind@97 (line 193)
                      ; - com.badlogic.gdx.graphics.Mesh::bind@6 (line 519)
                      ; - com.badlogic.gdx.graphics.Mesh::bind@4 (line 509)
                      ; - com.badlogic.gdx.graphics.Mesh::render@13 (line 624)
                      ;   {runtime_call UncommonTrapBlob}
  0x000000011a1efe0c: 9d4e e897 | 2101 8012 

  0x000000011a1efe14: ; ImmutableOopMap {}
                      ;*getfield alias {reexecute=1 rethrow=0 return_oop=0}
                      ; - (reexecute) com.badlogic.gdx.graphics.glutils.VertexBufferObject::bind@105 (line 194)
                      ; - com.badlogic.gdx.graphics.Mesh::bind@6 (line 519)
                      ; - com.badlogic.gdx.graphics.Mesh::bind@4 (line 509)
                      ; - com.badlogic.gdx.graphics.Mesh::render@13 (line 624)
                      ;   {runtime_call UncommonTrapBlob}
  0x000000011a1efe14: 9b4e e897 | 2101 8012 | fd03 0eaa 

  0x000000011a1efe20: ; ImmutableOopMap {rfp=Oop }
                      ;*invokevirtual get {reexecute=0 rethrow=0 return_oop=0}
                      ; - com.badlogic.gdx.graphics.glutils.ShaderProgram::getAttributeLocation@6 (line 877)
                      ; - com.badlogic.gdx.graphics.glutils.VertexBufferObject::bind@108 (line 194)
                      ; - com.badlogic.gdx.graphics.Mesh::bind@6 (line 519)
                      ; - com.badlogic.gdx.graphics.Mesh::bind@4 (line 509)
                      ; - com.badlogic.gdx.graphics.Mesh::render@13 (line 624)
                      ;   {runtime_call UncommonTrapBlob}
  0x000000011a1efe20: 984e e897 | fd03 012a | 2101 8012 

  0x000000011a1efe2c: ; ImmutableOopMap {}
                      ;*aaload {reexecute=0 rethrow=0 return_oop=0}
                      ; - com.badlogic.gdx.utils.ObjectIntMap::locateKey@27 (line 129)
                      ; - com.badlogic.gdx.utils.ObjectIntMap::get@2 (line 187)
                      ; - com.badlogic.gdx.graphics.glutils.ShaderProgram::getAttributeLocation@6 (line 877)
                      ; - com.badlogic.gdx.graphics.glutils.VertexBufferObject::bind@108 (line 194)
                      ; - com.badlogic.gdx.graphics.Mesh::bind@6 (line 519)
                      ; - com.badlogic.gdx.graphics.Mesh::bind@4 (line 509)
                      ; - com.badlogic.gdx.graphics.Mesh::render@13 (line 624)
                      ;   {runtime_call UncommonTrapBlob}
  0x000000011a1efe2c: 954e e897 | fd03 012a | 2101 8012 

  0x000000011a1efe38: ; ImmutableOopMap {}
                      ;*iaload {reexecute=0 rethrow=0 return_oop=0}
                      ; - com.badlogic.gdx.utils.ObjectIntMap::get@19 (line 188)
                      ; - com.badlogic.gdx.graphics.glutils.ShaderProgram::getAttributeLocation@6 (line 877)
                      ; - com.badlogic.gdx.graphics.glutils.VertexBufferObject::bind@108 (line 194)
                      ; - com.badlogic.gdx.graphics.Mesh::bind@6 (line 519)
                      ; - com.badlogic.gdx.graphics.Mesh::bind@4 (line 509)
                      ; - com.badlogic.gdx.graphics.Mesh::render@13 (line 624)
                      ;   {runtime_call UncommonTrapBlob}
  0x000000011a1efe38: 924e e897 | fd03 0b2a | 2101 8012 

  0x000000011a1efe44: ; ImmutableOopMap {}
                      ;*invokeinterface glEnableVertexAttribArray {reexecute=0 rethrow=0 return_oop=0}
                      ; - com.badlogic.gdx.graphics.glutils.ShaderProgram::enableVertexAttribute@10 (line 754)
                      ; - com.badlogic.gdx.graphics.glutils.VertexBufferObject::bind@124 (line 196)
                      ; - com.badlogic.gdx.graphics.Mesh::bind@6 (line 519)
                      ; - com.badlogic.gdx.graphics.Mesh::bind@4 (line 509)
                      ; - com.badlogic.gdx.graphics.Mesh::render@13 (line 624)
                      ;   {runtime_call UncommonTrapBlob}
  0x000000011a1efe44: 8f4e e897 | 2101 8012 

  0x000000011a1efe4c: ; ImmutableOopMap {}
                      ;*getfield vertexSize {reexecute=1 rethrow=0 return_oop=0}
                      ; - (reexecute) com.badlogic.gdx.graphics.glutils.VertexBufferObject::bind@149 (line 198)
                      ; - com.badlogic.gdx.graphics.Mesh::bind@6 (line 519)
                      ; - com.badlogic.gdx.graphics.Mesh::bind@4 (line 509)
                      ; - com.badlogic.gdx.graphics.Mesh::render@13 (line 624)
                      ;   {runtime_call UncommonTrapBlob}
  0x000000011a1efe4c: 8d4e e897 | e513 0029 | e20f 0129 | fd03 112a | 2101 8012 

  0x000000011a1efe60: ; ImmutableOopMap {}
                      ;*invokeinterface glVertexAttribPointer {reexecute=0 rethrow=0 return_oop=0}
                      ; - com.badlogic.gdx.graphics.glutils.ShaderProgram::setVertexAttribute@20 (line 693)
                      ; - com.badlogic.gdx.graphics.glutils.VertexBufferObject::bind@157 (line 198)
                      ; - com.badlogic.gdx.graphics.Mesh::bind@6 (line 519)
                      ; - com.badlogic.gdx.graphics.Mesh::bind@4 (line 509)
                      ; - com.badlogic.gdx.graphics.Mesh::render@13 (line 624)
                      ;   {runtime_call UncommonTrapBlob}
  0x000000011a1efe60: 884e e897 | 2101 8012 | fd03 0e2a 

  0x000000011a1efe6c: ; ImmutableOopMap {}
                      ;*invokevirtual get {reexecute=0 rethrow=0 return_oop=0}
                      ; - com.badlogic.gdx.graphics.glutils.VertexBufferObject::unbind@34 (line 230)
                      ; - com.badlogic.gdx.graphics.Mesh::unbind@6 (line 539)
                      ; - com.badlogic.gdx.graphics.Mesh::unbind@4 (line 529)
                      ; - com.badlogic.gdx.graphics.Mesh::render@323 (line 661)
                      ;   {runtime_call UncommonTrapBlob}
  0x000000011a1efe6c: 854e e897 | 2101 8012 | fd03 0e2a 

  0x000000011a1efe78: ; ImmutableOopMap {}
                      ;*aaload {reexecute=0 rethrow=0 return_oop=0}
                      ; - com.badlogic.gdx.graphics.VertexAttributes::get@5 (line 116)
                      ; - com.badlogic.gdx.graphics.glutils.VertexBufferObject::unbind@34 (line 230)
                      ; - com.badlogic.gdx.graphics.Mesh::unbind@6 (line 539)
                      ; - com.badlogic.gdx.graphics.Mesh::unbind@4 (line 529)
                      ; - com.badlogic.gdx.graphics.Mesh::render@323 (line 661)
                      ;   {runtime_call UncommonTrapBlob}
  0x000000011a1efe78: 824e e897 | 2101 8012 

  0x000000011a1efe80: ; ImmutableOopMap {}
                      ;*getfield alias {reexecute=1 rethrow=0 return_oop=0}
                      ; - (reexecute) com.badlogic.gdx.graphics.glutils.VertexBufferObject::unbind@37 (line 230)
                      ; - com.badlogic.gdx.graphics.Mesh::unbind@6 (line 539)
                      ; - com.badlogic.gdx.graphics.Mesh::unbind@4 (line 529)
                      ; - com.badlogic.gdx.graphics.Mesh::render@323 (line 661)
                      ;   {runtime_call UncommonTrapBlob}
  0x000000011a1efe80: 804e e897 | 2101 8012 | fd03 06aa 

  0x000000011a1efe8c: ; ImmutableOopMap {rfp=Oop }
                      ;*invokevirtual get {reexecute=0 rethrow=0 return_oop=0}
                      ; - com.badlogic.gdx.graphics.glutils.ShaderProgram::fetchAttributeLocation@11 (line 286)
                      ; - com.badlogic.gdx.graphics.glutils.ShaderProgram::disableVertexAttribute@10 (line 729)
                      ; - com.badlogic.gdx.graphics.glutils.VertexBufferObject::unbind@40 (line 230)
                      ; - com.badlogic.gdx.graphics.Mesh::unbind@6 (line 539)
                      ; - com.badlogic.gdx.graphics.Mesh::unbind@4 (line 529)
                      ; - com.badlogic.gdx.graphics.Mesh::render@323 (line 661)
                      ;   {runtime_call UncommonTrapBlob}
  0x000000011a1efe8c: 7d4e e897 | fd03 0a2a | 2101 8012 

  0x000000011a1efe98: ; ImmutableOopMap {}
                      ;*aaload {reexecute=0 rethrow=0 return_oop=0}
                      ; - com.badlogic.gdx.utils.ObjectIntMap::locateKey@27 (line 129)
                      ; - com.badlogic.gdx.utils.ObjectIntMap::get@2 (line 187)
                      ; - com.badlogic.gdx.graphics.glutils.ShaderProgram::fetchAttributeLocation@11 (line 286)
                      ; - com.badlogic.gdx.graphics.glutils.ShaderProgram::disableVertexAttribute@10 (line 729)
                      ; - com.badlogic.gdx.graphics.glutils.VertexBufferObject::unbind@40 (line 230)
                      ; - com.badlogic.gdx.graphics.Mesh::unbind@6 (line 539)
                      ; - com.badlogic.gdx.graphics.Mesh::unbind@4 (line 529)
                      ; - com.badlogic.gdx.graphics.Mesh::render@323 (line 661)
                      ;   {runtime_call UncommonTrapBlob}
  0x000000011a1efe98: 7a4e e897 | fd03 0a2a | 2101 8012 

  0x000000011a1efea4: ; ImmutableOopMap {}
                      ;*iaload {reexecute=0 rethrow=0 return_oop=0}
                      ; - com.badlogic.gdx.utils.ObjectIntMap::get@19 (line 188)
                      ; - com.badlogic.gdx.graphics.glutils.ShaderProgram::fetchAttributeLocation@11 (line 286)
                      ; - com.badlogic.gdx.graphics.glutils.ShaderProgram::disableVertexAttribute@10 (line 729)
                      ; - com.badlogic.gdx.graphics.glutils.VertexBufferObject::unbind@40 (line 230)
                      ; - com.badlogic.gdx.graphics.Mesh::unbind@6 (line 539)
                      ; - com.badlogic.gdx.graphics.Mesh::unbind@4 (line 529)
                      ; - com.badlogic.gdx.graphics.Mesh::render@323 (line 661)
                      ;   {runtime_call UncommonTrapBlob}
  0x000000011a1efea4: 774e e897 | fd03 012a | 2101 8012 

  0x000000011a1efeb0: ; ImmutableOopMap {}
                      ;*invokeinterface glDisableVertexAttribArray {reexecute=0 rethrow=0 return_oop=0}
                      ; - com.badlogic.gdx.graphics.glutils.ShaderProgram::disableVertexAttribute@22 (line 731)
                      ; - com.badlogic.gdx.graphics.glutils.VertexBufferObject::unbind@40 (line 230)
                      ; - com.badlogic.gdx.graphics.Mesh::unbind@6 (line 539)
                      ; - com.badlogic.gdx.graphics.Mesh::unbind@4 (line 529)
                      ; - com.badlogic.gdx.graphics.Mesh::render@323 (line 661)
                      ;   {runtime_call UncommonTrapBlob}
  0x000000011a1efeb0: 744e e897 | e817 40b9 | e80b 00b9 | e81b 40b9 | e80f 00b9 | e81f 40b9 | e817 00b9 | e823 40b9 
  0x000000011a1efed0: e813 00b9 | e817 40f9 | e80f 00f9 | 4117 8012 | e617 02a9 | e61b 00f9 | f137 0729 | ec23 00f9 
  0x000000011a1efef0: ef2b 00f9 | ee33 00f9 

  0x000000011a1efef8: ; ImmutableOopMap {[24]=Oop [32]=Oop [40]=Oop [48]=Oop [64]=Oop [80]=Oop [96]=Oop }
                      ;*ifnonnull {reexecute=1 rethrow=0 return_oop=0}
                      ; - (reexecute) com.badlogic.gdx.utils.ObjectIntMap::locateKey@1 (line 126)
                      ; - com.badlogic.gdx.utils.ObjectIntMap::get@2 (line 187)
                      ; - com.badlogic.gdx.graphics.glutils.ShaderProgram::getAttributeLocation@6 (line 877)
                      ; - com.badlogic.gdx.graphics.glutils.VertexBufferObject::bind@108 (line 194)
                      ; - com.badlogic.gdx.graphics.Mesh::bind@6 (line 519)
                      ; - com.badlogic.gdx.graphics.Mesh::bind@4 (line 509)
                      ; - com.badlogic.gdx.graphics.Mesh::render@13 (line 624)
                      ;   {runtime_call UncommonTrapBlob}
  0x000000011a1efef8: 624e e897 | 4117 8012 | fd03 11aa | e58b 00a9 | f40f 00f9 | ec3b 0429 | e21b 00f9 | f623 00f9 
  0x000000011a1eff18: e71b 05a9 | e633 00f9 

  0x000000011a1eff20: ; ImmutableOopMap {rfp=Oop [8]=Oop [16]=Oop [24]=Oop [48]=Oop [64]=Oop [80]=Oop [88]=Oop [96]=Oop }
                      ;*ifnonnull {reexecute=1 rethrow=0 return_oop=0}
                      ; - (reexecute) com.badlogic.gdx.utils.ObjectIntMap::locateKey@1 (line 126)
                      ; - com.badlogic.gdx.utils.ObjectIntMap::get@2 (line 187)
                      ; - com.badlogic.gdx.graphics.glutils.ShaderProgram::fetchAttributeLocation@11 (line 286)
                      ; - com.badlogic.gdx.graphics.glutils.ShaderProgram::disableVertexAttribute@10 (line 729)
                      ; - com.badlogic.gdx.graphics.glutils.VertexBufferObject::unbind@40 (line 230)
                      ; - com.badlogic.gdx.graphics.Mesh::unbind@6 (line 539)
                      ; - com.badlogic.gdx.graphics.Mesh::unbind@4 (line 529)
                      ; - com.badlogic.gdx.graphics.Mesh::render@323 (line 661)
                      ;   {runtime_call UncommonTrapBlob}
  0x000000011a1eff20: 584e e897 | 2101 8012 

  0x000000011a1eff28: ; ImmutableOopMap {}
                      ;*arraylength {reexecute=0 rethrow=0 return_oop=0}
                      ; - java.lang.StringLatin1::hashCode@5 (line 196)
                      ; - java.lang.String::hashCode@27 (line 2344)
                      ; - com.badlogic.gdx.utils.ObjectIntMap::place@1 (line 120)
                      ; - com.badlogic.gdx.utils.ObjectIntMap::locateKey@21 (line 128)
                      ; - com.badlogic.gdx.utils.ObjectIntMap::get@2 (line 187)
                      ; - com.badlogic.gdx.graphics.glutils.ShaderProgram::getAttributeLocation@6 (line 877)
                      ; - com.badlogic.gdx.graphics.glutils.VertexBufferObject::bind@108 (line 194)
                      ; - com.badlogic.gdx.graphics.Mesh::bind@6 (line 519)
                      ; - com.badlogic.gdx.graphics.Mesh::bind@4 (line 509)
                      ; - com.badlogic.gdx.graphics.Mesh::render@13 (line 624)
                      ;   {runtime_call UncommonTrapBlob}
  0x000000011a1eff28: 564e e897 | 2101 8012 

  0x000000011a1eff30: ; ImmutableOopMap {}
                      ;*arraylength {reexecute=0 rethrow=0 return_oop=0}
                      ; - java.lang.StringLatin1::hashCode@5 (line 196)
                      ; - java.lang.String::hashCode@27 (line 2344)
                      ; - com.badlogic.gdx.utils.ObjectIntMap::place@1 (line 120)
                      ; - com.badlogic.gdx.utils.ObjectIntMap::locateKey@21 (line 128)
                      ; - com.badlogic.gdx.utils.ObjectIntMap::get@2 (line 187)
                      ; - com.badlogic.gdx.graphics.glutils.ShaderProgram::fetchAttributeLocation@11 (line 286)
                      ; - com.badlogic.gdx.graphics.glutils.ShaderProgram::disableVertexAttribute@10 (line 729)
                      ; - com.badlogic.gdx.graphics.glutils.VertexBufferObject::unbind@40 (line 230)
                      ; - com.badlogic.gdx.graphics.Mesh::unbind@6 (line 539)
                      ; - com.badlogic.gdx.graphics.Mesh::unbind@4 (line 529)
                      ; - com.badlogic.gdx.graphics.Mesh::render@323 (line 661)
                      ;   {runtime_call UncommonTrapBlob}
  0x000000011a1eff30: 544e e897 | 2101 8012 | fd03 02aa 

  0x000000011a1eff3c: ; ImmutableOopMap {rfp=Oop }
                      ;*invokeinterface bind {reexecute=0 rethrow=0 return_oop=0}
                      ; - com.badlogic.gdx.graphics.Mesh::bind@6 (line 519)
                      ; - com.badlogic.gdx.graphics.Mesh::bind@4 (line 509)
                      ; - com.badlogic.gdx.graphics.Mesh::render@13 (line 624)
                      ;   {runtime_call UncommonTrapBlob}
  0x000000011a1eff3c: 514e e897 | fd03 022a | 2101 8012 

  0x000000011a1eff48: ; ImmutableOopMap {}
                      ;*invokeinterface glBindBuffer {reexecute=0 rethrow=0 return_oop=0}
                      ; - com.badlogic.gdx.graphics.glutils.VertexBufferObject::bind@11 (line 183)
                      ; - com.badlogic.gdx.graphics.Mesh::bind@6 (line 519)
                      ; - com.badlogic.gdx.graphics.Mesh::bind@4 (line 509)
                      ; - com.badlogic.gdx.graphics.Mesh::render@13 (line 624)
                      ;   {runtime_call UncommonTrapBlob}
  0x000000011a1eff48: 4e4e e897 | 2101 8012 

  0x000000011a1eff50: ; ImmutableOopMap {}
                      ;*invokevirtual limit {reexecute=0 rethrow=0 return_oop=0}
                      ; - com.badlogic.gdx.graphics.glutils.VertexBufferObject::bind@31 (line 185)
                      ; - com.badlogic.gdx.graphics.Mesh::bind@6 (line 519)
                      ; - com.badlogic.gdx.graphics.Mesh::bind@4 (line 509)
                      ; - com.badlogic.gdx.graphics.Mesh::render@13 (line 624)
                      ;   {runtime_call UncommonTrapBlob}
  0x000000011a1eff50: 4c4e e897 | fd03 0e2a | 2101 8012 

  0x000000011a1eff5c: ; ImmutableOopMap {}
                      ;*invokevirtual limit {reexecute=0 rethrow=0 return_oop=0}
                      ; - com.badlogic.gdx.graphics.glutils.VertexBufferObject::bind@36 (line 185)
                      ; - com.badlogic.gdx.graphics.Mesh::bind@6 (line 519)
                      ; - com.badlogic.gdx.graphics.Mesh::bind@4 (line 509)
                      ; - com.badlogic.gdx.graphics.Mesh::render@13 (line 624)
                      ;   {runtime_call UncommonTrapBlob}
  0x000000011a1eff5c: 494e e897 | 2101 8012 

  0x000000011a1eff64: ; ImmutableOopMap {}
                      ;*invokevirtual size {reexecute=0 rethrow=0 return_oop=0}
                      ; - com.badlogic.gdx.graphics.glutils.VertexBufferObject::bind@72 (line 190)
                      ; - com.badlogic.gdx.graphics.Mesh::bind@6 (line 519)
                      ; - com.badlogic.gdx.graphics.Mesh::bind@4 (line 509)
                      ; - com.badlogic.gdx.graphics.Mesh::render@13 (line 624)
                      ;   {runtime_call UncommonTrapBlob}
  0x000000011a1eff64: 474e e897 | 2101 8012 

  0x000000011a1eff6c: ; ImmutableOopMap {}
                      ;*arraylength {reexecute=0 rethrow=0 return_oop=0}
                      ; - com.badlogic.gdx.graphics.VertexAttributes::size@4 (line 110)
                      ; - com.badlogic.gdx.graphics.glutils.VertexBufferObject::bind@72 (line 190)
                      ; - com.badlogic.gdx.graphics.Mesh::bind@6 (line 519)
                      ; - com.badlogic.gdx.graphics.Mesh::bind@4 (line 509)
                      ; - com.badlogic.gdx.graphics.Mesh::render@13 (line 624)
                      ;   {runtime_call UncommonTrapBlob}
  0x000000011a1eff6c: 454e e897 | 2101 8012 

  0x000000011a1eff74: ; ImmutableOopMap {}
                      ;*invokeinterface getNumIndices {reexecute=0 rethrow=0 return_oop=0}
                      ; - com.badlogic.gdx.graphics.Mesh::bind@45 (line 521)
                      ; - com.badlogic.gdx.graphics.Mesh::bind@4 (line 509)
                      ; - com.badlogic.gdx.graphics.Mesh::render@13 (line 624)
                      ;   {runtime_call UncommonTrapBlob}
  0x000000011a1eff74: 434e e897 | 2101 8012 

  0x000000011a1eff7c: ; ImmutableOopMap {}
                      ;*invokeinterface getNumIndices {reexecute=0 rethrow=0 return_oop=0}
                      ; - com.badlogic.gdx.graphics.Mesh::render@135 (line 641)
                      ;   {runtime_call UncommonTrapBlob}
  0x000000011a1eff7c: 414e e897 | 2101 8012 

  0x000000011a1eff84: ; ImmutableOopMap {[56]=Oop }
                      ;*invokeinterface unbind {reexecute=0 rethrow=0 return_oop=0}
                      ; - com.badlogic.gdx.graphics.Mesh::unbind@6 (line 539)
                      ; - com.badlogic.gdx.graphics.Mesh::unbind@4 (line 529)
                      ; - com.badlogic.gdx.graphics.Mesh::render@323 (line 661)
                      ;   {runtime_call UncommonTrapBlob}
  0x000000011a1eff84: 3f4e e897 | 2101 8012 

  0x000000011a1eff8c: ; ImmutableOopMap {}
                      ;*invokevirtual size {reexecute=0 rethrow=0 return_oop=0}
                      ; - com.badlogic.gdx.graphics.glutils.VertexBufferObject::unbind@8 (line 227)
                      ; - com.badlogic.gdx.graphics.Mesh::unbind@6 (line 539)
                      ; - com.badlogic.gdx.graphics.Mesh::unbind@4 (line 529)
                      ; - com.badlogic.gdx.graphics.Mesh::render@323 (line 661)
                      ;   {runtime_call UncommonTrapBlob}
  0x000000011a1eff8c: 3d4e e897 | 2101 8012 

  0x000000011a1eff94: ; ImmutableOopMap {}
                      ;*arraylength {reexecute=0 rethrow=0 return_oop=0}
                      ; - com.badlogic.gdx.graphics.VertexAttributes::size@4 (line 110)
                      ; - com.badlogic.gdx.graphics.glutils.VertexBufferObject::unbind@8 (line 227)
                      ; - com.badlogic.gdx.graphics.Mesh::unbind@6 (line 539)
                      ; - com.badlogic.gdx.graphics.Mesh::unbind@4 (line 529)
                      ; - com.badlogic.gdx.graphics.Mesh::render@323 (line 661)
                      ;   {runtime_call UncommonTrapBlob}
  0x000000011a1eff94: 3b4e e897 | 2101 8012 

  0x000000011a1eff9c: ; ImmutableOopMap {}
                      ;*invokeinterface glBindBuffer {reexecute=0 rethrow=0 return_oop=0}
                      ; - com.badlogic.gdx.graphics.glutils.VertexBufferObject::unbind@89 (line 238)
                      ; - com.badlogic.gdx.graphics.Mesh::unbind@6 (line 539)
                      ; - com.badlogic.gdx.graphics.Mesh::unbind@4 (line 529)
                      ; - com.badlogic.gdx.graphics.Mesh::render@323 (line 661)
                      ;   {runtime_call UncommonTrapBlob}
  0x000000011a1eff9c: 394e e897 | 2101 8012 

  0x000000011a1effa4: ; ImmutableOopMap {}
                      ;*invokeinterface getNumIndices {reexecute=0 rethrow=0 return_oop=0}
                      ; - com.badlogic.gdx.graphics.Mesh::unbind@45 (line 541)
                      ; - com.badlogic.gdx.graphics.Mesh::unbind@4 (line 529)
                      ; - com.badlogic.gdx.graphics.Mesh::render@323 (line 661)
                      ;   {runtime_call UncommonTrapBlob}
  0x000000011a1effa4: 374e e897 | 2101 8012 

  0x000000011a1effac: ; ImmutableOopMap {}
                      ;*invokevirtual limit {reexecute=0 rethrow=0 return_oop=0}
                      ; - com.badlogic.gdx.graphics.glutils.IndexBufferObject::getNumIndices@15 (line 105)
                      ; - com.badlogic.gdx.graphics.Mesh::bind@45 (line 521)
                      ; - com.badlogic.gdx.graphics.Mesh::bind@4 (line 509)
                      ; - com.badlogic.gdx.graphics.Mesh::render@13 (line 624)
                      ;   {runtime_call UncommonTrapBlob}
  0x000000011a1effac: 354e e897 | 2101 8012 

  0x000000011a1effb4: ; ImmutableOopMap {}
                      ;*invokevirtual limit {reexecute=0 rethrow=0 return_oop=0}
                      ; - com.badlogic.gdx.graphics.glutils.IndexBufferObject::getNumIndices@15 (line 105)
                      ; - com.badlogic.gdx.graphics.Mesh::render@135 (line 641)
                      ;   {runtime_call UncommonTrapBlob}
  0x000000011a1effb4: 334e e897 | 2101 8012 

  0x000000011a1effbc: ; ImmutableOopMap {}
                      ;*invokevirtual limit {reexecute=0 rethrow=0 return_oop=0}
                      ; - com.badlogic.gdx.graphics.glutils.IndexBufferObject::getNumIndices@15 (line 105)
                      ; - com.badlogic.gdx.graphics.Mesh::unbind@45 (line 541)
                      ; - com.badlogic.gdx.graphics.Mesh::unbind@4 (line 529)
                      ; - com.badlogic.gdx.graphics.Mesh::render@323 (line 661)
                      ;   {runtime_call UncommonTrapBlob}
  0x000000011a1effbc: 314e e897 | fd03 022a | 2101 8012 

  0x000000011a1effc8: ; ImmutableOopMap {}
                      ;*invokeinterface glBindBuffer {reexecute=0 rethrow=0 return_oop=0}
                      ; - com.badlogic.gdx.graphics.glutils.IndexBufferObject::bind@26 (line 189)
                      ; - com.badlogic.gdx.graphics.Mesh::bind@57 (line 521)
                      ; - com.badlogic.gdx.graphics.Mesh::bind@4 (line 509)
                      ; - com.badlogic.gdx.graphics.Mesh::render@13 (line 624)
                      ;   {runtime_call UncommonTrapBlob}
  0x000000011a1effc8: 2e4e e897 | 2101 8012 

  0x000000011a1effd0: ; ImmutableOopMap {}
                      ;*invokeinterface glDrawElements {reexecute=0 rethrow=0 return_oop=0}
                      ; - com.badlogic.gdx.graphics.Mesh::render@267 (line 650)
                      ;   {runtime_call UncommonTrapBlob}
  0x000000011a1effd0: 2c4e e897 | 2101 8012 

  0x000000011a1effd8: ; ImmutableOopMap {}
                      ;*invokeinterface glBindBuffer {reexecute=0 rethrow=0 return_oop=0}
                      ; - com.badlogic.gdx.graphics.glutils.IndexBufferObject::unbind@6 (line 200)
                      ; - com.badlogic.gdx.graphics.Mesh::unbind@57 (line 541)
                      ; - com.badlogic.gdx.graphics.Mesh::unbind@4 (line 529)
                      ; - com.badlogic.gdx.graphics.Mesh::render@323 (line 661)
                      ;   {runtime_call UncommonTrapBlob}
  0x000000011a1effd8: 2a4e e897 | 2101 8012 

  0x000000011a1effe0: ; ImmutableOopMap {}
                      ;*invokeinterface glDrawArrays {reexecute=0 rethrow=0 return_oop=0}
                      ; - com.badlogic.gdx.graphics.Mesh::render@311 (line 656)
                      ;   {runtime_call UncommonTrapBlob}
  0x000000011a1effe0: 284e e897 | 0700 0014 | e103 00aa | 1200 0014 | e103 00aa | 1000 0014 | e103 00aa | 0e00 0014 
  0x000000011a1f0000: e103 00aa | 0c00 0014 | e103 00aa | 0a00 0014 | e103 00aa | 0800 0014 | e103 00aa | 0600 0014 
  0x000000011a1f0020: e103 00aa | 0400 0014 | e103 00aa | 0200 0014 | e103 00aa | fd7b 4aa9 | ffc3 0291 

  0x000000011a1f003c: ;   {runtime_call _rethrow_Java}
  0x000000011a1f003c: a131 eb17 | 2101 8012 

  0x000000011a1f0044: ; ImmutableOopMap {}
                      ;*invokevirtual limit {reexecute=0 rethrow=0 return_oop=0}
                      ; - com.badlogic.gdx.graphics.glutils.IndexBufferObject::bind@46 (line 191)
                      ; - com.badlogic.gdx.graphics.Mesh::bind@57 (line 521)
                      ; - com.badlogic.gdx.graphics.Mesh::bind@4 (line 509)
                      ; - com.badlogic.gdx.graphics.Mesh::render@13 (line 624)
                      ;   {runtime_call UncommonTrapBlob}
  0x000000011a1f0044: 0f4e e897 | fd03 102a | 2101 8012 

  0x000000011a1f0050: ; ImmutableOopMap {}
                      ;*invokevirtual limit {reexecute=0 rethrow=0 return_oop=0}
                      ; - com.badlogic.gdx.graphics.glutils.IndexBufferObject::bind@51 (line 191)
                      ; - com.badlogic.gdx.graphics.Mesh::bind@57 (line 521)
                      ; - com.badlogic.gdx.graphics.Mesh::bind@4 (line 509)
                      ; - com.badlogic.gdx.graphics.Mesh::render@13 (line 624)
                      ;   {runtime_call UncommonTrapBlob}
  0x000000011a1f0050: 0c4e e897 | f037 0029 | fd03 0faa | 2101 8012 

  0x000000011a1f0060: ; ImmutableOopMap {rfp=Oop }
                      ;*invokeinterface glBufferData {reexecute=0 rethrow=0 return_oop=0}
                      ; - com.badlogic.gdx.graphics.glutils.IndexBufferObject::bind@75 (line 192)
                      ; - com.badlogic.gdx.graphics.Mesh::bind@57 (line 521)
                      ; - com.badlogic.gdx.graphics.Mesh::bind@4 (line 509)
                      ; - com.badlogic.gdx.graphics.Mesh::render@13 (line 624)
                      ;   {runtime_call UncommonTrapBlob}
  0x000000011a1f0060: 084e e897 

  0x000000011a1f0064: ;   {internal_word}
  0x000000011a1f0064: 6882 ff10 | 88af 01f9 

  0x000000011a1f006c: ;   {runtime_call SafepointBlob}
  0x000000011a1f006c: 654c e817 | 0000 0000 | 0000 0000 | 0000 0000 | 0000 0000 
[Stub Code]
  0x000000011a1f0080: ;   {no_reloc}
  0x000000011a1f0080: 4800 0058 | 0001 1fd6 | d039 1b1a | 0100 0000 

  0x000000011a1f0090: ;   {static_stub}
  0x000000011a1f0090: df3f 03d5 

  0x000000011a1f0094: ;   {metadata(NULL)}
  0x000000011a1f0094: 0c00 80d2 | 0c00 a0f2 | 0c00 c0f2 | 0800 80d2 | 0800 a0f2 | 0800 c0f2 | 0001 1fd6 

  0x000000011a1f00b0: ;   {trampoline_stub}
  0x000000011a1f00b0: 4800 0058 | 0001 1fd6 | d06c 1b1a | 0100 0000 

  0x000000011a1f00c0: ;   {static_stub}
  0x000000011a1f00c0: df3f 03d5 

  0x000000011a1f00c4: ;   {metadata(NULL)}
  0x000000011a1f00c4: 0c00 80d2 | 0c00 a0f2 | 0c00 c0f2 | 0800 80d2 | 0800 a0f2 | 0800 c0f2 | 0001 1fd6 

  0x000000011a1f00e0: ;   {trampoline_stub}
  0x000000011a1f00e0: 4800 0058 | 0001 1fd6 | 5042 1b1a | 0100 0000 

  0x000000011a1f00f0: ;   {static_stub}
  0x000000011a1f00f0: df3f 03d5 

  0x000000011a1f00f4: ;   {metadata(NULL)}
  0x000000011a1f00f4: 0c00 80d2 | 0c00 a0f2 | 0c00 c0f2 | 0800 80d2 | 0800 a0f2 | 0800 c0f2 | 0001 1fd6 

  0x000000011a1f0110: ;   {trampoline_stub}
  0x000000011a1f0110: 4800 0058 | 0001 1fd6 | d045 1b1a | 0100 0000 

  0x000000011a1f0120: ;   {static_stub}
  0x000000011a1f0120: df3f 03d5 

  0x000000011a1f0124: ;   {metadata(NULL)}
  0x000000011a1f0124: 0c00 80d2 | 0c00 a0f2 | 0c00 c0f2 | 0800 80d2 | 0800 a0f2 | 0800 c0f2 | 0001 1fd6 

  0x000000011a1f0140: ;   {trampoline_stub}
  0x000000011a1f0140: 4800 0058 | 0001 1fd6 | d039 1b1a | 0100 0000 

  0x000000011a1f0150: ;   {static_stub}
  0x000000011a1f0150: df3f 03d5 

  0x000000011a1f0154: ;   {metadata(NULL)}
  0x000000011a1f0154: 0c00 80d2 | 0c00 a0f2 | 0c00 c0f2 | 0800 80d2 | 0800 a0f2 | 0800 c0f2 | 0001 1fd6 

  0x000000011a1f0170: ;   {trampoline_stub}
  0x000000011a1f0170: 4800 0058 | 0001 1fd6 | 507b 1b1a | 0100 0000 

  0x000000011a1f0180: ;   {static_stub}
  0x000000011a1f0180: df3f 03d5 

  0x000000011a1f0184: ;   {metadata(NULL)}
  0x000000011a1f0184: 0c00 80d2 | 0c00 a0f2 | 0c00 c0f2 | 0800 80d2 | 0800 a0f2 | 0800 c0f2 | 0001 1fd6 

  0x000000011a1f01a0: ;   {trampoline_stub}
  0x000000011a1f01a0: 4800 0058 | 0001 1fd6 | 5049 1b1a | 0100 0000 

  0x000000011a1f01b0: ;   {static_stub}
  0x000000011a1f01b0: df3f 03d5 

  0x000000011a1f01b4: ;   {metadata(NULL)}
  0x000000011a1f01b4: 0c00 80d2 | 0c00 a0f2 | 0c00 c0f2 | 0800 80d2 | 0800 a0f2 | 0800 c0f2 | 0001 1fd6 

  0x000000011a1f01d0: ;   {trampoline_stub}
  0x000000011a1f01d0: 4800 0058 | 0001 1fd6 | d039 1b1a | 0100 0000 

  0x000000011a1f01e0: ;   {static_stub}
  0x000000011a1f01e0: df3f 03d5 

  0x000000011a1f01e4: ;   {metadata(NULL)}
  0x000000011a1f01e4: 0c00 80d2 | 0c00 a0f2 | 0c00 c0f2 | 0800 80d2 | 0800 a0f2 | 0800 c0f2 | 0001 1fd6 

  0x000000011a1f0200: ;   {trampoline_stub}
  0x000000011a1f0200: 4800 0058 | 0001 1fd6 | d039 1b1a | 0100 0000 

  0x000000011a1f0210: ;   {static_stub}
  0x000000011a1f0210: df3f 03d5 

  0x000000011a1f0214: ;   {metadata(NULL)}
  0x000000011a1f0214: 0c00 80d2 | 0c00 a0f2 | 0c00 c0f2 | 0800 80d2 | 0800 a0f2 | 0800 c0f2 | 0001 1fd6 

  0x000000011a1f0230: ;   {trampoline_stub}
  0x000000011a1f0230: 4800 0058 | 0001 1fd6 | 4002 1f1a | 0100 0000 

  0x000000011a1f0240: ;   {static_stub}
  0x000000011a1f0240: df3f 03d5 

  0x000000011a1f0244: ;   {metadata({method} {0x0000000128696f88} 'glDrawArrays' '(III)V' in 'com/badlogic/gdx/backends/lwjgl3/Lwjgl3GL20')}
  0x000000011a1f0244: 0cf1 8dd2 | 2c0d a5f2 | 2c00 c0f2 | 8848 9bd2 | 0838 a3f2 | 2800 c0f2 | 0001 1fd6 

  0x000000011a1f0260: ;   {trampoline_stub}
  0x000000011a1f0260: 4800 0058 | 0001 1fd6 | 00cf bf19 | 0100 0000 

  0x000000011a1f0270: ;   {static_stub}
  0x000000011a1f0270: df3f 03d5 

  0x000000011a1f0274: ;   {metadata(NULL)}
  0x000000011a1f0274: 0c00 80d2 | 0c00 a0f2 | 0c00 c0f2 | 0800 80d2 | 0800 a0f2 | 0800 c0f2 | 0001 1fd6 

  0x000000011a1f0290: ;   {trampoline_stub}
  0x000000011a1f0290: 4800 0058 | 0001 1fd6 | 8038 c019 | 0100 0000 

  0x000000011a1f02a0: ;   {trampoline_stub}
  0x000000011a1f02a0: 4800 0058 | 0001 1fd6 | 8038 c019 | 0100 0000 

  0x000000011a1f02b0: ;   {trampoline_stub}
  0x000000011a1f02b0: 4800 0058 | 0001 1fd6 | 8038 c019 | 0100 0000 

  0x000000011a1f02c0: ;   {trampoline_stub}
  0x000000011a1f02c0: 4800 0058 | 0001 1fd6 | 8038 c019 | 0100 0000 

  0x000000011a1f02d0: ;   {trampoline_stub}
  0x000000011a1f02d0: 4800 0058 | 0001 1fd6 | 8038 c019 | 0100 0000 

  0x000000011a1f02e0: ;   {trampoline_stub}
  0x000000011a1f02e0: 4800 0058 | 0001 1fd6 | 8038 c019 | 0100 0000 

  0x000000011a1f02f0: ;   {trampoline_stub}
  0x000000011a1f02f0: 4800 0058 | 0001 1fd6 | 8038 c019 | 0100 0000 

  0x000000011a1f0300: ;   {trampoline_stub}
  0x000000011a1f0300: 4800 0058 | 0001 1fd6 | 8038 c019 | 0100 0000 

  0x000000011a1f0310: ;   {trampoline_stub}
  0x000000011a1f0310: 4800 0058 | 0001 1fd6 | 8038 c019 | 0100 0000 

  0x000000011a1f0320: ;   {trampoline_stub}
  0x000000011a1f0320: 4800 0058 | 0001 1fd6 | 8038 c019 | 0100 0000 

  0x000000011a1f0330: ;   {trampoline_stub}
  0x000000011a1f0330: 4800 0058 | 0001 1fd6 | 8038 c019 | 0100 0000 

  0x000000011a1f0340: ;   {trampoline_stub}
  0x000000011a1f0340: 4800 0058 | 0001 1fd6 | 8038 c019 | 0100 0000 

  0x000000011a1f0350: ;   {trampoline_stub}
  0x000000011a1f0350: 4800 0058 | 0001 1fd6 | 8038 c019 | 0100 0000 

  0x000000011a1f0360: ;   {trampoline_stub}
  0x000000011a1f0360: 4800 0058 | 0001 1fd6 | 8038 c019 | 0100 0000 

  0x000000011a1f0370: ;   {trampoline_stub}
  0x000000011a1f0370: 4800 0058 | 0001 1fd6 | 8038 c019 | 0100 0000 

  0x000000011a1f0380: ;   {trampoline_stub}
  0x000000011a1f0380: 4800 0058 | 0001 1fd6 | 8038 c019 | 0100 0000 

  0x000000011a1f0390: ;   {trampoline_stub}
  0x000000011a1f0390: 4800 0058 | 0001 1fd6 | 8038 c019 | 0100 0000 

  0x000000011a1f03a0: ;   {trampoline_stub}
  0x000000011a1f03a0: 4800 0058 | 0001 1fd6 | 8038 c019 | 0100 0000 

  0x000000011a1f03b0: ;   {trampoline_stub}
  0x000000011a1f03b0: 4800 0058 | 0001 1fd6 | 8038 c019 | 0100 0000 

  0x000000011a1f03c0: ;   {trampoline_stub}
  0x000000011a1f03c0: 4800 0058 | 0001 1fd6 | 8038 c019 | 0100 0000 

  0x000000011a1f03d0: ;   {trampoline_stub}
  0x000000011a1f03d0: 4800 0058 | 0001 1fd6 | 8038 c019 | 0100 0000 

  0x000000011a1f03e0: ;   {trampoline_stub}
  0x000000011a1f03e0: 4800 0058 | 0001 1fd6 | 8038 c019 | 0100 0000 

  0x000000011a1f03f0: ;   {trampoline_stub}
  0x000000011a1f03f0: 4800 0058 | 0001 1fd6 | 8038 c019 | 0100 0000 

  0x000000011a1f0400: ;   {trampoline_stub}
  0x000000011a1f0400: 4800 0058 | 0001 1fd6 | 8038 c019 | 0100 0000 

  0x000000011a1f0410: ;   {trampoline_stub}
  0x000000011a1f0410: 4800 0058 | 0001 1fd6 | 8038 c019 | 0100 0000 

  0x000000011a1f0420: ;   {trampoline_stub}
  0x000000011a1f0420: 4800 0058 | 0001 1fd6 | 8038 c019 | 0100 0000 

  0x000000011a1f0430: ;   {trampoline_stub}
  0x000000011a1f0430: 4800 0058 | 0001 1fd6 | 8038 c019 | 0100 0000 

  0x000000011a1f0440: ;   {trampoline_stub}
  0x000000011a1f0440: 4800 0058 | 0001 1fd6 | 8038 c019 | 0100 0000 

  0x000000011a1f0450: ;   {trampoline_stub}
  0x000000011a1f0450: 4800 0058 | 0001 1fd6 | 8038 c019 | 0100 0000 

  0x000000011a1f0460: ;   {trampoline_stub}
  0x000000011a1f0460: 4800 0058 | 0001 1fd6 | 8038 c019 | 0100 0000 

  0x000000011a1f0470: ;   {trampoline_stub}
  0x000000011a1f0470: 4800 0058 | 0001 1fd6 | 8038 c019 | 0100 0000 

  0x000000011a1f0480: ;   {trampoline_stub}
  0x000000011a1f0480: 4800 0058 | 0001 1fd6 | 8038 c019 | 0100 0000 

  0x000000011a1f0490: ;   {trampoline_stub}
  0x000000011a1f0490: 4800 0058 | 0001 1fd6 | 8038 c019 | 0100 0000 

  0x000000011a1f04a0: ;   {trampoline_stub}
  0x000000011a1f04a0: 4800 0058 | 0001 1fd6 | 8038 c019 | 0100 0000 

  0x000000011a1f04b0: ;   {trampoline_stub}
  0x000000011a1f04b0: 4800 0058 | 0001 1fd6 | 8038 c019 | 0100 0000 

  0x000000011a1f04c0: ;   {trampoline_stub}
  0x000000011a1f04c0: 4800 0058 | 0001 1fd6 | 8038 c019 | 0100 0000 

  0x000000011a1f04d0: ;   {trampoline_stub}
  0x000000011a1f04d0: 4800 0058 | 0001 1fd6 | 8038 c019 | 0100 0000 

  0x000000011a1f04e0: ;   {trampoline_stub}
  0x000000011a1f04e0: 4800 0058 | 0001 1fd6 | 8038 c019 | 0100 0000 

  0x000000011a1f04f0: ;   {trampoline_stub}
  0x000000011a1f04f0: 4800 0058 | 0001 1fd6 | 8038 c019 | 0100 0000 

  0x000000011a1f0500: ;   {trampoline_stub}
  0x000000011a1f0500: 4800 0058 | 0001 1fd6 | 8038 c019 | 0100 0000 

  0x000000011a1f0510: ;   {trampoline_stub}
  0x000000011a1f0510: 4800 0058 | 0001 1fd6 | 8038 c019 | 0100 0000 

  0x000000011a1f0520: ;   {trampoline_stub}
  0x000000011a1f0520: 4800 0058 | 0001 1fd6 | 8038 c019 | 0100 0000 

  0x000000011a1f0530: ;   {trampoline_stub}
  0x000000011a1f0530: 4800 0058 | 0001 1fd6 | 8038 c019 | 0100 0000 

  0x000000011a1f0540: ;   {trampoline_stub}
  0x000000011a1f0540: 4800 0058 | 0001 1fd6 | 8038 c019 | 0100 0000 

  0x000000011a1f0550: ;   {trampoline_stub}
  0x000000011a1f0550: 4800 0058 | 0001 1fd6 | 8038 c019 | 0100 0000 

  0x000000011a1f0560: ;   {trampoline_stub}
  0x000000011a1f0560: 4800 0058 | 0001 1fd6 | 8038 c019 | 0100 0000 

  0x000000011a1f0570: ;   {trampoline_stub}
  0x000000011a1f0570: 4800 0058 | 0001 1fd6 | 8038 c019 | 0100 0000 

  0x000000011a1f0580: ;   {trampoline_stub}
  0x000000011a1f0580: 4800 0058 | 0001 1fd6 | 8038 c019 | 0100 0000 

  0x000000011a1f0590: ;   {trampoline_stub}
  0x000000011a1f0590: 4800 0058 | 0001 1fd6 | 8038 c019 | 0100 0000 

  0x000000011a1f05a0: ;   {trampoline_stub}
  0x000000011a1f05a0: 4800 0058 | 0001 1fd6 | 8038 c019 | 0100 0000 

  0x000000011a1f05b0: ;   {trampoline_stub}
  0x000000011a1f05b0: 4800 0058 | 0001 1fd6 | 8038 c019 | 0100 0000 

  0x000000011a1f05c0: ;   {trampoline_stub}
  0x000000011a1f05c0: 4800 0058 | 0001 1fd6 | 8038 c019 | 0100 0000 

  0x000000011a1f05d0: ;   {trampoline_stub}
  0x000000011a1f05d0: 4800 0058 | 0001 1fd6 | 8038 c019 | 0100 0000 

  0x000000011a1f05e0: ;   {trampoline_stub}
  0x000000011a1f05e0: 4800 0058 | 0001 1fd6 | 8038 c019 | 0100 0000 

  0x000000011a1f05f0: ;   {trampoline_stub}
  0x000000011a1f05f0: 4800 0058 | 0001 1fd6 | 8038 c019 | 0100 0000 

  0x000000011a1f0600: ;   {trampoline_stub}
  0x000000011a1f0600: 4800 0058 | 0001 1fd6 | 8038 c019 | 0100 0000 

  0x000000011a1f0610: ;   {trampoline_stub}
  0x000000011a1f0610: 4800 0058 | 0001 1fd6 | 8038 c019 | 0100 0000 

  0x000000011a1f0620: ;   {trampoline_stub}
  0x000000011a1f0620: 4800 0058 | 0001 1fd6 | 8038 c019 | 0100 0000 

  0x000000011a1f0630: ;   {trampoline_stub}
  0x000000011a1f0630: 4800 0058 | 0001 1fd6 | 8038 c019 | 0100 0000 

  0x000000011a1f0640: ;   {trampoline_stub}
  0x000000011a1f0640: 4800 0058 | 0001 1fd6 | 8038 c019 | 0100 0000 

  0x000000011a1f0650: ;   {trampoline_stub}
  0x000000011a1f0650: 4800 0058 | 0001 1fd6 | 8038 c019 | 0100 0000 

  0x000000011a1f0660: ;   {trampoline_stub}
  0x000000011a1f0660: 4800 0058 | 0001 1fd6 | 8038 c019 | 0100 0000 

  0x000000011a1f0670: ;   {trampoline_stub}
  0x000000011a1f0670: 4800 0058 | 0001 1fd6 | 8038 c019 | 0100 0000 

  0x000000011a1f0680: ;   {trampoline_stub}
  0x000000011a1f0680: 4800 0058 | 0001 1fd6 | 8038 c019 | 0100 0000 

  0x000000011a1f0690: ;   {trampoline_stub}
  0x000000011a1f0690: 4800 0058 | 0001 1fd6 | 8038 c019 | 0100 0000 

  0x000000011a1f06a0: ;   {trampoline_stub}
  0x000000011a1f06a0: 4800 0058 | 0001 1fd6 | 8038 c019 | 0100 0000 

  0x000000011a1f06b0: ;   {trampoline_stub}
  0x000000011a1f06b0: 4800 0058 | 0001 1fd6 | 8038 c019 | 0100 0000 

  0x000000011a1f06c0: ;   {trampoline_stub}
  0x000000011a1f06c0: 4800 0058 | 0001 1fd6 | 8038 c019 | 0100 0000 

  0x000000011a1f06d0: ;   {trampoline_stub}
  0x000000011a1f06d0: 4800 0058 | 0001 1fd6 | 8038 c019 | 0100 0000 

  0x000000011a1f06e0: ;   {trampoline_stub}
  0x000000011a1f06e0: 4800 0058 | 0001 1fd6 | 8038 c019 | 0100 0000 

  0x000000011a1f06f0: ;   {trampoline_stub}
  0x000000011a1f06f0: 4800 0058 | 0001 1fd6 | 8038 c019 | 0100 0000 

  0x000000011a1f0700: ;   {trampoline_stub}
  0x000000011a1f0700: 4800 0058 | 0001 1fd6 | 8038 c019 | 0100 0000 

  0x000000011a1f0710: ;   {trampoline_stub}
  0x000000011a1f0710: 4800 0058 | 0001 1fd6 | 8038 c019 | 0100 0000 

  0x000000011a1f0720: ;   {trampoline_stub}
  0x000000011a1f0720: 4800 0058 | 0001 1fd6 | 8038 c019 | 0100 0000 

  0x000000011a1f0730: ;   {trampoline_stub}
  0x000000011a1f0730: 4800 0058 | 0001 1fd6 | 8038 c019 | 0100 0000 

  0x000000011a1f0740: ;   {trampoline_stub}
  0x000000011a1f0740: 4800 0058 | 0001 1fd6 | 8038 c019 | 0100 0000 

  0x000000011a1f0750: ;   {trampoline_stub}
  0x000000011a1f0750: 4800 0058 | 0001 1fd6 | 8038 c019 | 0100 0000 

  0x000000011a1f0760: ;   {trampoline_stub}
  0x000000011a1f0760: 4800 0058 | 0001 1fd6 | 8038 c019 | 0100 0000 

  0x000000011a1f0770: ;   {trampoline_stub}
  0x000000011a1f0770: 4800 0058 | 0001 1fd6 | 8038 c019 | 0100 0000 

  0x000000011a1f0780: ;   {trampoline_stub}
  0x000000011a1f0780: 4800 0058 | 0001 1fd6 | 8038 c019 | 0100 0000 

  0x000000011a1f0790: ;   {trampoline_stub}
  0x000000011a1f0790: 4800 0058 | 0001 1fd6 | 8038 c019 | 0100 0000 

  0x000000011a1f07a0: ;   {trampoline_stub}
  0x000000011a1f07a0: 4800 0058 | 0001 1fd6 | 8038 c019 | 0100 0000 

  0x000000011a1f07b0: ;   {trampoline_stub}
  0x000000011a1f07b0: 4800 0058 | 0001 1fd6 | 8038 c019 | 0100 0000 

  0x000000011a1f07c0: ;   {trampoline_stub}
  0x000000011a1f07c0: 4800 0058 | 0001 1fd6 | 8038 c019 | 0100 0000 

  0x000000011a1f07d0: ;   {trampoline_stub}
  0x000000011a1f07d0: 4800 0058 | 0001 1fd6 | 8038 c019 | 0100 0000 

  0x000000011a1f07e0: ;   {trampoline_stub}
  0x000000011a1f07e0: 4800 0058 | 0001 1fd6 | 8038 c019 | 0100 0000 

  0x000000011a1f07f0: ;   {trampoline_stub}
  0x000000011a1f07f0: 4800 0058 | 0001 1fd6 | 8038 c019 | 0100 0000 

  0x000000011a1f0800: ;   {trampoline_stub}
  0x000000011a1f0800: 4800 0058 | 0001 1fd6 | 8038 c019 | 0100 0000 

  0x000000011a1f0810: ;   {trampoline_stub}
  0x000000011a1f0810: 4800 0058 | 0001 1fd6 | 8038 c019 | 0100 0000 

  0x000000011a1f0820: ;   {trampoline_stub}
  0x000000011a1f0820: 4800 0058 | 0001 1fd6 | 8038 c019 | 0100 0000 

  0x000000011a1f0830: ;   {trampoline_stub}
  0x000000011a1f0830: 4800 0058 | 0001 1fd6 | 8038 c019 | 0100 0000 

  0x000000011a1f0840: ;   {trampoline_stub}
  0x000000011a1f0840: 4800 0058 | 0001 1fd6 | 8038 c019 | 0100 0000 

  0x000000011a1f0850: ;   {trampoline_stub}
  0x000000011a1f0850: 4800 0058 | 0001 1fd6 | 8038 c019 | 0100 0000 

  0x000000011a1f0860: ;   {trampoline_stub}
  0x000000011a1f0860: 4800 0058 | 0001 1fd6 | 8038 c019 | 0100 0000 

  0x000000011a1f0870: ;   {trampoline_stub}
  0x000000011a1f0870: 4800 0058 | 0001 1fd6 | 8038 c019 | 0100 0000 

  0x000000011a1f0880: ;   {trampoline_stub}
  0x000000011a1f0880: 4800 0058 | 0001 1fd6 | 8038 c019 | 0100 0000 

  0x000000011a1f0890: ;   {trampoline_stub}
  0x000000011a1f0890: 4800 0058 | 0001 1fd6 | 8038 c019 | 0100 0000 

  0x000000011a1f08a0: ;   {trampoline_stub}
  0x000000011a1f08a0: 4800 0058 | 0001 1fd6 | 8038 c019 | 0100 0000 

  0x000000011a1f08b0: ;   {trampoline_stub}
  0x000000011a1f08b0: 4800 0058 | 0001 1fd6 | 8038 c019 | 0100 0000 

  0x000000011a1f08c0: ;   {trampoline_stub}
  0x000000011a1f08c0: 4800 0058 | 0001 1fd6 | 8038 c019 | 0100 0000 

  0x000000011a1f08d0: ;   {trampoline_stub}
  0x000000011a1f08d0: 4800 0058 | 0001 1fd6 | 8038 c019 | 0100 0000 

  0x000000011a1f08e0: ;   {trampoline_stub}
  0x000000011a1f08e0: 4800 0058 | 0001 1fd6 | 8038 c019 | 0100 0000 

  0x000000011a1f08f0: ;   {trampoline_stub}
  0x000000011a1f08f0: 4800 0058 | 0001 1fd6 | 8038 c019 | 0100 0000 

  0x000000011a1f0900: ;   {trampoline_stub}
  0x000000011a1f0900: 4800 0058 | 0001 1fd6 | 8038 c019 | 0100 0000 

  0x000000011a1f0910: ;   {trampoline_stub}
  0x000000011a1f0910: 4800 0058 | 0001 1fd6 | 8038 c019 | 0100 0000 

  0x000000011a1f0920: ;   {trampoline_stub}
  0x000000011a1f0920: 4800 0058 | 0001 1fd6 | 8038 c019 | 0100 0000 
[Exception Handler]
  0x000000011a1f0930: ;   {runtime_call ExceptionBlob}
  0x000000011a1f0930: 74ee ea17 
[Deopt Handler Code]
  0x000000011a1f0934: 1e00 0010 

  0x000000011a1f0938: ;   {runtime_call DeoptimizationBlob}
  0x000000011a1f0938: 024b e817 | 0000 0000 
[/MachCode]


Compiled method (c1)   17440 1298   !   3       com.badlogic.gdx.backends.lwjgl3.Lwjgl3Window::update (312 bytes)
 total in heap  [0x0000000112901c10,0x0000000112905210] = 13824
 relocation     [0x0000000112901d68,0x00000001129021a8] = 1088
 main code      [0x00000001129021c0,0x0000000112903f80] = 7616
 stub code      [0x0000000112903f80,0x0000000112904328] = 936
 oops           [0x0000000112904328,0x0000000112904340] = 24
 metadata       [0x0000000112904340,0x0000000112904550] = 528
 scopes data    [0x0000000112904550,0x00000001129049d0] = 1152
 scopes pcs     [0x00000001129049d0,0x0000000112904fc0] = 1520
 dependencies   [0x0000000112904fc0,0x0000000112905008] = 72
 handler table  [0x0000000112905008,0x00000001129050e0] = 216
 nul chk table  [0x00000001129050e0,0x0000000112905210] = 304

[Constant Pool (empty)]

[MachCode]
[Entry Point]
  # {method} {0x000000012859b870} 'update' '()Z' in 'com/badlogic/gdx/backends/lwjgl3/Lwjgl3Window'
  #           [sp+0xf0]  (sp of caller)
  0x00000001129021c0: 2808 40b9 | 3f01 086b | c001 0054 

  0x00000001129021cc: ;   {runtime_call ic_miss_stub}
  0x00000001129021cc: 8dea cb15 | 1f20 03d5 | 1f20 03d5 | 1f20 03d5 | 1f20 03d5 | 1f20 03d5 | 1f20 03d5 | 1f20 03d5 
  0x00000001129021ec: 1f20 03d5 | 1f20 03d5 | 1f20 03d5 | 1f20 03d5 | 1f20 03d5 
[Verified Entry Point]
  0x0000000112902200: 1f20 03d5 | e953 40d1 | 3f01 00f9 | ffc3 03d1 | fd7b 0ea9 | e143 00f9 

  0x0000000112902218: ;   {metadata(method data for {method} {0x000000012859b870} 'update' '()Z' in 'com/badlogic/gdx/backends/lwjgl3/Lwjgl3Window')}
  0x0000000112902218: 00e6 9ed2 | 0010 a5f2 | 2000 c0f2 | 02ac 40b9 | 4208 0011 | 02ac 00b9 | 4224 1f12 | 5f00 0071 
  0x0000000112902238: 60c7 0054 | 2030 4039 | 1f00 0071 

  0x0000000112902244: ;   {metadata(method data for {method} {0x000000012859b870} 'update' '()Z' in 'com/badlogic/gdx/backends/lwjgl3/Lwjgl3Window')}
  0x0000000112902244: 00e6 9ed2 | 0010 a5f2 | 2000 c0f2 | e80f 7cb2 | e903 78b2 | 0211 899a | 0368 62f8 | 6304 0091 
  0x0000000112902264: 0368 22f8 | 2102 0054 | e003 01aa 

  0x0000000112902270: ;   {metadata(method data for {method} {0x000000012859b870} 'update' '()Z' in 'com/badlogic/gdx/backends/lwjgl3/Lwjgl3Window')}
  0x0000000112902270: 02e6 9ed2 | 0210 a5f2 | 2200 c0f2 

  0x000000011290227c: ;   {metadata('com/badlogic/gdx/backends/lwjgl3/Lwjgl3Window')}
  0x000000011290227c: 0840 8fd2 | 4820 a0f2 | 080e c0f2 | 4980 0491 | 2801 00f9 | 4894 40f9 | 0805 0091 | 4894 00f9 
  0x000000011290229c: e003 01aa | e103 00aa 

  0x00000001129022a4: ; ImmutableOopMap {[128]=Oop }
                      ;*invokevirtual initializeListener {reexecute=0 rethrow=0 return_oop=0}
                      ; - com.badlogic.gdx.backends.lwjgl3.Lwjgl3Window::update@8 (line 402)
                      ;   {optimized virtual_call}
  0x00000001129022a4: 17eb cb95 | e143 40f9 | 2538 40b9 | a5f0 7dd3 | e223 0391 | 4504 00f9 

  0x00000001129022bc: ; implicit exception: dispatches to 0x0000000112903b44
  0x00000001129022bc: a000 40f9 | 0000 40b2 | 4000 00f9 | a900 00d1 | e803 00aa | 22fd e0c8 | 1f01 00eb | e000 0054 
  0x00000001129022dc: bf3b 03d5 | e803 0091 | 0000 08cb | 00d0 72f2 | 4000 00f9 | c0c2 00b5 | e547 00f9 | 203c 40b9 
  0x00000001129022fc: 00f0 7dd3 | 2238 40b9 | 42f0 7dd3 

  0x0000000112902308: ; implicit exception: dispatches to 0x0000000112903b54
  0x0000000112902308: 1f00 40f9 | e303 00aa 

  0x0000000112902310: ;   {metadata(method data for {method} {0x000000012859b870} 'update' '()Z' in 'com/badlogic/gdx/backends/lwjgl3/Lwjgl3Window')}
  0x0000000112902310: 04e6 9ed2 | 0410 a5f2 | 2400 c0f2 | 88b0 40f9 | 0805 0091 | 88b0 00f9 

  0x0000000112902328: ;   {metadata(method data for {method} {0x0000000128536990} 'addAll' '(Lcom/badlogic/gdx/utils/Array;)V' in 'com/badlogic/gdx/utils/Array')}
  0x0000000112902328: 03db 94d2 | 0310 a5f2 | 2300 c0f2 | 64ac 40b9 | 8408 0011 | 64ac 00b9 | 844c 1f12 | 9f00 0071 
  0x0000000112902348: 80c0 0054 

  0x000000011290234c: ; implicit exception: dispatches to 0x0000000112903b78
  0x000000011290234c: 4314 40b9 | 63f0 7dd3 | 440c 40b9 | e203 00aa 

  0x000000011290235c: ;   {metadata(method data for {method} {0x0000000128536990} 'addAll' '(Lcom/badlogic/gdx/utils/Array;)V' in 'com/badlogic/gdx/utils/Array')}
  0x000000011290235c: 06db 94d2 | 0610 a5f2 | 2600 c0f2 | c884 40f9 | 0805 0091 | c884 00f9 | e203 03aa | 0300 a052 
  0x000000011290237c: e103 00aa 

  0x0000000112902380: ; ImmutableOopMap {[128]=Oop [136]=Oop [208]=Oop }
                      ;*invokevirtual addAll {reexecute=0 rethrow=0 return_oop=0}
                      ; - com.badlogic.gdx.utils.Array::addAll@10 (line 133)
                      ; - com.badlogic.gdx.backends.lwjgl3.Lwjgl3Window::update@26 (line 405)
                      ;   {optimized virtual_call}
  0x0000000112902380: b0e1 fe97 | e143 40f9 | 2038 40b9 | 00f0 7dd3 

  0x0000000112902390: ; implicit exception: dispatches to 0x0000000112903b7c
  0x0000000112902390: 1f00 40f9 | e203 00aa 

  0x0000000112902398: ;   {metadata(method data for {method} {0x000000012859b870} 'update' '()Z' in 'com/badlogic/gdx/backends/lwjgl3/Lwjgl3Window')}
  0x0000000112902398: 03e6 9ed2 | 0310 a5f2 | 2300 c0f2 | 68cc 40f9 | 0805 0091 | 68cc 00f9 

  0x00000001129023b0: ;   {metadata(method data for {method} {0x0000000128538828} 'clear' '()V' in 'com/badlogic/gdx/utils/Array')}
  0x00000001129023b0: 02fe 94d2 | 620f a5f2 | 2200 c0f2 | 43ac 40b9 | 6308 0011 | 43ac 00b9 | 634c 1f12 | 7f00 0071 
  0x00000001129023d0: 80bd 0054 | 0414 40b9 | 84f0 7dd3 | 050c 40b9 

  0x00000001129023e0: ;   {metadata(method data for {method} {0x0000000128538828} 'clear' '()V' in 'com/badlogic/gdx/utils/Array')}
  0x00000001129023e0: 02fe 94d2 | 620f a5f2 | 2200 c0f2 | 4878 40f9 | 0805 0091 | 4878 00f9 

  0x00000001129023f8: ;   {metadata(method data for {method} {0x00000070003e6120} 'fill' '([Ljava/lang/Object;IILjava/lang/Object;)V' in 'java/util/Arrays')}
  0x00000001129023f8: 02df 99d2 | e203 a5f2 | 2200 c0f2 | 43ac 40b9 | 6308 0011 | 43ac 00b9 | 634c 1f12 | 7f00 0071 
  0x0000000112902418: 40bc 0054 

  0x000000011290241c: ; implicit exception: dispatches to 0x0000000112903bc0
  0x000000011290241c: 820c 40b9 

  0x0000000112902420: ;   {metadata(method data for {method} {0x00000070003e6120} 'fill' '([Ljava/lang/Object;IILjava/lang/Object;)V' in 'java/util/Arrays')}
  0x0000000112902420: 03df 99d2 | e303 a5f2 | 2300 c0f2 | 6878 40f9 | 0805 0091 | 6878 00f9 | e103 02aa | 0200 a052 
  0x0000000112902440: e303 05aa | e483 09a9 | e593 00b9 

  0x000000011290244c: ; ImmutableOopMap {[136]=Oop [128]=Oop [160]=Oop [152]=Oop [208]=Oop }
                      ;*invokestatic rangeCheck {reexecute=0 rethrow=0 return_oop=0}
                      ; - java.util.Arrays::fill@4 (line 3453)
                      ; - com.badlogic.gdx.utils.Array::clear@10 (line 432)
                      ; - com.badlogic.gdx.backends.lwjgl3.Lwjgl3Window::update@33 (line 406)
                      ;   {static_call}
  0x000000011290244c: fda0 fe97 | 0000 a052 | e593 40b9 | e44f 40f9 | e147 40f9 | 6b00 0014 | e203 1faa | 830c 40b9 
  0x000000011290246c: 1f00 036b | a2ba 0054 | 0201 00b5 

  0x0000000112902478: ;   {metadata(method data for {method} {0x00000070003e6120} 'fill' '([Ljava/lang/Object;IILjava/lang/Object;)V' in 'java/util/Arrays')}
  0x0000000112902478: 06df 99d2 | e603 a5f2 | 2600 c0f2 | c864 4439 | 0801 40b2 | c864 0439 | 4000 0014 

  0x0000000112902494: ; implicit exception: dispatches to 0x0000000112903bdc
  0x0000000112902494: 8308 40b9 | 6308 5cd2 | 4608 40b9 | c608 5cd2 | 6370 40f9 | df00 03eb | 6001 0054 | 6714 40b9 
  0x00000001129024b4: c868 67f8 | 7f00 08eb | e000 0054 | ff80 00f1 | 6105 0054 | e60f bfa9 

  0x00000001129024cc: ;   {runtime_call slow_subtype_check Runtime1 stub}
  0x00000001129024cc: cdb5 ce95 | e31b c1a8 | e304 0034 

  0x00000001129024d8: ;   {metadata(method data for {method} {0x00000070003e6120} 'fill' '([Ljava/lang/Object;IILjava/lang/Object;)V' in 'java/util/Arrays')}
  0x00000001129024d8: 06df 99d2 | e603 a5f2 | 2600 c0f2 | 4308 40b9 | 6308 5cd2 | c9c0 0491 | 2801 40f9 | 7f00 08eb 
  0x00000001129024f8: a100 0054 | c89c 40f9 | 0805 0091 | c89c 00f9 | 2200 0014 | c900 0591 | 2801 40f9 | 7f00 08eb 
  0x0000000112902518: a100 0054 | c8a4 40f9 | 0805 0091 | c8a4 00f9 | 1a00 0014 | c9c0 0491 | 2801 40f9 | c800 00b5 
  0x0000000112902538: 2301 00f9 | e803 40b2 | c9e0 0491 | 2801 00f9 | 1200 0014 | c900 0591 | 2801 40f9 | c800 00b5 
  0x0000000112902558: 2301 00f9 | e803 40b2 | c920 0591 | 2801 00f9 | 0a00 0014 | 0900 0014 

  0x0000000112902570: ;   {metadata(method data for {method} {0x00000070003e6120} 'fill' '([Ljava/lang/Object;IILjava/lang/Object;)V' in 'java/util/Arrays')}
  0x0000000112902570: 06df 99d2 | e603 a5f2 | 2600 c0f2 | c980 0491 | 2801 40f9 | 0805 00d1 | 2801 00f9 | 9505 0014 
  0x0000000112902590: 037c 4093 | 63f4 7ed3 | 6340 0091 | 8360 238b | 86e3 4039 | df00 0071 | 01b2 0054 | 48fc 43d3 
  0x00000001129025b0: 6800 00b9 | 6600 02ca | c6fc 54d3 | df00 00f1 | 01b2 0054 | 0004 0011 

  0x00000001129025c8: ;   {metadata(method data for {method} {0x00000070003e6120} 'fill' '([Ljava/lang/Object;IILjava/lang/Object;)V' in 'java/util/Arrays')}
  0x00000001129025c8: 02df 99d2 | e203 a5f2 | 2200 c0f2 | 43b0 40b9 | 6308 0011 | 43b0 00b9 | 6330 1f12 | 7f00 0071 
  0x00000001129025e8: 40b1 0054 

  0x00000001129025ec: ; ImmutableOopMap {[128]=Oop [160]=Oop c_rarg4=Oop c_rarg1=Oop [208]=Oop }
                      ;*goto {reexecute=1 rethrow=0 return_oop=0}
                      ; - (reexecute) java.util.Arrays::fill@24 (line 3454)
                      ; - com.badlogic.gdx.utils.Array::clear@10 (line 432)
                      ; - com.badlogic.gdx.backends.lwjgl3.Lwjgl3Window::update@33 (line 406)
  0x00000001129025ec: 88a7 41f9 

  0x00000001129025f0: ;   {poll}
  0x00000001129025f0: 1f01 40b9 

  0x00000001129025f4: ;   {metadata(method data for {method} {0x00000070003e6120} 'fill' '([Ljava/lang/Object;IILjava/lang/Object;)V' in 'java/util/Arrays')}
  0x00000001129025f4: 02df 99d2 | e203 a5f2 | 2200 c0f2 | 43ac 40f9 | 6304 0091 | 43ac 00f9 | 1f00 056b 

  0x0000000112902610: ;   {metadata(method data for {method} {0x00000070003e6120} 'fill' '([Ljava/lang/Object;IILjava/lang/Object;)V' in 'java/util/Arrays')}
  0x0000000112902610: 02df 99d2 | e203 a5f2 | 2200 c0f2 | 0822 80d2 | e903 78b2 | 03b1 899a | 4668 63f8 | c604 0091 
  0x0000000112902630: 4668 23f8 | 8bf1 ff54 | e053 40f9 | 1f0c 00b9 | e023 0391 | 0100 40f9 | 0101 00b4 | 0204 40f9 
  0x0000000112902650: e903 00aa | 41fc e0c8 | 3f01 00eb | 6000 0054 | bf3b 03d5 | 7305 0014 

  0x0000000112902668: ;   {metadata(method data for {method} {0x000000012859b870} 'update' '()Z' in 'com/badlogic/gdx/backends/lwjgl3/Lwjgl3Window')}
  0x0000000112902668: 01e6 9ed2 | 0110 a5f2 | 2100 c0f2 | 20dc 40f9 | 0004 0091 | 20dc 00f9 | e143 40f9 | 203c 40b9 
  0x0000000112902688: 00f0 7dd3 

  0x000000011290268c: ; implicit exception: dispatches to 0x0000000112903c40
  0x000000011290268c: 1f00 40f9 | e203 00aa 

  0x0000000112902694: ;   {metadata(method data for {method} {0x000000012859b870} 'update' '()Z' in 'com/badlogic/gdx/backends/lwjgl3/Lwjgl3Window')}
  0x0000000112902694: 03e6 9ed2 | 0310 a5f2 | 2300 c0f2 | 68f4 40f9 | 0805 0091 | 68f4 00f9 | e103 00aa 

  0x00000001129026b0: ; ImmutableOopMap {[128]=Oop }
                      ;*invokevirtual iterator {reexecute=0 rethrow=0 return_oop=0}
                      ; - com.badlogic.gdx.backends.lwjgl3.Lwjgl3Window::update@50 (line 408)
                      ;   {optimized virtual_call}
  0x00000001129026b0: 1499 fe97 | e057 00f9 | 9400 0014 | e057 40f9 

  0x00000001129026c0: ;   {metadata(method data for {method} {0x000000012859b870} 'update' '()Z' in 'com/badlogic/gdx/backends/lwjgl3/Lwjgl3Window')}
  0x00000001129026c0: 01e6 9ed2 | 0110 a5f2 | 2100 c0f2 

  0x00000001129026cc: ;   {metadata('com/badlogic/gdx/utils/Array$ArrayIterator')}
  0x00000001129026cc: 08e0 89d2 | 6820 a0f2 | 080e c0f2 | 29c0 0991 | 2801 00f9 | 283c 41f9 | 0805 0091 | 283c 01f9 
  0x00000001129026ec: e157 40f9 

  0x00000001129026f0: ; ImmutableOopMap {[128]=Oop [168]=Oop }
                      ;*invokeinterface next {reexecute=0 rethrow=0 return_oop=0}
                      ; - com.badlogic.gdx.backends.lwjgl3.Lwjgl3Window::update@64 (line 408)
                      ;   {optimized virtual_call}
  0x00000001129026f0: 04ea cb95 | 0001 00b5 

  0x00000001129026f8: ;   {metadata(method data for {method} {0x000000012859b870} 'update' '()Z' in 'com/badlogic/gdx/backends/lwjgl3/Lwjgl3Window')}
  0x00000001129026f8: 03e6 9ed2 | 0310 a5f2 | 2300 c0f2 | 6844 4a39 | 0801 40b2 | 6844 0a39 | 3d00 0014 

  0x0000000112902714: ;   {metadata('java/lang/Runnable')}
  0x0000000112902714: 0284 99d2 | 2200 a0f2 | 020e c0f2 | 0308 40b9 | 6308 5cd2 | 6810 40f9 | 5f00 08eb | e000 0054 
  0x0000000112902734: 7f00 02eb | a000 0054 | e30b bfa9 

  0x0000000112902740: ;   {runtime_call slow_subtype_check Runtime1 stub}
  0x0000000112902740: 30b5 ce95 | e307 41f8 | e304 0034 

  0x000000011290274c: ;   {metadata(method data for {method} {0x000000012859b870} 'update' '()Z' in 'com/badlogic/gdx/backends/lwjgl3/Lwjgl3Window')}
  0x000000011290274c: 03e6 9ed2 | 0310 a5f2 | 2300 c0f2 | 0208 40b9 | 4208 5cd2 | 69a0 0a91 | 2801 40f9 | 5f00 08eb 
  0x000000011290276c: a100 0054 | 6858 41f9 | 0805 0091 | 6858 01f9 | 2200 0014 | 69e0 0a91 | 2801 40f9 | 5f00 08eb 
  0x000000011290278c: a100 0054 | 6860 41f9 | 0805 0091 | 6860 01f9 | 1a00 0014 | 69a0 0a91 | 2801 40f9 | c800 00b5 
  0x00000001129027ac: 2201 00f9 | e803 40b2 | 69c0 0a91 | 2801 00f9 | 1200 0014 | 69e0 0a91 | 2801 40f9 | c800 00b5 
  0x00000001129027cc: 2201 00f9 | e803 40b2 | 6900 0b91 | 2801 00f9 | 0a00 0014 | 0900 0014 

  0x00000001129027e4: ;   {metadata(method data for {method} {0x000000012859b870} 'update' '()Z' in 'com/badlogic/gdx/backends/lwjgl3/Lwjgl3Window')}
  0x00000001129027e4: 03e6 9ed2 | 0310 a5f2 | 2300 c0f2 | 684c 41f9 | 0805 00d1 | 684c 01f9 | 1205 0014 | 0100 0014 
  0x0000000112902804: e103 00aa 

  0x0000000112902808: ; implicit exception: dispatches to 0x0000000112903c4c
  0x0000000112902808: 3f00 40f9 | e003 01aa 

  0x0000000112902810: ;   {metadata(method data for {method} {0x000000012859b870} 'update' '()Z' in 'com/badlogic/gdx/backends/lwjgl3/Lwjgl3Window')}
  0x0000000112902810: 02e6 9ed2 | 0210 a5f2 | 2200 c0f2 | 0008 40b9 | 0008 5cd2 | 4980 0b91 | 2801 40f9 | 1f00 08eb 
  0x0000000112902830: a100 0054 | 4874 41f9 | 0805 0091 | 4874 01f9 | 1c00 0014 | 49c0 0b91 | 2801 40f9 | 1f00 08eb 
  0x0000000112902850: a100 0054 | 487c 41f9 | 0805 0091 | 487c 01f9 | 1400 0014 | 4980 0b91 | 2801 40f9 | c800 00b5 
  0x0000000112902870: 2001 00f9 | e803 40b2 | 49a0 0b91 | 2801 00f9 | 0c00 0014 | 49c0 0b91 | 2801 40f9 | c800 00b5 
  0x0000000112902890: 2001 00f9 | e803 40b2 | 49e0 0b91 | 2801 00f9 | 0400 0014 | 4868 41f9 | 0805 0091 | 4868 01f9 
  0x00000001129028b0: e9ff 9fd2 | e9ff bff2 | e9ff dff2 

  0x00000001129028bc: ; ImmutableOopMap {[128]=Oop [168]=Oop }
                      ;*invokeinterface run {reexecute=0 rethrow=0 return_oop=0}
                      ; - com.badlogic.gdx.backends.lwjgl3.Lwjgl3Window::update@74 (line 409)
                      ;   {virtual_call}
  0x00000001129028bc: 51ea cb95 

  0x00000001129028c0: ;   {metadata(method data for {method} {0x000000012859b870} 'update' '()Z' in 'com/badlogic/gdx/backends/lwjgl3/Lwjgl3Window')}
  0x00000001129028c0: 01e6 9ed2 | 0110 a5f2 | 2100 c0f2 | 22b0 40b9 | 4208 0011 | 22b0 00b9 | 4230 1f12 | 5f00 0071 
  0x00000001129028e0: 809b 0054 

  0x00000001129028e4: ; ImmutableOopMap {[128]=Oop [168]=Oop }
                      ;*goto {reexecute=1 rethrow=0 return_oop=0}
                      ; - (reexecute) com.badlogic.gdx.backends.lwjgl3.Lwjgl3Window::update@79 (line 410)
  0x00000001129028e4: 88a7 41f9 

  0x00000001129028e8: ;   {poll}
  0x00000001129028e8: 1f01 40b9 

  0x00000001129028ec: ;   {metadata(method data for {method} {0x000000012859b870} 'update' '()Z' in 'com/badlogic/gdx/backends/lwjgl3/Lwjgl3Window')}
  0x00000001129028ec: 01e6 9ed2 | 0110 a5f2 | 2100 c0f2 | 2284 41f9 | 4204 0091 | 2284 01f9 | e057 40f9 

  0x0000000112902908: ; implicit exception: dispatches to 0x0000000112903c70
  0x0000000112902908: 1f00 40f9 | e103 00aa 

  0x0000000112902910: ;   {metadata(method data for {method} {0x000000012859b870} 'update' '()Z' in 'com/badlogic/gdx/backends/lwjgl3/Lwjgl3Window')}
  0x0000000112902910: 02e6 9ed2 | 0210 a5f2 | 2200 c0f2 | 4810 41f9 | 0805 0091 | 4810 01f9 | e103 00aa 

  0x000000011290292c: ; ImmutableOopMap {[128]=Oop [168]=Oop }
                      ;*invokeinterface hasNext {reexecute=0 rethrow=0 return_oop=0}
                      ; - com.badlogic.gdx.backends.lwjgl3.Lwjgl3Window::update@55 (line 408)
                      ;   {optimized virtual_call}
  0x000000011290292c: 693a e395 | 1f00 0071 

  0x0000000112902934: ;   {metadata(method data for {method} {0x000000012859b870} 'update' '()Z' in 'com/badlogic/gdx/backends/lwjgl3/Lwjgl3Window')}
  0x0000000112902934: 01e6 9ed2 | 0110 a5f2 | 2100 c0f2 | 084a 80d2 | 0948 80d2 | 0011 899a | 2268 60f8 | 4204 0091 
  0x0000000112902954: 2268 20f8 | 21eb ff54 | e143 40f9 | 223c 40b9 | 42f0 7dd3 

  0x0000000112902968: ; implicit exception: dispatches to 0x0000000112903c74
  0x0000000112902968: 420c 40b9 | 5f00 0071 

  0x0000000112902970: ;   {metadata(method data for {method} {0x000000012859b870} 'update' '()Z' in 'com/badlogic/gdx/backends/lwjgl3/Lwjgl3Window')}
  0x0000000112902970: 02e6 9ed2 | 0210 a5f2 | 2200 c0f2 | 0864 80d2 | 0966 80d2 | 03c1 899a | 4068 63f8 | 0004 0091 
  0x0000000112902990: 4068 23f8 | 4c03 0054 | 222c 40b9 | 42f0 7dd3 

  0x00000001129029a0: ; implicit exception: dispatches to 0x0000000112903c78
  0x00000001129029a0: 5f00 40f9 | e303 02aa 

  0x00000001129029a8: ;   {metadata(method data for {method} {0x000000012859b870} 'update' '()Z' in 'com/badlogic/gdx/backends/lwjgl3/Lwjgl3Window')}
  0x00000001129029a8: 00e6 9ed2 | 0010 a5f2 | 2000 c0f2 | 08ac 41f9 | 0805 0091 | 08ac 01f9 | bf3b 03d5 | 4244 4139 
  0x00000001129029c8: bf39 03d5 | 4200 0012 | 5f00 0071 

  0x00000001129029d4: ;   {metadata(method data for {method} {0x000000012859b870} 'update' '()Z' in 'com/badlogic/gdx/backends/lwjgl3/Lwjgl3Window')}
  0x00000001129029d4: 02e6 9ed2 | 0210 a5f2 | 2200 c0f2 | 086f 80d2 | 0971 80d2 | 0301 899a | 4068 63f8 | 0004 0091 
  0x00000001129029f4: 4068 23f8 | 2001 0054 

  0x00000001129029fc: ;   {metadata(method data for {method} {0x000000012859b870} 'update' '()Z' in 'com/badlogic/gdx/backends/lwjgl3/Lwjgl3Window')}
  0x00000001129029fc: 02e6 9ed2 | 0210 a5f2 | 2200 c0f2 | 43cc 41f9 | 6304 0091 | 43cc 01f9 | e003 0032 | 0200 0014 
  0x0000000112902a1c: 0000 a052 | e0c3 00b9 | 243c 40b9 | 84f0 7dd3 

  0x0000000112902a2c: ; implicit exception: dispatches to 0x0000000112903c7c
  0x0000000112902a2c: 9f00 40f9 | e203 04aa 

  0x0000000112902a34: ;   {metadata(method data for {method} {0x000000012859b870} 'update' '()Z' in 'com/badlogic/gdx/backends/lwjgl3/Lwjgl3Window')}
  0x0000000112902a34: 03e6 9ed2 | 0310 a5f2 | 2300 c0f2 | 68e4 41f9 | 0805 0091 | 68e4 01f9 

  0x0000000112902a4c: ;   {metadata(method data for {method} {0x0000000128538828} 'clear' '()V' in 'com/badlogic/gdx/utils/Array')}
  0x0000000112902a4c: 02fe 94d2 | 620f a5f2 | 2200 c0f2 | 43ac 40b9 | 6308 0011 | 43ac 00b9 | 634c 1f12 | 7f00 0071 
  0x0000000112902a6c: a090 0054 | 8514 40b9 | a5f0 7dd3 | 860c 40b9 

  0x0000000112902a7c: ;   {metadata(method data for {method} {0x0000000128538828} 'clear' '()V' in 'com/badlogic/gdx/utils/Array')}
  0x0000000112902a7c: 02fe 94d2 | 620f a5f2 | 2200 c0f2 | 4878 40f9 | 0805 0091 | 4878 00f9 

  0x0000000112902a94: ;   {metadata(method data for {method} {0x00000070003e6120} 'fill' '([Ljava/lang/Object;IILjava/lang/Object;)V' in 'java/util/Arrays')}
  0x0000000112902a94: 02df 99d2 | e203 a5f2 | 2200 c0f2 | 43ac 40b9 | 6308 0011 | 43ac 00b9 | 634c 1f12 | 7f00 0071 
  0x0000000112902ab4: 608f 0054 

  0x0000000112902ab8: ; implicit exception: dispatches to 0x0000000112903cc0
  0x0000000112902ab8: a20c 40b9 

  0x0000000112902abc: ;   {metadata(method data for {method} {0x00000070003e6120} 'fill' '([Ljava/lang/Object;IILjava/lang/Object;)V' in 'java/util/Arrays')}
  0x0000000112902abc: 03df 99d2 | e303 a5f2 | 2300 c0f2 | 6878 40f9 | 0805 0091 | 6878 00f9 | e103 02aa | 0200 a052 
  0x0000000112902adc: e303 06aa | e513 0ba9 | e697 00b9 

  0x0000000112902ae8: ; ImmutableOopMap {[128]=Oop [176]=Oop [184]=Oop }
                      ;*invokestatic rangeCheck {reexecute=0 rethrow=0 return_oop=0}
                      ; - java.util.Arrays::fill@4 (line 3453)
                      ; - com.badlogic.gdx.utils.Array::clear@10 (line 432)
                      ; - com.badlogic.gdx.backends.lwjgl3.Lwjgl3Window::update@112 (line 412)
                      ;   {static_call}
  0x0000000112902ae8: 569f fe97 | 0200 a052 | e697 40b9 | e55b 40f9 | 6b00 0014 | e103 1faa | a00c 40b9 | 5f00 006b 
  0x0000000112902b08: e28d 0054 | 0101 00b5 

  0x0000000112902b10: ;   {metadata(method data for {method} {0x00000070003e6120} 'fill' '([Ljava/lang/Object;IILjava/lang/Object;)V' in 'java/util/Arrays')}
  0x0000000112902b10: 03df 99d2 | e303 a5f2 | 2300 c0f2 | 6864 4439 | 0801 40b2 | 6864 0439 | 4000 0014 

  0x0000000112902b2c: ; implicit exception: dispatches to 0x0000000112903cdc
  0x0000000112902b2c: a008 40b9 | 0008 5cd2 | 2308 40b9 | 6308 5cd2 | 0070 40f9 | 7f00 00eb | 6001 0054 | 0414 40b9 
  0x0000000112902b4c: 6868 64f8 | 1f00 08eb | e000 0054 | 9f80 00f1 | 6105 0054 | e303 bfa9 

  0x0000000112902b64: ;   {runtime_call slow_subtype_check Runtime1 stub}
  0x0000000112902b64: 27b4 ce95 | e00f c1a8 | e004 0034 

  0x0000000112902b70: ;   {metadata(method data for {method} {0x00000070003e6120} 'fill' '([Ljava/lang/Object;IILjava/lang/Object;)V' in 'java/util/Arrays')}
  0x0000000112902b70: 03df 99d2 | e303 a5f2 | 2300 c0f2 | 2008 40b9 | 0008 5cd2 | 69c0 0491 | 2801 40f9 | 1f00 08eb 
  0x0000000112902b90: a100 0054 | 689c 40f9 | 0805 0091 | 689c 00f9 | 2200 0014 | 6900 0591 | 2801 40f9 | 1f00 08eb 
  0x0000000112902bb0: a100 0054 | 68a4 40f9 | 0805 0091 | 68a4 00f9 | 1a00 0014 | 69c0 0491 | 2801 40f9 | c800 00b5 
  0x0000000112902bd0: 2001 00f9 | e803 40b2 | 69e0 0491 | 2801 00f9 | 1200 0014 | 6900 0591 | 2801 40f9 | c800 00b5 
  0x0000000112902bf0: 2001 00f9 | e803 40b2 | 6920 0591 | 2801 00f9 | 0a00 0014 | 0900 0014 

  0x0000000112902c08: ;   {metadata(method data for {method} {0x00000070003e6120} 'fill' '([Ljava/lang/Object;IILjava/lang/Object;)V' in 'java/util/Arrays')}
  0x0000000112902c08: 03df 99d2 | e303 a5f2 | 2300 c0f2 | 6980 0491 | 2801 40f9 | 0805 00d1 | 2801 00f9 | 2f04 0014 
  0x0000000112902c28: 407c 4093 | 00f4 7ed3 | 0040 0091 | a060 208b | 83e3 4039 | 7f00 0071 | 4185 0054 | 28fc 43d3 
  0x0000000112902c48: 0800 00b9 | 0300 01ca | 63fc 54d3 | 7f00 00f1 | 4185 0054 | 4204 0011 

  0x0000000112902c60: ;   {metadata(method data for {method} {0x00000070003e6120} 'fill' '([Ljava/lang/Object;IILjava/lang/Object;)V' in 'java/util/Arrays')}
  0x0000000112902c60: 01df 99d2 | e103 a5f2 | 2100 c0f2 | 20b0 40b9 | 0008 0011 | 20b0 00b9 | 0030 1f12 | 1f00 0071 
  0x0000000112902c80: 8084 0054 

  0x0000000112902c84: ; ImmutableOopMap {[128]=Oop [184]=Oop c_rarg5=Oop }
                      ;*goto {reexecute=1 rethrow=0 return_oop=0}
                      ; - (reexecute) java.util.Arrays::fill@24 (line 3454)
                      ; - com.badlogic.gdx.utils.Array::clear@10 (line 432)
                      ; - com.badlogic.gdx.backends.lwjgl3.Lwjgl3Window::update@112 (line 412)
  0x0000000112902c84: 88a7 41f9 

  0x0000000112902c88: ;   {poll}
  0x0000000112902c88: 1f01 40b9 

  0x0000000112902c8c: ;   {metadata(method data for {method} {0x00000070003e6120} 'fill' '([Ljava/lang/Object;IILjava/lang/Object;)V' in 'java/util/Arrays')}
  0x0000000112902c8c: 01df 99d2 | e103 a5f2 | 2100 c0f2 | 20ac 40f9 | 0004 0091 | 20ac 00f9 | 5f00 066b 

  0x0000000112902ca8: ;   {metadata(method data for {method} {0x00000070003e6120} 'fill' '([Ljava/lang/Object;IILjava/lang/Object;)V' in 'java/util/Arrays')}
  0x0000000112902ca8: 01df 99d2 | e103 a5f2 | 2100 c0f2 | 0822 80d2 | e903 78b2 | 00b1 899a | 2368 60f8 | 6304 0091 
  0x0000000112902cc8: 2368 20f8 | 8bf1 ff54 | e45f 40f9 | 9f0c 00b9 | e143 40f9 | 2234 4039 | 5f00 0071 

  0x0000000112902ce4: ;   {metadata(method data for {method} {0x000000012859b870} 'update' '()Z' in 'com/badlogic/gdx/backends/lwjgl3/Lwjgl3Window')}
  0x0000000112902ce4: 02e6 9ed2 | 0210 a5f2 | 2200 c0f2 | 087d 80d2 | e91b 7db2 | 0011 899a | 4368 60f8 | 6304 0091 
  0x0000000112902d04: 4368 20f8 | c105 0054 | 2230 40b9 | 42f0 7dd3 | 4201 00b4 

  0x0000000112902d18: ;   {metadata('com/badlogic/gdx/backends/lwjgl3/DefaultLwjgl3Input')}
  0x0000000112902d18: 040b 9fd2 | 4420 a0f2 | 040e c0f2 | 4508 40b9 | a508 5cd2 | a820 40f9 | 9f00 08eb | e17f 0054 
  0x0000000112902d38: 0100 0014 | e003 02aa 

  0x0000000112902d40: ; implicit exception: dispatches to 0x0000000112903d34
  0x0000000112902d40: 5f00 40f9 | e003 02aa 

  0x0000000112902d48: ;   {metadata(method data for {method} {0x000000012859b870} 'update' '()Z' in 'com/badlogic/gdx/backends/lwjgl3/Lwjgl3Window')}
  0x0000000112902d48: 03e6 9ed2 | 0310 a5f2 | 2300 c0f2 | 6810 42f9 | 0805 0091 | 6810 02f9 

  0x0000000112902d60: ;   {metadata(method data for {method} {0x0000000128672db8} 'update' '()V' in 'com/badlogic/gdx/backends/lwjgl3/DefaultLwjgl3Input')}
  0x0000000112902d60: 00a7 81d2 | 2010 a5f2 | 2000 c0f2 | 03ac 40b9 | 6308 0011 | 03ac 00b9 | 634c 1f12 | 7f00 0071 
  0x0000000112902d80: c07d 0054 | 403c 40b9 | 00f0 7dd3 | 4238 40b9 | 42f0 7dd3 

  0x0000000112902d94: ; implicit exception: dispatches to 0x0000000112903d58
  0x0000000112902d94: 1f00 40f9 | e303 00aa 

  0x0000000112902d9c: ;   {metadata(method data for {method} {0x0000000128672db8} 'update' '()V' in 'com/badlogic/gdx/backends/lwjgl3/DefaultLwjgl3Input')}
  0x0000000112902d9c: 04a7 81d2 | 2410 a5f2 | 2400 c0f2 | 8884 40f9 | 0805 0091 | 8884 00f9 | e103 00aa 

  0x0000000112902db8: ; ImmutableOopMap {[128]=Oop }
                      ;*invokevirtual drain {reexecute=0 rethrow=0 return_oop=0}
                      ; - com.badlogic.gdx.backends.lwjgl3.DefaultLwjgl3Input::update@8 (line 190)
                      ; - com.badlogic.gdx.backends.lwjgl3.Lwjgl3Window::update@126 (line 414)
                      ;   {optimized virtual_call}
  0x0000000112902db8: e20d ff97 | e143 40f9 | e223 0391 | 4104 00f9 | 2000 40f9 | 0000 40b2 | 4000 00f9 | 2900 00d1 
  0x0000000112902dd8: e803 00aa | 22fd e0c8 | 1f01 00eb | e000 0054 | bf3b 03d5 | e803 0091 | 0000 08cb | 00d0 72f2 
  0x0000000112902df8: 4000 00f9 | 007b 00b5 | 2060 4039 | 1f00 0071 

  0x0000000112902e08: ;   {metadata(method data for {method} {0x000000012859b870} 'update' '()Z' in 'com/badlogic/gdx/backends/lwjgl3/Lwjgl3Window')}
  0x0000000112902e08: 00e6 9ed2 | 0010 a5f2 | 2000 c0f2 | 0888 80d2 | 098a 80d2 | 0201 899a | 0368 62f8 | 6304 0091 
  0x0000000112902e28: 0368 22f8 | a001 0054 | 2034 4039 | 1f00 0071 

  0x0000000112902e38: ;   {metadata(method data for {method} {0x000000012859b870} 'update' '()Z' in 'com/badlogic/gdx/backends/lwjgl3/Lwjgl3Window')}
  0x0000000112902e38: 00e6 9ed2 | 0010 a5f2 | 2000 c0f2 | 088e 80d2 | 098c 80d2 | 0201 899a | 0368 62f8 | 6304 0091 
  0x0000000112902e58: 0368 22f8 | 6000 0054 | 0000 a052 | 0800 0014 

  0x0000000112902e68: ;   {metadata(method data for {method} {0x000000012859b870} 'update' '()Z' in 'com/badlogic/gdx/backends/lwjgl3/Lwjgl3Window')}
  0x0000000112902e68: 00e6 9ed2 | 0010 a5f2 | 2000 c0f2 | 0240 42f9 | 4204 0091 | 0240 02f9 | e003 0032 | e2c3 40b9 
  0x0000000112902e88: 4200 002a | 3f60 0039 | e023 0391 | 0300 40f9 | 0301 00b4 | 0404 40f9 | e903 00aa | 83fc e0c8 
  0x0000000112902ea8: 3f01 00eb | 6000 0054 | bf3b 03d5 | ad03 0014 

  0x0000000112902eb8: ;   {metadata(method data for {method} {0x000000012859b870} 'update' '()Z' in 'com/badlogic/gdx/backends/lwjgl3/Lwjgl3Window')}
  0x0000000112902eb8: 00e6 9ed2 | 0010 a5f2 | 2000 c0f2 | 034c 42f9 | 6304 0091 | 034c 02f9 | 203c 4039 | 1f00 0071 
  0x0000000112902ed8: ;   {metadata(method data for {method} {0x000000012859b870} 'update' '()Z' in 'com/badlogic/gdx/backends/lwjgl3/Lwjgl3Window')}
  0x0000000112902ed8: 00e6 9ed2 | 0010 a5f2 | 2000 c0f2 | 0896 80d2 | 0998 80d2 | 0301 899a | 0468 63f8 | 8404 0091 
  0x0000000112902ef8: 0468 23f8 | c040 0054 | 3f3c 0039 | 202c 40b9 | 00f0 7dd3 

  0x0000000112902f0c: ; implicit exception: dispatches to 0x0000000112903d78
  0x0000000112902f0c: 1f00 40f9 | e203 00aa 

  0x0000000112902f14: ;   {metadata(method data for {method} {0x000000012859b870} 'update' '()Z' in 'com/badlogic/gdx/backends/lwjgl3/Lwjgl3Window')}
  0x0000000112902f14: 03e6 9ed2 | 0310 a5f2 | 2300 c0f2 

  0x0000000112902f20: ;   {metadata('com/badlogic/gdx/backends/lwjgl3/Lwjgl3Graphics')}
  0x0000000112902f20: 08f1 84d2 | 6820 a0f2 | 080e c0f2 | 6980 1391 | 2801 00f9 | 6874 42f9 | 0805 0091 | 6874 02f9 
  0x0000000112902f40: e103 00aa 

  0x0000000112902f44: ; ImmutableOopMap {[128]=Oop }
                      ;*invokevirtual updateFramebufferInfo {reexecute=0 rethrow=0 return_oop=0}
                      ; - com.badlogic.gdx.backends.lwjgl3.Lwjgl3Window::update@188 (line 424)
                      ;   {optimized virtual_call}
  0x0000000112902f44: efe7 cb95 | e143 40f9 | 222c 40b9 | 42f0 7dd3 

  0x0000000112902f54: ; implicit exception: dispatches to 0x0000000112903d7c
  0x0000000112902f54: 4358 40b9 | 63f0 7dd3 | e403 02aa 

  0x0000000112902f60: ;   {metadata(method data for {method} {0x000000012859b870} 'update' '()Z' in 'com/badlogic/gdx/backends/lwjgl3/Lwjgl3Window')}
  0x0000000112902f60: 00e6 9ed2 | 0010 a5f2 | 2000 c0f2 

  0x0000000112902f6c: ;   {metadata('com/badlogic/gdx/backends/lwjgl3/Lwjgl3Graphics')}
  0x0000000112902f6c: 08f1 84d2 | 6820 a0f2 | 080e c0f2 | 0960 1491 | 2801 00f9 | 0890 42f9 | 0805 0091 | 0890 02f9 
  0x0000000112902f8c: bf3b 03d5 | 443c 40b9 | bf39 03d5 | 222c 40b9 | 42f0 7dd3 

  0x0000000112902fa0: ; implicit exception: dispatches to 0x0000000112903d80
  0x0000000112902fa0: 5f00 40f9 | e003 02aa 

  0x0000000112902fa8: ;   {metadata(method data for {method} {0x000000012859b870} 'update' '()Z' in 'com/badlogic/gdx/backends/lwjgl3/Lwjgl3Window')}
  0x0000000112902fa8: 05e6 9ed2 | 0510 a5f2 | 2500 c0f2 

  0x0000000112902fb4: ;   {metadata('com/badlogic/gdx/backends/lwjgl3/Lwjgl3Graphics')}
  0x0000000112902fb4: 08f1 84d2 | 6820 a0f2 | 080e c0f2 | a940 1591 | 2801 00f9 | a8ac 42f9 | 0805 0091 | a8ac 02f9 
  0x0000000112902fd4: bf3b 03d5 | 4030 40b9 | bf39 03d5 | 4301 00b4 

  0x0000000112902fe4: ;   {metadata('com/badlogic/gdx/backends/lwjgl3/Lwjgl3GL20')}
  0x0000000112902fe4: 0645 87d2 | 6620 a0f2 | 060e c0f2 | 6708 40b9 | e708 5cd2 | e81c 40f9 | df00 08eb | 216c 0054 
  0x0000000112903004: 0100 0014 | e203 03aa 

  0x000000011290300c: ; implicit exception: dispatches to 0x0000000112903d88
  0x000000011290300c: 7f00 40f9 

  0x0000000112903010: ;   {metadata(method data for {method} {0x000000012859b870} 'update' '()Z' in 'com/badlogic/gdx/backends/lwjgl3/Lwjgl3Window')}
  0x0000000112903010: 02e6 9ed2 | 0210 a5f2 | 2200 c0f2 

  0x000000011290301c: ;   {metadata('com/badlogic/gdx/backends/lwjgl3/Lwjgl3GL20')}
  0x000000011290301c: 0845 87d2 | 6820 a0f2 | 080e c0f2 | 4920 1691 | 2801 00f9 | 48c8 42f9 | 0805 0091 | 48c8 02f9 
  0x000000011290303c: ;   {metadata(method data for {method} {0x000000012869d030} 'glViewport' '(IIII)V' in 'com/badlogic/gdx/backends/lwjgl3/Lwjgl3GL20')}
  0x000000011290303c: 0237 82d2 | 2210 a5f2 | 2200 c0f2 | 43ac 40b9 | 6308 0011 | 43ac 00b9 | 634c 1f12 | 7f00 0071 
  0x000000011290305c: 8069 0054 

  0x0000000112903060: ;   {metadata(method data for {method} {0x000000012869d030} 'glViewport' '(IIII)V' in 'com/badlogic/gdx/backends/lwjgl3/Lwjgl3GL20')}
  0x0000000112903060: 0237 82d2 | 2210 a5f2 | 2200 c0f2 | 4878 40f9 | 0805 0091 | 4878 00f9 

  0x0000000112903078: ;   {metadata(method data for {method} {0x0000000128651420} 'glViewport' '(IIII)V' in 'org/lwjgl/opengl/GL11')}
  0x0000000112903078: 0263 82d2 | 2210 a5f2 | 2200 c0f2 | 43ac 40b9 | 6308 0011 | 43ac 00b9 | 634c 1f12 | 7f00 0071 
  0x0000000112903098: a068 0054 

  0x000000011290309c: ;   {metadata(method data for {method} {0x0000000128651420} 'glViewport' '(IIII)V' in 'org/lwjgl/opengl/GL11')}
  0x000000011290309c: 0263 82d2 | 2210 a5f2 | 2200 c0f2 | 4878 40f9 | 0805 0091 | 4878 00f9 | 0100 a052 | 0200 a052 
  0x00000001129030bc: e303 04aa | e403 00aa 

  0x00000001129030c4: ; ImmutableOopMap {[128]=Oop }
                      ;*invokestatic glViewport {reexecute=0 rethrow=0 return_oop=0}
                      ; - org.lwjgl.opengl.GL11::glViewport@4 (line 7968)
                      ; - com.badlogic.gdx.backends.lwjgl3.Lwjgl3GL20::glViewport@5 (line 839)
                      ; - com.badlogic.gdx.backends.lwjgl3.Lwjgl3Window::update@214 (line 425)
                      ;   {static_call}
  0x00000001129030c4: 0fe9 cb95 | e143 40f9 | 221c 40b9 | 42f0 7dd3 | 232c 40b9 | 63f0 7dd3 

  0x00000001129030dc: ; implicit exception: dispatches to 0x0000000112903dcc
  0x00000001129030dc: 7f00 40f9 | e003 03aa 

  0x00000001129030e4: ;   {metadata(method data for {method} {0x000000012859b870} 'update' '()Z' in 'com/badlogic/gdx/backends/lwjgl3/Lwjgl3Window')}
  0x00000001129030e4: 04e6 9ed2 | 0410 a5f2 | 2400 c0f2 

  0x00000001129030f0: ;   {metadata('com/badlogic/gdx/backends/lwjgl3/Lwjgl3Graphics')}
  0x00000001129030f0: 08f1 84d2 | 6820 a0f2 | 080e c0f2 | 8900 1791 | 2801 00f9 | 88e4 42f9 | 0805 0091 | 88e4 02f9 
  0x0000000112903110: ;   {metadata(method data for {method} {0x0000000128688dc0} 'getWidth' '()I' in 'com/badlogic/gdx/backends/lwjgl3/Lwjgl3Graphics')}
  0x0000000112903110: 008e 82d2 | 2010 a5f2 | 2000 c0f2 | 04ac 40b9 | 8408 0011 | 04ac 00b9 | 844c 1f12 | 9f00 0071 
  0x0000000112903130: 0065 0054 | 6054 40b9 | 00f0 7dd3 

  0x000000011290313c: ; implicit exception: dispatches to 0x0000000112903df0
  0x000000011290313c: 1f00 40f9 | e403 00aa 

  0x0000000112903144: ;   {metadata(method data for {method} {0x0000000128688dc0} 'getWidth' '()I' in 'com/badlogic/gdx/backends/lwjgl3/Lwjgl3Graphics')}
  0x0000000112903144: 058e 82d2 | 2510 a5f2 | 2500 c0f2 | a884 40f9 | 0805 0091 | a884 00f9 | 0034 40b9 | 00f0 7dd3 
  0x0000000112903164: ; implicit exception: dispatches to 0x0000000112903df4
  0x0000000112903164: 009c 40b9 | 00f0 7dd3 

  0x000000011290316c: ;   {oop(a 'com/badlogic/gdx/graphics/glutils/HdpiMode'{0x000000078679fef8})}
  0x000000011290316c: 04df 9fd2 | 24cf b0f2 | e400 c0f2 | 1f00 04eb 

  0x000000011290317c: ;   {metadata(method data for {method} {0x0000000128688dc0} 'getWidth' '()I' in 'com/badlogic/gdx/backends/lwjgl3/Lwjgl3Graphics')}
  0x000000011290317c: 008e 82d2 | 2010 a5f2 | 2000 c0f2 | 0825 80d2 | 0927 80d2 | 0411 899a | 0568 64f8 | a504 0091 
  0x000000011290319c: 0568 24f8 | a100 0054 | bf3b 03d5 | 633c 40b9 | bf39 03d5 | 0400 0014 | bf3b 03d5 | 6334 40b9 
  0x00000001129031bc: bf39 03d5 | 202c 40b9 | 00f0 7dd3 

  0x00000001129031c8: ; implicit exception: dispatches to 0x0000000112903df8
  0x00000001129031c8: 1f00 40f9 | e403 00aa 

  0x00000001129031d0: ;   {metadata(method data for {method} {0x000000012859b870} 'update' '()Z' in 'com/badlogic/gdx/backends/lwjgl3/Lwjgl3Window')}
  0x00000001129031d0: 05e6 9ed2 | 0510 a5f2 | 2500 c0f2 

  0x00000001129031dc: ;   {metadata('com/badlogic/gdx/backends/lwjgl3/Lwjgl3Graphics')}
  0x00000001129031dc: 08f1 84d2 | 6820 a0f2 | 080e c0f2 | a9e0 1791 | 2801 00f9 | a800 43f9 | 0805 0091 | a800 03f9 
  0x00000001129031fc: ;   {metadata(method data for {method} {0x0000000128688e88} 'getHeight' '()I' in 'com/badlogic/gdx/backends/lwjgl3/Lwjgl3Graphics')}
  0x00000001129031fc: 04cc 98d2 | 0410 a5f2 | 2400 c0f2 | 85ac 40b9 | a508 0011 | 85ac 00b9 | a54c 1f12 | bf00 0071 
  0x000000011290321c: 005f 0054 | 0454 40b9 | 84f0 7dd3 

  0x0000000112903228: ; implicit exception: dispatches to 0x0000000112903e1c
  0x0000000112903228: 9f00 40f9 | e503 04aa 

  0x0000000112903230: ;   {metadata(method data for {method} {0x0000000128688e88} 'getHeight' '()I' in 'com/badlogic/gdx/backends/lwjgl3/Lwjgl3Graphics')}
  0x0000000112903230: 06cc 98d2 | 0610 a5f2 | 2600 c0f2 | c884 40f9 | 0805 0091 | c884 00f9 | 8434 40b9 | 84f0 7dd3 
  0x0000000112903250: ; implicit exception: dispatches to 0x0000000112903e20
  0x0000000112903250: 849c 40b9 | 84f0 7dd3 

  0x0000000112903258: ;   {oop(a 'com/badlogic/gdx/graphics/glutils/HdpiMode'{0x000000078679fef8})}
  0x0000000112903258: 05df 9fd2 | 25cf b0f2 | e500 c0f2 | 9f00 05eb 

  0x0000000112903268: ;   {metadata(method data for {method} {0x0000000128688e88} 'getHeight' '()I' in 'com/badlogic/gdx/backends/lwjgl3/Lwjgl3Graphics')}
  0x0000000112903268: 04cc 98d2 | 0410 a5f2 | 2400 c0f2 | 0825 80d2 | 0927 80d2 | 0511 899a | 8668 65f8 | c604 0091 
  0x0000000112903288: 8668 25f8 | a100 0054 | bf3b 03d5 | 0030 40b9 | bf39 03d5 | 0400 0014 | bf3b 03d5 | 000c 40b9 
  0x00000001129032a8: bf39 03d5 | 4201 00b4 

  0x00000001129032b0: ;   {metadata('com/badlogic/gdx/Game')}
  0x00000001129032b0: 0651 87d2 | 2620 a0f2 | 060e c0f2 | 4708 40b9 | e708 5cd2 | e81c 40f9 | df00 08eb | c15a 0054 
  0x00000001129032d0: 0100 0014 | e403 02aa 

  0x00000001129032d8: ; implicit exception: dispatches to 0x0000000112903e28
  0x00000001129032d8: 5f00 40f9 | e403 02aa 

  0x00000001129032e0: ;   {metadata(method data for {method} {0x000000012859b870} 'update' '()Z' in 'com/badlogic/gdx/backends/lwjgl3/Lwjgl3Window')}
  0x00000001129032e0: 05e6 9ed2 | 0510 a5f2 | 2500 c0f2 | 8408 40b9 | 8408 5cd2 | a9c0 1891 | 2801 40f9 | 9f00 08eb 
  0x0000000112903300: a100 0054 | a81c 43f9 | 0805 0091 | a81c 03f9 | 1c00 0014 | a900 1991 | 2801 40f9 | 9f00 08eb 
  0x0000000112903320: a100 0054 | a824 43f9 | 0805 0091 | a824 03f9 | 1400 0014 | a9c0 1891 | 2801 40f9 | c800 00b5 
  0x0000000112903340: 2401 00f9 | e803 40b2 | a9e0 1891 | 2801 00f9 | 0c00 0014 | a900 1991 | 2801 40f9 | c800 00b5 
  0x0000000112903360: 2401 00f9 | e803 40b2 | a920 1991 | 2801 00f9 | 0400 0014 | a810 43f9 | 0805 0091 | a810 03f9 
  0x0000000112903380: ;   {metadata(method data for {method} {0x00000001284eb6b0} 'resize' '(II)V' in 'com/badlogic/gdx/Game')}
  0x0000000112903380: 04bf 82d2 | 2410 a5f2 | 2400 c0f2 | 85ac 40b9 | a508 0011 | 85ac 00b9 | a54c 1f12 | bf00 0071 
  0x00000001129033a0: 6054 0054 | 440c 40b9 | 84f0 7dd3 | e203 1faa | 9f00 02eb 

  0x00000001129033b4: ;   {metadata(method data for {method} {0x00000001284eb6b0} 'resize' '(II)V' in 'com/badlogic/gdx/Game')}
  0x00000001129033b4: 02bf 82d2 | 2210 a5f2 | 2200 c0f2 | e80f 7cb2 | e903 78b2 | 0501 899a | 4668 65f8 | c604 0091 
  0x00000001129033d4: 4668 25f8 | 4006 0054 

  0x00000001129033dc: ; implicit exception: dispatches to 0x0000000112903e4c
  0x00000001129033dc: 9f00 40f9 | e203 04aa 

  0x00000001129033e4: ;   {metadata(method data for {method} {0x00000001284eb6b0} 'resize' '(II)V' in 'com/badlogic/gdx/Game')}
  0x00000001129033e4: 05bf 82d2 | 2510 a5f2 | 2500 c0f2 | 4208 40b9 | 4208 5cd2 | a980 0491 | 2801 40f9 | 5f00 08eb 
  0x0000000112903404: a100 0054 | a894 40f9 | 0805 0091 | a894 00f9 | 1c00 0014 | a9c0 0491 | 2801 40f9 | 5f00 08eb 
  0x0000000112903424: a100 0054 | a89c 40f9 | 0805 0091 | a89c 00f9 | 1400 0014 | a980 0491 | 2801 40f9 | c800 00b5 
  0x0000000112903444: 2201 00f9 | e803 40b2 | a9a0 0491 | 2801 00f9 | 0c00 0014 | a9c0 0491 | 2801 40f9 | c800 00b5 
  0x0000000112903464: 2201 00f9 | e803 40b2 | a9e0 0491 | 2801 00f9 | 0400 0014 | a888 40f9 | 0805 0091 | a888 00f9 
  0x0000000112903484: e203 03aa | e303 00aa | e103 04aa | e9ff 9fd2 | e9ff bff2 | e9ff dff2 

  0x000000011290349c: ; ImmutableOopMap {[128]=Oop }
                      ;*invokeinterface resize {reexecute=0 rethrow=0 return_oop=0}
                      ; - com.badlogic.gdx.Game::resize@13 (line 53)
                      ; - com.badlogic.gdx.backends.lwjgl3.Lwjgl3Window::update@237 (line 426)
                      ;   {virtual_call}
  0x000000011290349c: 59e7 cb95 | e143 40f9 | 202c 40b9 | 00f0 7dd3 

  0x00000001129034ac: ; implicit exception: dispatches to 0x0000000112903e50
  0x00000001129034ac: 1f00 40f9 | e203 00aa 

  0x00000001129034b4: ;   {metadata(method data for {method} {0x000000012859b870} 'update' '()Z' in 'com/badlogic/gdx/backends/lwjgl3/Lwjgl3Window')}
  0x00000001129034b4: 03e6 9ed2 | 0310 a5f2 | 2300 c0f2 

  0x00000001129034c0: ;   {metadata('com/badlogic/gdx/backends/lwjgl3/Lwjgl3Graphics')}
  0x00000001129034c0: 08f1 84d2 | 6820 a0f2 | 080e c0f2 | 69a0 1991 | 2801 00f9 | 6838 43f9 | 0805 0091 | 6838 03f9 
  0x00000001129034e0: e103 00aa 

  0x00000001129034e4: ; ImmutableOopMap {[128]=Oop }
                      ;*invokevirtual update {reexecute=0 rethrow=0 return_oop=0}
                      ; - com.badlogic.gdx.backends.lwjgl3.Lwjgl3Window::update@246 (line 427)
                      ;   {optimized virtual_call}
  0x00000001129034e4: 87e6 cb95 | e143 40f9 | 201c 40b9 | 00f0 7dd3 | 4001 00b4 

  0x00000001129034f8: ;   {metadata('com/sfsu/tankgame/Main')}
  0x00000001129034f8: 04a3 87d2 | 2420 a0f2 | 040e c0f2 | 0508 40b9 | a508 5cd2 | a820 40f9 | 9f00 08eb | 014a 0054 
  0x0000000112903518: 0100 0014 | e203 00aa 

  0x0000000112903520: ; implicit exception: dispatches to 0x0000000112903e58
  0x0000000112903520: 1f00 40f9 | e203 00aa 

  0x0000000112903528: ;   {metadata(method data for {method} {0x000000012859b870} 'update' '()Z' in 'com/badlogic/gdx/backends/lwjgl3/Lwjgl3Window')}
  0x0000000112903528: 03e6 9ed2 | 0310 a5f2 | 2300 c0f2 

  0x0000000112903534: ;   {metadata('com/sfsu/tankgame/Main')}
  0x0000000112903534: 08a3 87d2 | 2820 a0f2 | 080e c0f2 | 6980 1a91 | 2801 00f9 | 6854 43f9 | 0805 0091 | 6854 03f9 
  0x0000000112903554: ;   {metadata(method data for {method} {0x00000001284eadd8} 'render' '()V' in 'com/sfsu/tankgame/Main')}
  0x0000000112903554: 0271 83d2 | 2210 a5f2 | 2200 c0f2 | 43ac 40b9 | 6308 0011 | 43ac 00b9 | 634c 1f12 | 7f00 0071 
  0x0000000112903574: 4047 0054 | e203 00aa 

  0x000000011290357c: ;   {metadata(method data for {method} {0x00000001284eadd8} 'render' '()V' in 'com/sfsu/tankgame/Main')}
  0x000000011290357c: 0371 83d2 | 2310 a5f2 | 2300 c0f2 | 6878 40f9 | 0805 0091 | 6878 00f9 

  0x0000000112903594: ;   {metadata(method data for {method} {0x00000001284eb5d8} 'render' '()V' in 'com/badlogic/gdx/Game')}
  0x0000000112903594: 0295 83d2 | 2210 a5f2 | 2200 c0f2 | 43ac 40b9 | 6308 0011 | 43ac 00b9 | 634c 1f12 | 7f00 0071 
  0x00000001129035b4: 4046 0054 | 000c 40b9 | 00f0 7dd3 | e203 1faa | 1f00 02eb 

  0x00000001129035c8: ;   {metadata(method data for {method} {0x00000001284eb5d8} 'render' '()V' in 'com/badlogic/gdx/Game')}
  0x00000001129035c8: 0295 83d2 | 2210 a5f2 | 2200 c0f2 | e80f 7cb2 | e903 78b2 | 0301 899a | 4468 63f8 | 8404 0091 
  0x00000001129035e8: 4468 23f8 | a023 0054 

  0x00000001129035f0: ;   {oop(a 'java/lang/Class'{0x000000078676a900} = 'com/badlogic/gdx/Gdx')}
  0x00000001129035f0: 0220 95d2 | c2ce b0f2 | e200 c0f2 | 4274 40b9 | 42f0 7dd3 | 4201 00b4 

  0x0000000112903608: ;   {metadata('com/badlogic/gdx/backends/lwjgl3/Lwjgl3Graphics')}
  0x0000000112903608: 05f1 84d2 | 6520 a0f2 | 050e c0f2 | 4608 40b9 | c608 5cd2 | c820 40f9 | bf00 08eb | c143 0054 
  0x0000000112903628: 0100 0014 | e303 02aa 

  0x0000000112903630: ; implicit exception: dispatches to 0x0000000112903ea0
  0x0000000112903630: 5f00 40f9 | e303 02aa 

  0x0000000112903638: ;   {metadata(method data for {method} {0x00000001284eb5d8} 'render' '()V' in 'com/badlogic/gdx/Game')}
  0x0000000112903638: 0495 83d2 | 2410 a5f2 | 2400 c0f2 | 8894 40f9 | 0805 0091 | 8894 00f9 | 4028 40bd 

  0x0000000112903654: ; implicit exception: dispatches to 0x0000000112903ea4
  0x0000000112903654: 1f00 40f9 | e203 00aa 

  0x000000011290365c: ;   {metadata(method data for {method} {0x00000001284eb5d8} 'render' '()V' in 'com/badlogic/gdx/Game')}
  0x000000011290365c: 0395 83d2 | 2310 a5f2 | 2300 c0f2 | 4208 40b9 | 4208 5cd2 | 6960 0591 | 2801 40f9 | 5f00 08eb 
  0x000000011290367c: a100 0054 | 68b0 40f9 | 0805 0091 | 68b0 00f9 | 1c00 0014 | 69a0 0591 | 2801 40f9 | 5f00 08eb 
  0x000000011290369c: a100 0054 | 68b8 40f9 | 0805 0091 | 68b8 00f9 | 1400 0014 | 6960 0591 | 2801 40f9 | c800 00b5 
  0x00000001129036bc: 2201 00f9 | e803 40b2 | 6980 0591 | 2801 00f9 | 0c00 0014 | 69a0 0591 | 2801 40f9 | c800 00b5 
  0x00000001129036dc: 2201 00f9 | e803 40b2 | 69c0 0591 | 2801 00f9 | 0400 0014 | 68a4 40f9 | 0805 0091 | 68a4 00f9 
  0x00000001129036fc: e103 00aa | e9ff 9fd2 | e9ff bff2 | e9ff dff2 

  0x000000011290370c: ; ImmutableOopMap {[128]=Oop }
                      ;*invokeinterface render {reexecute=0 rethrow=0 return_oop=0}
                      ; - com.badlogic.gdx.Game::render@19 (line 48)
                      ; - com.sfsu.tankgame.Main::render@1 (line 39)
                      ; - com.badlogic.gdx.backends.lwjgl3.Lwjgl3Window::update@253 (line 428)
                      ;   {virtual_call}
  0x000000011290370c: bde6 cb95 | d400 0014 | 5f00 0071 

  0x0000000112903718: ;   {metadata(method data for {method} {0x000000012859b870} 'update' '()Z' in 'com/badlogic/gdx/backends/lwjgl3/Lwjgl3Window')}
  0x0000000112903718: 01e6 9ed2 | 0110 a5f2 | 2100 c0f2 | 08db 80d2 | 09dd 80d2 | 0001 899a | 2368 60f8 | 6304 0091 
  0x0000000112903738: 2368 20f8 | e2c7 00b9 | a013 0054 | e143 40f9 | 202c 40b9 | 00f0 7dd3 

  0x0000000112903750: ; implicit exception: dispatches to 0x0000000112903ea8
  0x0000000112903750: 1f00 40f9 | e303 00aa 

  0x0000000112903758: ;   {metadata(method data for {method} {0x000000012859b870} 'update' '()Z' in 'com/badlogic/gdx/backends/lwjgl3/Lwjgl3Window')}
  0x0000000112903758: 04e6 9ed2 | 0410 a5f2 | 2400 c0f2 | 8888 43f9 | 0805 0091 | 8888 03f9 | e103 00aa 

  0x0000000112903774: ; ImmutableOopMap {[128]=Oop }
                      ;*invokevirtual update {reexecute=0 rethrow=0 return_oop=0}
                      ; - com.badlogic.gdx.backends.lwjgl3.Lwjgl3Window::update@275 (line 434)
                      ;   {optimized virtual_call}
  0x0000000112903774: f34f ff97 | e143 40f9 | 201c 40b9 | 00f0 7dd3 | 4001 00b4 

  0x0000000112903788: ;   {metadata('com/sfsu/tankgame/Main')}
  0x0000000112903788: 04a3 87d2 | 2420 a0f2 | 040e c0f2 | 0508 40b9 | a508 5cd2 | a820 40f9 | 9f00 08eb | 4138 0054 
  0x00000001129037a8: 0100 0014 | e203 00aa 

  0x00000001129037b0: ; implicit exception: dispatches to 0x0000000112903eb0
  0x00000001129037b0: 1f00 40f9 | e203 00aa 

  0x00000001129037b8: ;   {metadata(method data for {method} {0x000000012859b870} 'update' '()Z' in 'com/badlogic/gdx/backends/lwjgl3/Lwjgl3Window')}
  0x00000001129037b8: 03e6 9ed2 | 0310 a5f2 | 2300 c0f2 | 68a4 43f9 | 0805 0091 | 68a4 03f9 

  0x00000001129037d0: ;   {metadata(method data for {method} {0x00000001284eadd8} 'render' '()V' in 'com/sfsu/tankgame/Main')}
  0x00000001129037d0: 0271 83d2 | 2210 a5f2 | 2200 c0f2 | 43ac 40b9 | 6308 0011 | 43ac 00b9 | 634c 1f12 | 7f00 0071 
  0x00000001129037f0: 2036 0054 | e203 00aa 

  0x00000001129037f8: ;   {metadata(method data for {method} {0x00000001284eadd8} 'render' '()V' in 'com/sfsu/tankgame/Main')}
  0x00000001129037f8: 0371 83d2 | 2310 a5f2 | 2300 c0f2 | 6878 40f9 | 0805 0091 | 6878 00f9 

  0x0000000112903810: ;   {metadata(method data for {method} {0x00000001284eb5d8} 'render' '()V' in 'com/badlogic/gdx/Game')}
  0x0000000112903810: 0295 83d2 | 2210 a5f2 | 2200 c0f2 | 43ac 40b9 | 6308 0011 | 43ac 00b9 | 634c 1f12 | 7f00 0071 
  0x0000000112903830: 2035 0054 | 000c 40b9 | 00f0 7dd3 | e203 1faa | 1f00 02eb 

  0x0000000112903844: ;   {metadata(method data for {method} {0x00000001284eb5d8} 'render' '()V' in 'com/badlogic/gdx/Game')}
  0x0000000112903844: 0295 83d2 | 2210 a5f2 | 2200 c0f2 | e80f 7cb2 | e903 78b2 | 0301 899a | 4468 63f8 | 8404 0091 
  0x0000000112903864: 4468 23f8 | 2009 0054 

  0x000000011290386c: ;   {oop(a 'java/lang/Class'{0x000000078676a900} = 'com/badlogic/gdx/Gdx')}
  0x000000011290386c: 0220 95d2 | c2ce b0f2 | e200 c0f2 | 4274 40b9 | 42f0 7dd3 | 4201 00b4 

  0x0000000112903884: ;   {metadata('com/badlogic/gdx/backends/lwjgl3/Lwjgl3Graphics')}
  0x0000000112903884: 05f1 84d2 | 6520 a0f2 | 050e c0f2 | 4608 40b9 | c608 5cd2 | c820 40f9 | bf00 08eb | a132 0054 
  0x00000001129038a4: 0100 0014 | e303 02aa 

  0x00000001129038ac: ; implicit exception: dispatches to 0x0000000112903ef8
  0x00000001129038ac: 5f00 40f9 | e303 02aa 

  0x00000001129038b4: ;   {metadata(method data for {method} {0x00000001284eb5d8} 'render' '()V' in 'com/badlogic/gdx/Game')}
  0x00000001129038b4: 0495 83d2 | 2410 a5f2 | 2400 c0f2 | 8894 40f9 | 0805 0091 | 8894 00f9 | 4028 40bd 

  0x00000001129038d0: ; implicit exception: dispatches to 0x0000000112903efc
  0x00000001129038d0: 1f00 40f9 | e203 00aa 

  0x00000001129038d8: ;   {metadata(method data for {method} {0x00000001284eb5d8} 'render' '()V' in 'com/badlogic/gdx/Game')}
  0x00000001129038d8: 0395 83d2 | 2310 a5f2 | 2300 c0f2 | 4208 40b9 | 4208 5cd2 | 6960 0591 | 2801 40f9 | 5f00 08eb 
  0x00000001129038f8: a100 0054 | 68b0 40f9 | 0805 0091 | 68b0 00f9 | 1c00 0014 | 69a0 0591 | 2801 40f9 | 5f00 08eb 
  0x0000000112903918: a100 0054 | 68b8 40f9 | 0805 0091 | 68b8 00f9 | 1400 0014 | 6960 0591 | 2801 40f9 | c800 00b5 
  0x0000000112903938: 2201 00f9 | e803 40b2 | 6980 0591 | 2801 00f9 | 0c00 0014 | 69a0 0591 | 2801 40f9 | c800 00b5 
  0x0000000112903958: 2201 00f9 | e803 40b2 | 69c0 0591 | 2801 00f9 | 0400 0014 | 68a4 40f9 | 0805 0091 | 68a4 00f9 
  0x0000000112903978: e103 00aa | 09b2 97d2 | c91a a7f2 | 2900 c0f2 

  0x0000000112903988: ; ImmutableOopMap {[128]=Oop }
                      ;*invokeinterface render {reexecute=0 rethrow=0 return_oop=0}
                      ; - com.badlogic.gdx.Game::render@19 (line 48)
                      ; - com.sfsu.tankgame.Main::render@1 (line 39)
                      ; - com.badlogic.gdx.backends.lwjgl3.Lwjgl3Window::update@282 (line 435)
                      ;   {virtual_call}
  0x0000000112903988: c0f3 ce95 | e143 40f9 | 2008 40f9 

  0x0000000112903994: ;   {metadata(method data for {method} {0x000000012859b870} 'update' '()Z' in 'com/badlogic/gdx/backends/lwjgl3/Lwjgl3Window')}
  0x0000000112903994: 02e6 9ed2 | 0210 a5f2 | 2200 c0f2 | 48b4 43f9 | 0805 0091 | 48b4 03f9 | e103 00aa 

  0x00000001129039b0: ; ImmutableOopMap {[128]=Oop }
                      ;*invokestatic glfwSwapBuffers {reexecute=0 rethrow=0 return_oop=0}
                      ; - com.badlogic.gdx.backends.lwjgl3.Lwjgl3Window::update@291 (line 436)
                      ;   {static_call}
  0x00000001129039b0: f408 ff97 | e143 40f9 | 2034 4039 | 1f00 0071 

  0x00000001129039c0: ;   {metadata(method data for {method} {0x000000012859b870} 'update' '()Z' in 'com/badlogic/gdx/backends/lwjgl3/Lwjgl3Window')}
  0x00000001129039c0: 00e6 9ed2 | 0010 a5f2 | 2000 c0f2 | 08ef 80d2 | 09f1 80d2 | 0211 899a | 0368 62f8 | 6304 0091 
  0x00000001129039e0: 0368 22f8 | e102 0054 | 2130 40b9 | 21f0 7dd3 | 4101 00b4 

  0x00000001129039f4: ;   {metadata('com/badlogic/gdx/backends/lwjgl3/DefaultLwjgl3Input')}
  0x00000001129039f4: 030b 9fd2 | 4320 a0f2 | 030e c0f2 | 2408 40b9 | 8408 5cd2 | 8820 40f9 | 7f00 08eb | 8127 0054 
  0x0000000112903a14: 0100 0014 | e003 01aa 

  0x0000000112903a1c: ; implicit exception: dispatches to 0x0000000112903f04
  0x0000000112903a1c: 3f00 40f9 | e003 01aa 

  0x0000000112903a24: ;   {metadata(method data for {method} {0x000000012859b870} 'update' '()Z' in 'com/badlogic/gdx/backends/lwjgl3/Lwjgl3Window')}
  0x0000000112903a24: 02e6 9ed2 | 0210 a5f2 | 2200 c0f2 | 48d8 43f9 | 0805 0091 | 48d8 03f9 

  0x0000000112903a3c: ; ImmutableOopMap {}
                      ;*invokeinterface prepareNext {reexecute=0 rethrow=0 return_oop=0}
                      ; - com.badlogic.gdx.backends.lwjgl3.Lwjgl3Window::update@305 (line 439)
                      ;   {optimized virtual_call}
  0x0000000112903a3c: 715e ff97 | e2c7 40b9 | 4000 0012 | fd7b 4ea9 | ffc3 0391 

  0x0000000112903a50: ;   {poll_return}
  0x0000000112903a50: 88a3 41f9 | ff63 28eb | 8825 0054 | c003 5fd6 | e143 40f9 | 2008 40f9 

  0x0000000112903a68: ;   {metadata(method data for {method} {0x000000012859b870} 'update' '()Z' in 'com/badlogic/gdx/backends/lwjgl3/Lwjgl3Window')}
  0x0000000112903a68: 01e6 9ed2 | 0110 a5f2 | 2100 c0f2 | 2864 43f9 | 0805 0091 | 2864 03f9 | e103 00aa 

  0x0000000112903a84: ; ImmutableOopMap {}
                      ;*invokestatic glfwSwapBuffers {reexecute=0 rethrow=0 return_oop=0}
                      ; - com.badlogic.gdx.backends.lwjgl3.Lwjgl3Window::update@262 (line 429)
                      ;   {static_call}
  0x0000000112903a84: 9fe6 cb95 | e003 0032 | fd7b 4ea9 | ffc3 0391 

  0x0000000112903a94: ;   {poll_return}
  0x0000000112903a94: 88a3 41f9 | ff63 28eb | c823 0054 | c003 5fd6 | 80eb 41f9 | 9feb 01f9 | 9fef 01f9 | e103 00aa 
  0x0000000112903ab4: e023 0391 | 0200 40f9 | 0201 00b4 | 0304 40f9 | e903 00aa | 62fc e0c8 | 3f01 00eb | 6000 0054 
  0x0000000112903ad4: bf3b 03d5 | 1201 0014 | e003 01aa | 1d01 0014 | 80eb 41f9 | 9feb 01f9 | 9fef 01f9 | e103 00aa 
  0x0000000112903af4: e023 0391 | 0200 40f9 | 0201 00b4 | 0304 40f9 | e903 00aa | 62fc e0c8 | 3f01 00eb | 6000 0054 
  0x0000000112903b14: bf3b 03d5 | 0601 0014 | e003 01aa | 0d01 0014 

  0x0000000112903b24: ;   {metadata({method} {0x000000012859b870} 'update' '()Z' in 'com/badlogic/gdx/backends/lwjgl3/Lwjgl3Window')}
  0x0000000112903b24: 080e 97d2 | 280b a5f2 | 2800 c0f2 | e807 00f9 | 0800 8092 | e803 00f9 

  0x0000000112903b3c: ; ImmutableOopMap {c_rarg1=Oop [128]=Oop }
                      ;*synchronization entry
                      ; - com.badlogic.gdx.backends.lwjgl3.Lwjgl3Window::update@-1 (line 401)
                      ;   {runtime_call counter_overflow Runtime1 stub}
  0x0000000112903b3c: f1b9 ce95 | bff9 ff17 

  0x0000000112903b44: ; ImmutableOopMap {c_rarg1=Oop [128]=Oop c_rarg5=Oop }
                      ;*monitorenter {reexecute=0 rethrow=0 return_oop=0}
                      ; - com.badlogic.gdx.backends.lwjgl3.Lwjgl3Window::update@17 (line 404)
                      ;   {runtime_call throw_null_pointer_exception Runtime1 stub}
  0x0000000112903b44: efa4 ce95 | e217 00a9 

  0x0000000112903b4c: ; ImmutableOopMap {c_rarg1=Oop [128]=Oop c_rarg5=Oop [208]=Oop }
                      ;*monitorenter {reexecute=0 rethrow=0 return_oop=0}
                      ; - com.badlogic.gdx.backends.lwjgl3.Lwjgl3Window::update@17 (line 404)
                      ;   {runtime_call monitorenter Runtime1 stub}
  0x0000000112903b4c: edb0 ce95 | e9f9 ff17 

  0x0000000112903b54: ; ImmutableOopMap {c_rarg1=Oop [128]=Oop [136]=Oop c_rarg0=Oop c_rarg2=Oop [208]=Oop }
                      ;*invokevirtual addAll {reexecute=0 rethrow=0 return_oop=0}
                      ; - com.badlogic.gdx.backends.lwjgl3.Lwjgl3Window::update@26 (line 405)
                      ;   {runtime_call throw_null_pointer_exception Runtime1 stub}
  0x0000000112903b54: eba4 ce95 

  0x0000000112903b58: ;   {metadata({method} {0x0000000128536990} 'addAll' '(Lcom/badlogic/gdx/utils/Array;)V' in 'com/badlogic/gdx/utils/Array')}
  0x0000000112903b58: 0832 8dd2 | 680a a5f2 | 2800 c0f2 | e807 00f9 | 0800 8092 | e803 00f9 

  0x0000000112903b70: ; ImmutableOopMap {c_rarg1=Oop [128]=Oop [136]=Oop c_rarg0=Oop c_rarg2=Oop [208]=Oop }
                      ;*synchronization entry
                      ; - com.badlogic.gdx.utils.Array::addAll@-1 (line 133)
                      ; - com.badlogic.gdx.backends.lwjgl3.Lwjgl3Window::update@26 (line 405)
                      ;   {runtime_call counter_overflow Runtime1 stub}
  0x0000000112903b70: e4b9 ce95 | f6f9 ff17 

  0x0000000112903b78: ; ImmutableOopMap {c_rarg1=Oop [128]=Oop [136]=Oop c_rarg0=Oop c_rarg2=Oop [208]=Oop }
                      ;*getfield items {reexecute=1 rethrow=0 return_oop=0}
                      ; - (reexecute) com.badlogic.gdx.utils.Array::addAll@2 (line 133)
                      ; - com.badlogic.gdx.backends.lwjgl3.Lwjgl3Window::update@26 (line 405)
                      ;   {runtime_call throw_null_pointer_exception Runtime1 stub}
  0x0000000112903b78: e2a4 ce95 

  0x0000000112903b7c: ; ImmutableOopMap {[136]=Oop c_rarg1=Oop [128]=Oop c_rarg0=Oop [208]=Oop }
                      ;*invokevirtual clear {reexecute=0 rethrow=0 return_oop=0}
                      ; - com.badlogic.gdx.backends.lwjgl3.Lwjgl3Window::update@33 (line 406)
                      ;   {runtime_call throw_null_pointer_exception Runtime1 stub}
  0x0000000112903b7c: e1a4 ce95 

  0x0000000112903b80: ;   {metadata({method} {0x0000000128538828} 'clear' '()V' in 'com/badlogic/gdx/utils/Array')}
  0x0000000112903b80: 0805 91d2 | 680a a5f2 | 2800 c0f2 | e807 00f9 | 0800 8092 | e803 00f9 

  0x0000000112903b98: ; ImmutableOopMap {[136]=Oop c_rarg1=Oop [128]=Oop c_rarg0=Oop [208]=Oop }
                      ;*synchronization entry
                      ; - com.badlogic.gdx.utils.Array::clear@-1 (line 432)
                      ; - com.badlogic.gdx.backends.lwjgl3.Lwjgl3Window::update@33 (line 406)
                      ;   {runtime_call counter_overflow Runtime1 stub}
  0x0000000112903b98: dab9 ce95 | 0efa ff17 

  0x0000000112903ba0: ;   {metadata({method} {0x00000070003e6120} 'fill' '([Ljava/lang/Object;IILjava/lang/Object;)V' in 'java/util/Arrays')}
  0x0000000112903ba0: 0824 8cd2 | c807 a0f2 | 080e c0f2 | e807 00f9 | 0800 8092 | e803 00f9 

  0x0000000112903bb8: ; ImmutableOopMap {[136]=Oop c_rarg1=Oop [128]=Oop c_rarg0=Oop c_rarg4=Oop [208]=Oop }
                      ;*synchronization entry
                      ; - java.util.Arrays::fill@-1 (line 3453)
                      ; - com.badlogic.gdx.utils.Array::clear@10 (line 432)
                      ; - com.badlogic.gdx.backends.lwjgl3.Lwjgl3Window::update@33 (line 406)
                      ;   {runtime_call counter_overflow Runtime1 stub}
  0x0000000112903bb8: d2b9 ce95 | 18fa ff17 

  0x0000000112903bc0: ; ImmutableOopMap {[136]=Oop c_rarg1=Oop [128]=Oop c_rarg0=Oop c_rarg4=Oop [208]=Oop }
                      ;*arraylength {reexecute=0 rethrow=0 return_oop=0}
                      ; - java.util.Arrays::fill@1 (line 3453)
                      ; - com.badlogic.gdx.utils.Array::clear@10 (line 432)
                      ; - com.badlogic.gdx.backends.lwjgl3.Lwjgl3Window::update@33 (line 406)
                      ;   {runtime_call throw_null_pointer_exception Runtime1 stub}
  0x0000000112903bc0: d0a4 ce95 | e803 00aa | e903 04aa 

  0x0000000112903bcc: ;   {runtime_call throw_range_check_failed Runtime1 stub}
  0x0000000112903bcc: 1ec0 98d2 | 5e39 a3f2 | 3e00 c0f2 

  0x0000000112903bd8: ; ImmutableOopMap {[128]=Oop [160]=Oop c_rarg4=Oop c_rarg1=Oop c_rarg2=Oop [208]=Oop }
                      ;*aastore {reexecute=1 rethrow=0 return_oop=0}
                      ; - (reexecute) java.util.Arrays::fill@20 (line 3455)
                      ; - com.badlogic.gdx.utils.Array::clear@10 (line 432)
                      ; - com.badlogic.gdx.backends.lwjgl3.Lwjgl3Window::update@33 (line 406)
  0x0000000112903bd8: c003 3fd6 

  0x0000000112903bdc: ; ImmutableOopMap {[128]=Oop [160]=Oop c_rarg4=Oop c_rarg1=Oop c_rarg2=Oop [208]=Oop }
                      ;*aastore {reexecute=1 rethrow=0 return_oop=0}
                      ; - (reexecute) java.util.Arrays::fill@20 (line 3455)
                      ; - com.badlogic.gdx.utils.Array::clear@10 (line 432)
                      ; - com.badlogic.gdx.backends.lwjgl3.Lwjgl3Window::update@33 (line 406)
                      ;   {runtime_call throw_null_pointer_exception Runtime1 stub}
  0x0000000112903bdc: c9a4 ce95 | e803 02aa 

  0x0000000112903be4: ; ImmutableOopMap {[128]=Oop [160]=Oop c_rarg4=Oop c_rarg1=Oop c_rarg2=Oop [208]=Oop }
                      ;*aastore {reexecute=1 rethrow=0 return_oop=0}
                      ; - (reexecute) java.util.Arrays::fill@20 (line 3455)
                      ; - com.badlogic.gdx.utils.Array::clear@10 (line 432)
                      ; - com.badlogic.gdx.backends.lwjgl3.Lwjgl3Window::update@33 (line 406)
                      ;   {runtime_call throw_array_store_exception Runtime1 stub}
  0x0000000112903be4: c7ad ce95 | 6600 40b9 | c6f0 7dd3 | e64d ffb4 | e603 00f9 

  0x0000000112903bf8: ;   {runtime_call g1_pre_barrier_slow}
  0x0000000112903bf8: 42bb ce95 | 6cfa ff17 | 224e ffb4 | e303 00f9 

  0x0000000112903c08: ;   {runtime_call g1_post_barrier_slow}
  0x0000000112903c08: febb ce95 | 6efa ff17 

  0x0000000112903c10: ;   {metadata({method} {0x00000070003e6120} 'fill' '([Ljava/lang/Object;IILjava/lang/Object;)V' in 'java/util/Arrays')}
  0x0000000112903c10: 0824 8cd2 | c807 a0f2 | 080e c0f2 | e807 00f9 | e807 7db2 | e803 00f9 

  0x0000000112903c28: ; ImmutableOopMap {[128]=Oop [160]=Oop c_rarg4=Oop c_rarg1=Oop [208]=Oop }
                      ;*goto {reexecute=1 rethrow=0 return_oop=0}
                      ; - (reexecute) java.util.Arrays::fill@24 (line 3454)
                      ; - com.badlogic.gdx.utils.Array::clear@10 (line 432)
                      ; - com.badlogic.gdx.backends.lwjgl3.Lwjgl3Window::update@33 (line 406)
                      ;   {runtime_call counter_overflow Runtime1 stub}
  0x0000000112903c28: b6b9 ce95 | 70fa ff17 | e023 0391 | e003 00f9 | 9e51 ff10 

  0x0000000112903c3c: ;   {runtime_call monitorexit Runtime1 stub}
  0x0000000112903c3c: 31b2 ce15 

  0x0000000112903c40: ; ImmutableOopMap {c_rarg1=Oop [128]=Oop c_rarg0=Oop }
                      ;*invokevirtual iterator {reexecute=0 rethrow=0 return_oop=0}
                      ; - com.badlogic.gdx.backends.lwjgl3.Lwjgl3Window::update@50 (line 408)
                      ;   {runtime_call throw_null_pointer_exception Runtime1 stub}
  0x0000000112903c40: b0a4 ce95 | e803 00aa 

  0x0000000112903c48: ; ImmutableOopMap {[128]=Oop [168]=Oop }
                      ;*checkcast {reexecute=0 rethrow=0 return_oop=0}
                      ; - com.badlogic.gdx.backends.lwjgl3.Lwjgl3Window::update@69 (line 408)
                      ;   {runtime_call throw_class_cast_exception Runtime1 stub}
  0x0000000112903c48: 6eae ce95 

  0x0000000112903c4c: ; ImmutableOopMap {[128]=Oop [168]=Oop c_rarg1=Oop }
                      ;*invokeinterface run {reexecute=0 rethrow=0 return_oop=0}
                      ; - com.badlogic.gdx.backends.lwjgl3.Lwjgl3Window::update@74 (line 409)
                      ;   {runtime_call throw_null_pointer_exception Runtime1 stub}
  0x0000000112903c4c: ada4 ce95 

  0x0000000112903c50: ;   {metadata({method} {0x000000012859b870} 'update' '()Z' in 'com/badlogic/gdx/backends/lwjgl3/Lwjgl3Window')}
  0x0000000112903c50: 080e 97d2 | 280b a5f2 | 2800 c0f2 | e807 00f9 | e809 80d2 | e803 00f9 

  0x0000000112903c68: ; ImmutableOopMap {[128]=Oop [168]=Oop }
                      ;*goto {reexecute=1 rethrow=0 return_oop=0}
                      ; - (reexecute) com.badlogic.gdx.backends.lwjgl3.Lwjgl3Window::update@79 (line 410)
                      ;   {runtime_call counter_overflow Runtime1 stub}
  0x0000000112903c68: a6b9 ce95 | 1efb ff17 

  0x0000000112903c70: ; ImmutableOopMap {[128]=Oop c_rarg0=Oop [168]=Oop }
                      ;*invokeinterface hasNext {reexecute=0 rethrow=0 return_oop=0}
                      ; - com.badlogic.gdx.backends.lwjgl3.Lwjgl3Window::update@55 (line 408)
                      ;   {runtime_call throw_null_pointer_exception Runtime1 stub}
  0x0000000112903c70: a4a4 ce95 

  0x0000000112903c74: ; ImmutableOopMap {c_rarg1=Oop [128]=Oop }
                      ;*getfield size {reexecute=1 rethrow=0 return_oop=0}
                      ; - (reexecute) com.badlogic.gdx.backends.lwjgl3.Lwjgl3Window::update@86 (line 411)
                      ;   {runtime_call throw_null_pointer_exception Runtime1 stub}
  0x0000000112903c74: a3a4 ce95 

  0x0000000112903c78: ; ImmutableOopMap {c_rarg1=Oop [128]=Oop c_rarg2=Oop }
                      ;*invokevirtual isContinuousRendering {reexecute=0 rethrow=0 return_oop=0}
                      ; - com.badlogic.gdx.backends.lwjgl3.Lwjgl3Window::update@96 (line 411)
                      ;   {runtime_call throw_null_pointer_exception Runtime1 stub}
  0x0000000112903c78: a2a4 ce95 

  0x0000000112903c7c: ; ImmutableOopMap {c_rarg1=Oop [128]=Oop c_rarg4=Oop }
                      ;*invokevirtual clear {reexecute=0 rethrow=0 return_oop=0}
                      ; - com.badlogic.gdx.backends.lwjgl3.Lwjgl3Window::update@112 (line 412)
                      ;   {runtime_call throw_null_pointer_exception Runtime1 stub}
  0x0000000112903c7c: a1a4 ce95 

  0x0000000112903c80: ;   {metadata({method} {0x0000000128538828} 'clear' '()V' in 'com/badlogic/gdx/utils/Array')}
  0x0000000112903c80: 0805 91d2 | 680a a5f2 | 2800 c0f2 | e807 00f9 | 0800 8092 | e803 00f9 

  0x0000000112903c98: ; ImmutableOopMap {c_rarg1=Oop [128]=Oop c_rarg4=Oop }
                      ;*synchronization entry
                      ; - com.badlogic.gdx.utils.Array::clear@-1 (line 432)
                      ; - com.badlogic.gdx.backends.lwjgl3.Lwjgl3Window::update@112 (line 412)
                      ;   {runtime_call counter_overflow Runtime1 stub}
  0x0000000112903c98: 9ab9 ce95 | 75fb ff17 

  0x0000000112903ca0: ;   {metadata({method} {0x00000070003e6120} 'fill' '([Ljava/lang/Object;IILjava/lang/Object;)V' in 'java/util/Arrays')}
  0x0000000112903ca0: 0824 8cd2 | c807 a0f2 | 080e c0f2 | e807 00f9 | 0800 8092 | e803 00f9 

  0x0000000112903cb8: ; ImmutableOopMap {c_rarg1=Oop [128]=Oop c_rarg4=Oop c_rarg5=Oop }
                      ;*synchronization entry
                      ; - java.util.Arrays::fill@-1 (line 3453)
                      ; - com.badlogic.gdx.utils.Array::clear@10 (line 432)
                      ; - com.badlogic.gdx.backends.lwjgl3.Lwjgl3Window::update@112 (line 412)
                      ;   {runtime_call counter_overflow Runtime1 stub}
  0x0000000112903cb8: 92b9 ce95 | 7ffb ff17 

  0x0000000112903cc0: ; ImmutableOopMap {c_rarg1=Oop [128]=Oop c_rarg4=Oop c_rarg5=Oop }
                      ;*arraylength {reexecute=0 rethrow=0 return_oop=0}
                      ; - java.util.Arrays::fill@1 (line 3453)
                      ; - com.badlogic.gdx.utils.Array::clear@10 (line 432)
                      ; - com.badlogic.gdx.backends.lwjgl3.Lwjgl3Window::update@112 (line 412)
                      ;   {runtime_call throw_null_pointer_exception Runtime1 stub}
  0x0000000112903cc0: 90a4 ce95 | e803 02aa | e903 05aa 

  0x0000000112903ccc: ;   {runtime_call throw_range_check_failed Runtime1 stub}
  0x0000000112903ccc: 1ec0 98d2 | 5e39 a3f2 | 3e00 c0f2 

  0x0000000112903cd8: ; ImmutableOopMap {[128]=Oop [184]=Oop c_rarg5=Oop c_rarg1=Oop }
                      ;*aastore {reexecute=1 rethrow=0 return_oop=0}
                      ; - (reexecute) java.util.Arrays::fill@20 (line 3455)
                      ; - com.badlogic.gdx.utils.Array::clear@10 (line 432)
                      ; - com.badlogic.gdx.backends.lwjgl3.Lwjgl3Window::update@112 (line 412)
  0x0000000112903cd8: c003 3fd6 

  0x0000000112903cdc: ; ImmutableOopMap {[128]=Oop [184]=Oop c_rarg5=Oop c_rarg1=Oop }
                      ;*aastore {reexecute=1 rethrow=0 return_oop=0}
                      ; - (reexecute) java.util.Arrays::fill@20 (line 3455)
                      ; - com.badlogic.gdx.utils.Array::clear@10 (line 432)
                      ; - com.badlogic.gdx.backends.lwjgl3.Lwjgl3Window::update@112 (line 412)
                      ;   {runtime_call throw_null_pointer_exception Runtime1 stub}
  0x0000000112903cdc: 89a4 ce95 | e803 01aa 

  0x0000000112903ce4: ; ImmutableOopMap {[128]=Oop [184]=Oop c_rarg5=Oop c_rarg1=Oop }
                      ;*aastore {reexecute=1 rethrow=0 return_oop=0}
                      ; - (reexecute) java.util.Arrays::fill@20 (line 3455)
                      ; - com.badlogic.gdx.utils.Array::clear@10 (line 432)
                      ; - com.badlogic.gdx.backends.lwjgl3.Lwjgl3Window::update@112 (line 412)
                      ;   {runtime_call throw_array_store_exception Runtime1 stub}
  0x0000000112903ce4: 87ad ce95 | 0300 40b9 | 63f0 7dd3 | a37a ffb4 | e303 00f9 

  0x0000000112903cf8: ;   {runtime_call g1_pre_barrier_slow}
  0x0000000112903cf8: 02bb ce95 | d2fb ff17 | e17a ffb4 | e003 00f9 

  0x0000000112903d08: ;   {runtime_call g1_post_barrier_slow}
  0x0000000112903d08: bebb ce95 | d4fb ff17 

  0x0000000112903d10: ;   {metadata({method} {0x00000070003e6120} 'fill' '([Ljava/lang/Object;IILjava/lang/Object;)V' in 'java/util/Arrays')}
  0x0000000112903d10: 0824 8cd2 | c807 a0f2 | 080e c0f2 | e807 00f9 | e807 7db2 | e803 00f9 

  0x0000000112903d28: ; ImmutableOopMap {[128]=Oop [184]=Oop c_rarg5=Oop }
                      ;*goto {reexecute=1 rethrow=0 return_oop=0}
                      ; - (reexecute) java.util.Arrays::fill@24 (line 3454)
                      ; - com.badlogic.gdx.utils.Array::clear@10 (line 432)
                      ; - com.badlogic.gdx.backends.lwjgl3.Lwjgl3Window::update@112 (line 412)
                      ;   {runtime_call counter_overflow Runtime1 stub}
  0x0000000112903d28: 76b9 ce95 | d6fb ff17 

  0x0000000112903d30: ; ImmutableOopMap {c_rarg1=Oop [128]=Oop c_rarg2=Oop }
                      ;*invokeinterface update {reexecute=0 rethrow=0 return_oop=0}
                      ; - com.badlogic.gdx.backends.lwjgl3.Lwjgl3Window::update@126 (line 414)
                      ;   {runtime_call throw_incompatible_class_change_error Runtime1 stub}
  0x0000000112903d30: f4ae ce95 

  0x0000000112903d34: ; ImmutableOopMap {c_rarg1=Oop [128]=Oop c_rarg2=Oop }
                      ;*invokeinterface update {reexecute=0 rethrow=0 return_oop=0}
                      ; - com.badlogic.gdx.backends.lwjgl3.Lwjgl3Window::update@126 (line 414)
                      ;   {runtime_call throw_null_pointer_exception Runtime1 stub}
  0x0000000112903d34: 73a4 ce95 

  0x0000000112903d38: ;   {metadata({method} {0x0000000128672db8} 'update' '()V' in 'com/badlogic/gdx/backends/lwjgl3/DefaultLwjgl3Input')}
  0x0000000112903d38: 08b7 85d2 | e80c a5f2 | 2800 c0f2 | e807 00f9 | 0800 8092 | e803 00f9 

  0x0000000112903d50: ; ImmutableOopMap {c_rarg1=Oop [128]=Oop c_rarg2=Oop }
                      ;*synchronization entry
                      ; - com.badlogic.gdx.backends.lwjgl3.DefaultLwjgl3Input::update@-1 (line 190)
                      ; - com.badlogic.gdx.backends.lwjgl3.Lwjgl3Window::update@126 (line 414)
                      ;   {runtime_call counter_overflow Runtime1 stub}
  0x0000000112903d50: 6cb9 ce95 | 0cfc ff17 

  0x0000000112903d58: ; ImmutableOopMap {c_rarg1=Oop [128]=Oop c_rarg0=Oop c_rarg2=Oop }
                      ;*invokevirtual drain {reexecute=0 rethrow=0 return_oop=0}
                      ; - com.badlogic.gdx.backends.lwjgl3.DefaultLwjgl3Input::update@8 (line 190)
                      ; - com.badlogic.gdx.backends.lwjgl3.Lwjgl3Window::update@126 (line 414)
                      ;   {runtime_call throw_null_pointer_exception Runtime1 stub}
  0x0000000112903d58: 6aa4 ce95 | e207 00a9 

  0x0000000112903d60: ; ImmutableOopMap {c_rarg1=Oop [128]=Oop [208]=Oop }
                      ;*monitorenter {reexecute=0 rethrow=0 return_oop=0}
                      ; - com.badlogic.gdx.backends.lwjgl3.Lwjgl3Window::update@134 (line 416)
                      ;   {runtime_call monitorenter Runtime1 stub}
  0x0000000112903d60: 68b0 ce95 | 27fc ff17 | e023 0391 | e003 00f9 | 5e8a ff10 

  0x0000000112903d74: ;   {runtime_call monitorexit Runtime1 stub}
  0x0000000112903d74: e3b1 ce15 

  0x0000000112903d78: ; ImmutableOopMap {c_rarg1=Oop [128]=Oop c_rarg0=Oop }
                      ;*invokevirtual updateFramebufferInfo {reexecute=0 rethrow=0 return_oop=0}
                      ; - com.badlogic.gdx.backends.lwjgl3.Lwjgl3Window::update@188 (line 424)
                      ;   {runtime_call throw_null_pointer_exception Runtime1 stub}
  0x0000000112903d78: 62a4 ce95 

  0x0000000112903d7c: ; ImmutableOopMap {c_rarg1=Oop [128]=Oop c_rarg2=Oop }
                      ;*getfield gl20 {reexecute=1 rethrow=0 return_oop=0}
                      ; - (reexecute) com.badlogic.gdx.backends.lwjgl3.Lwjgl3Window::update@195 (line 425)
                      ;   {runtime_call throw_null_pointer_exception Runtime1 stub}
  0x0000000112903d7c: 61a4 ce95 

  0x0000000112903d80: ; ImmutableOopMap {c_rarg1=Oop [128]=Oop c_rarg3=Oop c_rarg2=Oop }
                      ;*invokevirtual getBackBufferHeight {reexecute=0 rethrow=0 return_oop=0}
                      ; - com.badlogic.gdx.backends.lwjgl3.Lwjgl3Window::update@211 (line 425)
                      ;   {runtime_call throw_null_pointer_exception Runtime1 stub}
  0x0000000112903d80: 60a4 ce95 

  0x0000000112903d84: ; ImmutableOopMap {c_rarg1=Oop [128]=Oop c_rarg3=Oop }
                      ;*invokeinterface glViewport {reexecute=0 rethrow=0 return_oop=0}
                      ; - com.badlogic.gdx.backends.lwjgl3.Lwjgl3Window::update@214 (line 425)
                      ;   {runtime_call throw_incompatible_class_change_error Runtime1 stub}
  0x0000000112903d84: dfae ce95 

  0x0000000112903d88: ; ImmutableOopMap {c_rarg1=Oop [128]=Oop c_rarg3=Oop }
                      ;*invokeinterface glViewport {reexecute=0 rethrow=0 return_oop=0}
                      ; - com.badlogic.gdx.backends.lwjgl3.Lwjgl3Window::update@214 (line 425)
                      ;   {runtime_call throw_null_pointer_exception Runtime1 stub}
  0x0000000112903d88: 5ea4 ce95 

  0x0000000112903d8c: ;   {metadata({method} {0x000000012869d030} 'glViewport' '(IIII)V' in 'com/badlogic/gdx/backends/lwjgl3/Lwjgl3GL20')}
  0x0000000112903d8c: 0806 9ad2 | 280d a5f2 | 2800 c0f2 | e807 00f9 | 0800 8092 | e803 00f9 

  0x0000000112903da4: ; ImmutableOopMap {c_rarg1=Oop [128]=Oop }
                      ;*synchronization entry
                      ; - com.badlogic.gdx.backends.lwjgl3.Lwjgl3GL20::glViewport@-1 (line 839)
                      ; - com.badlogic.gdx.backends.lwjgl3.Lwjgl3Window::update@214 (line 425)
                      ;   {runtime_call counter_overflow Runtime1 stub}
  0x0000000112903da4: 57b9 ce95 | aefc ff17 

  0x0000000112903dac: ;   {metadata({method} {0x0000000128651420} 'glViewport' '(IIII)V' in 'org/lwjgl/opengl/GL11')}
  0x0000000112903dac: 0884 82d2 | a80c a5f2 | 2800 c0f2 | e807 00f9 | 0800 8092 | e803 00f9 

  0x0000000112903dc4: ; ImmutableOopMap {c_rarg1=Oop [128]=Oop }
                      ;*synchronization entry
                      ; - org.lwjgl.opengl.GL11::glViewport@-1 (line 7968)
                      ; - com.badlogic.gdx.backends.lwjgl3.Lwjgl3GL20::glViewport@5 (line 839)
                      ; - com.badlogic.gdx.backends.lwjgl3.Lwjgl3Window::update@214 (line 425)
                      ;   {runtime_call counter_overflow Runtime1 stub}
  0x0000000112903dc4: 4fb9 ce95 | b5fc ff17 

  0x0000000112903dcc: ; ImmutableOopMap {c_rarg1=Oop [128]=Oop c_rarg2=Oop c_rarg3=Oop }
                      ;*invokevirtual getWidth {reexecute=0 rethrow=0 return_oop=0}
                      ; - com.badlogic.gdx.backends.lwjgl3.Lwjgl3Window::update@227 (line 426)
                      ;   {runtime_call throw_null_pointer_exception Runtime1 stub}
  0x0000000112903dcc: 4da4 ce95 

  0x0000000112903dd0: ;   {metadata({method} {0x0000000128688dc0} 'getWidth' '()I' in 'com/badlogic/gdx/backends/lwjgl3/Lwjgl3Graphics')}
  0x0000000112903dd0: 08b8 91d2 | 080d a5f2 | 2800 c0f2 | e807 00f9 | 0800 8092 | e803 00f9 

  0x0000000112903de8: ; ImmutableOopMap {c_rarg1=Oop [128]=Oop c_rarg2=Oop c_rarg3=Oop }
                      ;*synchronization entry
                      ; - com.badlogic.gdx.backends.lwjgl3.Lwjgl3Graphics::getWidth@-1 (line 233)
                      ; - com.badlogic.gdx.backends.lwjgl3.Lwjgl3Window::update@227 (line 426)
                      ;   {runtime_call counter_overflow Runtime1 stub}
  0x0000000112903de8: 46b9 ce95 | d2fc ff17 

  0x0000000112903df0: ; ImmutableOopMap {c_rarg1=Oop [128]=Oop c_rarg2=Oop c_rarg3=Oop c_rarg0=Oop }
                      ;*invokevirtual getConfig {reexecute=0 rethrow=0 return_oop=0}
                      ; - com.badlogic.gdx.backends.lwjgl3.Lwjgl3Graphics::getWidth@4 (line 233)
                      ; - com.badlogic.gdx.backends.lwjgl3.Lwjgl3Window::update@227 (line 426)
                      ;   {runtime_call throw_null_pointer_exception Runtime1 stub}
  0x0000000112903df0: 44a4 ce95 

  0x0000000112903df4: ; ImmutableOopMap {c_rarg1=Oop [128]=Oop c_rarg2=Oop c_rarg3=Oop }
                      ;*getfield hdpiMode {reexecute=1 rethrow=0 return_oop=0}
                      ; - (reexecute) com.badlogic.gdx.backends.lwjgl3.Lwjgl3Graphics::getWidth@7 (line 233)
                      ; - com.badlogic.gdx.backends.lwjgl3.Lwjgl3Window::update@227 (line 426)
                      ;   {runtime_call throw_null_pointer_exception Runtime1 stub}
  0x0000000112903df4: 43a4 ce95 

  0x0000000112903df8: ; ImmutableOopMap {c_rarg1=Oop [128]=Oop c_rarg2=Oop c_rarg0=Oop }
                      ;*invokevirtual getHeight {reexecute=0 rethrow=0 return_oop=0}
                      ; - com.badlogic.gdx.backends.lwjgl3.Lwjgl3Window::update@234 (line 426)
                      ;   {runtime_call throw_null_pointer_exception Runtime1 stub}
  0x0000000112903df8: 42a4 ce95 

  0x0000000112903dfc: ;   {metadata({method} {0x0000000128688e88} 'getHeight' '()I' in 'com/badlogic/gdx/backends/lwjgl3/Lwjgl3Graphics')}
  0x0000000112903dfc: 08d1 91d2 | 080d a5f2 | 2800 c0f2 | e807 00f9 | 0800 8092 | e803 00f9 

  0x0000000112903e14: ; ImmutableOopMap {c_rarg1=Oop [128]=Oop c_rarg2=Oop c_rarg0=Oop }
                      ;*synchronization entry
                      ; - com.badlogic.gdx.backends.lwjgl3.Lwjgl3Graphics::getHeight@-1 (line 242)
                      ; - com.badlogic.gdx.backends.lwjgl3.Lwjgl3Window::update@234 (line 426)
                      ;   {runtime_call counter_overflow Runtime1 stub}
  0x0000000112903e14: 3bb9 ce95 | 02fd ff17 

  0x0000000112903e1c: ; ImmutableOopMap {c_rarg1=Oop [128]=Oop c_rarg2=Oop c_rarg0=Oop c_rarg4=Oop }
                      ;*invokevirtual getConfig {reexecute=0 rethrow=0 return_oop=0}
                      ; - com.badlogic.gdx.backends.lwjgl3.Lwjgl3Graphics::getHeight@4 (line 242)
                      ; - com.badlogic.gdx.backends.lwjgl3.Lwjgl3Window::update@234 (line 426)
                      ;   {runtime_call throw_null_pointer_exception Runtime1 stub}
  0x0000000112903e1c: 39a4 ce95 

  0x0000000112903e20: ; ImmutableOopMap {c_rarg1=Oop [128]=Oop c_rarg2=Oop c_rarg0=Oop }
                      ;*getfield hdpiMode {reexecute=1 rethrow=0 return_oop=0}
                      ; - (reexecute) com.badlogic.gdx.backends.lwjgl3.Lwjgl3Graphics::getHeight@7 (line 242)
                      ; - com.badlogic.gdx.backends.lwjgl3.Lwjgl3Window::update@234 (line 426)
                      ;   {runtime_call throw_null_pointer_exception Runtime1 stub}
  0x0000000112903e20: 38a4 ce95 

  0x0000000112903e24: ; ImmutableOopMap {c_rarg1=Oop [128]=Oop c_rarg2=Oop }
                      ;*invokeinterface resize {reexecute=0 rethrow=0 return_oop=0}
                      ; - com.badlogic.gdx.backends.lwjgl3.Lwjgl3Window::update@237 (line 426)
                      ;   {runtime_call throw_incompatible_class_change_error Runtime1 stub}
  0x0000000112903e24: b7ae ce95 

  0x0000000112903e28: ; ImmutableOopMap {c_rarg1=Oop [128]=Oop c_rarg2=Oop }
                      ;*invokeinterface resize {reexecute=0 rethrow=0 return_oop=0}
                      ; - com.badlogic.gdx.backends.lwjgl3.Lwjgl3Window::update@237 (line 426)
                      ;   {runtime_call throw_null_pointer_exception Runtime1 stub}
  0x0000000112903e28: 36a4 ce95 

  0x0000000112903e2c: ;   {metadata({method} {0x00000001284eb6b0} 'resize' '(II)V' in 'com/badlogic/gdx/Game')}
  0x0000000112903e2c: 08d6 96d2 | c809 a5f2 | 2800 c0f2 | e807 00f9 | 0800 8092 | e803 00f9 

  0x0000000112903e44: ; ImmutableOopMap {c_rarg1=Oop [128]=Oop c_rarg2=Oop }
                      ;*synchronization entry
                      ; - com.badlogic.gdx.Game::resize@-1 (line 53)
                      ; - com.badlogic.gdx.backends.lwjgl3.Lwjgl3Window::update@237 (line 426)
                      ;   {runtime_call counter_overflow Runtime1 stub}
  0x0000000112903e44: 2fb9 ce95 | 57fd ff17 

  0x0000000112903e4c: ; ImmutableOopMap {[128]=Oop c_rarg4=Oop }
                      ;*invokeinterface resize {reexecute=0 rethrow=0 return_oop=0}
                      ; - com.badlogic.gdx.Game::resize@13 (line 53)
                      ; - com.badlogic.gdx.backends.lwjgl3.Lwjgl3Window::update@237 (line 426)
                      ;   {runtime_call throw_null_pointer_exception Runtime1 stub}
  0x0000000112903e4c: 2da4 ce95 

  0x0000000112903e50: ; ImmutableOopMap {c_rarg1=Oop [128]=Oop c_rarg0=Oop }
                      ;*invokevirtual update {reexecute=0 rethrow=0 return_oop=0}
                      ; - com.badlogic.gdx.backends.lwjgl3.Lwjgl3Window::update@246 (line 427)
                      ;   {runtime_call throw_null_pointer_exception Runtime1 stub}
  0x0000000112903e50: 2ca4 ce95 

  0x0000000112903e54: ; ImmutableOopMap {c_rarg1=Oop [128]=Oop c_rarg0=Oop }
                      ;*invokeinterface render {reexecute=0 rethrow=0 return_oop=0}
                      ; - com.badlogic.gdx.backends.lwjgl3.Lwjgl3Window::update@253 (line 428)
                      ;   {runtime_call throw_incompatible_class_change_error Runtime1 stub}
  0x0000000112903e54: abae ce95 

  0x0000000112903e58: ; ImmutableOopMap {c_rarg1=Oop [128]=Oop c_rarg0=Oop }
                      ;*invokeinterface render {reexecute=0 rethrow=0 return_oop=0}
                      ; - com.badlogic.gdx.backends.lwjgl3.Lwjgl3Window::update@253 (line 428)
                      ;   {runtime_call throw_null_pointer_exception Runtime1 stub}
  0x0000000112903e58: 2aa4 ce95 

  0x0000000112903e5c: ;   {metadata({method} {0x00000001284eadd8} 'render' '()V' in 'com/sfsu/tankgame/Main')}
  0x0000000112903e5c: 08bb 95d2 | c809 a5f2 | 2800 c0f2 | e807 00f9 | 0800 8092 | e803 00f9 

  0x0000000112903e74: ; ImmutableOopMap {c_rarg1=Oop [128]=Oop c_rarg0=Oop }
                      ;*synchronization entry
                      ; - com.sfsu.tankgame.Main::render@-1 (line 39)
                      ; - com.badlogic.gdx.backends.lwjgl3.Lwjgl3Window::update@253 (line 428)
                      ;   {runtime_call counter_overflow Runtime1 stub}
  0x0000000112903e74: 23b9 ce95 | c0fd ff17 

  0x0000000112903e7c: ;   {metadata({method} {0x00000001284eb5d8} 'render' '()V' in 'com/badlogic/gdx/Game')}
  0x0000000112903e7c: 08bb 96d2 | c809 a5f2 | 2800 c0f2 | e807 00f9 | 0800 8092 | e803 00f9 

  0x0000000112903e94: ; ImmutableOopMap {c_rarg1=Oop [128]=Oop c_rarg0=Oop }
                      ;*synchronization entry
                      ; - com.badlogic.gdx.Game::render@-1 (line 48)
                      ; - com.sfsu.tankgame.Main::render@1 (line 39)
                      ; - com.badlogic.gdx.backends.lwjgl3.Lwjgl3Window::update@253 (line 428)
                      ;   {runtime_call counter_overflow Runtime1 stub}
  0x0000000112903e94: 1bb9 ce95 | c8fd ff17 

  0x0000000112903e9c: ; ImmutableOopMap {[128]=Oop c_rarg0=Oop c_rarg2=Oop }
                      ;*invokeinterface getDeltaTime {reexecute=0 rethrow=0 return_oop=0}
                      ; - com.badlogic.gdx.Game::render@14 (line 48)
                      ; - com.sfsu.tankgame.Main::render@1 (line 39)
                      ; - com.badlogic.gdx.backends.lwjgl3.Lwjgl3Window::update@253 (line 428)
                      ;   {runtime_call throw_incompatible_class_change_error Runtime1 stub}
  0x0000000112903e9c: 99ae ce95 

  0x0000000112903ea0: ; ImmutableOopMap {[128]=Oop c_rarg0=Oop c_rarg2=Oop }
                      ;*invokeinterface getDeltaTime {reexecute=0 rethrow=0 return_oop=0}
                      ; - com.badlogic.gdx.Game::render@14 (line 48)
                      ; - com.sfsu.tankgame.Main::render@1 (line 39)
                      ; - com.badlogic.gdx.backends.lwjgl3.Lwjgl3Window::update@253 (line 428)
                      ;   {runtime_call throw_null_pointer_exception Runtime1 stub}
  0x0000000112903ea0: 18a4 ce95 

  0x0000000112903ea4: ; ImmutableOopMap {[128]=Oop c_rarg0=Oop }
                      ;*invokeinterface render {reexecute=0 rethrow=0 return_oop=0}
                      ; - com.badlogic.gdx.Game::render@19 (line 48)
                      ; - com.sfsu.tankgame.Main::render@1 (line 39)
                      ; - com.badlogic.gdx.backends.lwjgl3.Lwjgl3Window::update@253 (line 428)
                      ;   {runtime_call throw_null_pointer_exception Runtime1 stub}
  0x0000000112903ea4: 17a4 ce95 

  0x0000000112903ea8: ; ImmutableOopMap {c_rarg1=Oop [128]=Oop c_rarg0=Oop }
                      ;*invokevirtual update {reexecute=0 rethrow=0 return_oop=0}
                      ; - com.badlogic.gdx.backends.lwjgl3.Lwjgl3Window::update@275 (line 434)
                      ;   {runtime_call throw_null_pointer_exception Runtime1 stub}
  0x0000000112903ea8: 16a4 ce95 

  0x0000000112903eac: ; ImmutableOopMap {c_rarg1=Oop [128]=Oop c_rarg0=Oop }
                      ;*invokeinterface render {reexecute=0 rethrow=0 return_oop=0}
                      ; - com.badlogic.gdx.backends.lwjgl3.Lwjgl3Window::update@282 (line 435)
                      ;   {runtime_call throw_incompatible_class_change_error Runtime1 stub}
  0x0000000112903eac: 95ae ce95 

  0x0000000112903eb0: ; ImmutableOopMap {c_rarg1=Oop [128]=Oop c_rarg0=Oop }
                      ;*invokeinterface render {reexecute=0 rethrow=0 return_oop=0}
                      ; - com.badlogic.gdx.backends.lwjgl3.Lwjgl3Window::update@282 (line 435)
                      ;   {runtime_call throw_null_pointer_exception Runtime1 stub}
  0x0000000112903eb0: 14a4 ce95 

  0x0000000112903eb4: ;   {metadata({method} {0x00000001284eadd8} 'render' '()V' in 'com/sfsu/tankgame/Main')}
  0x0000000112903eb4: 08bb 95d2 | c809 a5f2 | 2800 c0f2 | e807 00f9 | 0800 8092 | e803 00f9 

  0x0000000112903ecc: ; ImmutableOopMap {c_rarg1=Oop [128]=Oop c_rarg0=Oop }
                      ;*synchronization entry
                      ; - com.sfsu.tankgame.Main::render@-1 (line 39)
                      ; - com.badlogic.gdx.backends.lwjgl3.Lwjgl3Window::update@282 (line 435)
                      ;   {runtime_call counter_overflow Runtime1 stub}
  0x0000000112903ecc: 0db9 ce95 | 49fe ff17 

  0x0000000112903ed4: ;   {metadata({method} {0x00000001284eb5d8} 'render' '()V' in 'com/badlogic/gdx/Game')}
  0x0000000112903ed4: 08bb 96d2 | c809 a5f2 | 2800 c0f2 | e807 00f9 | 0800 8092 | e803 00f9 

  0x0000000112903eec: ; ImmutableOopMap {c_rarg1=Oop [128]=Oop c_rarg0=Oop }
                      ;*synchronization entry
                      ; - com.badlogic.gdx.Game::render@-1 (line 48)
                      ; - com.sfsu.tankgame.Main::render@1 (line 39)
                      ; - com.badlogic.gdx.backends.lwjgl3.Lwjgl3Window::update@282 (line 435)
                      ;   {runtime_call counter_overflow Runtime1 stub}
  0x0000000112903eec: 05b9 ce95 | 51fe ff17 

  0x0000000112903ef4: ; ImmutableOopMap {[128]=Oop c_rarg0=Oop c_rarg2=Oop }
                      ;*invokeinterface getDeltaTime {reexecute=0 rethrow=0 return_oop=0}
                      ; - com.badlogic.gdx.Game::render@14 (line 48)
                      ; - com.sfsu.tankgame.Main::render@1 (line 39)
                      ; - com.badlogic.gdx.backends.lwjgl3.Lwjgl3Window::update@282 (line 435)
                      ;   {runtime_call throw_incompatible_class_change_error Runtime1 stub}
  0x0000000112903ef4: 83ae ce95 

  0x0000000112903ef8: ; ImmutableOopMap {[128]=Oop c_rarg0=Oop c_rarg2=Oop }
                      ;*invokeinterface getDeltaTime {reexecute=0 rethrow=0 return_oop=0}
                      ; - com.badlogic.gdx.Game::render@14 (line 48)
                      ; - com.sfsu.tankgame.Main::render@1 (line 39)
                      ; - com.badlogic.gdx.backends.lwjgl3.Lwjgl3Window::update@282 (line 435)
                      ;   {runtime_call throw_null_pointer_exception Runtime1 stub}
  0x0000000112903ef8: 02a4 ce95 

  0x0000000112903efc: ; ImmutableOopMap {[128]=Oop c_rarg0=Oop }
                      ;*invokeinterface render {reexecute=0 rethrow=0 return_oop=0}
                      ; - com.badlogic.gdx.Game::render@19 (line 48)
                      ; - com.sfsu.tankgame.Main::render@1 (line 39)
                      ; - com.badlogic.gdx.backends.lwjgl3.Lwjgl3Window::update@282 (line 435)
                      ;   {runtime_call throw_null_pointer_exception Runtime1 stub}
  0x0000000112903efc: 01a4 ce95 

  0x0000000112903f00: ; ImmutableOopMap {c_rarg1=Oop }
                      ;*invokeinterface prepareNext {reexecute=0 rethrow=0 return_oop=0}
                      ; - com.badlogic.gdx.backends.lwjgl3.Lwjgl3Window::update@305 (line 439)
                      ;   {runtime_call throw_incompatible_class_change_error Runtime1 stub}
  0x0000000112903f00: 80ae ce95 

  0x0000000112903f04: ; ImmutableOopMap {c_rarg1=Oop }
                      ;*invokeinterface prepareNext {reexecute=0 rethrow=0 return_oop=0}
                      ; - com.badlogic.gdx.backends.lwjgl3.Lwjgl3Window::update@305 (line 439)
                      ;   {runtime_call throw_null_pointer_exception Runtime1 stub}
  0x0000000112903f04: ffa3 ce95 

  0x0000000112903f08: ;   {internal_word}
  0x0000000112903f08: 48da ff10 | 88af 01f9 

  0x0000000112903f10: ;   {runtime_call SafepointBlob}
  0x0000000112903f10: bcfc cb15 

  0x0000000112903f14: ;   {internal_word}
  0x0000000112903f14: 08dc ff10 | 88af 01f9 

  0x0000000112903f1c: ;   {runtime_call SafepointBlob}
  0x0000000112903f1c: b9fc cb15 | e023 0391 | e003 00f9 | bedd ff10 

  0x0000000112903f2c: ;   {runtime_call monitorexit Runtime1 stub}
  0x0000000112903f2c: 75b1 ce15 | e023 0391 | e003 00f9 | 3edf ff10 

  0x0000000112903f3c: ;   {runtime_call monitorexit Runtime1 stub}
  0x0000000112903f3c: 71b1 ce15 | 1f20 03d5 | 1f20 03d5 | 80eb 41f9 | 9feb 01f9 | 9fef 01f9 | fd7b 4ea9 | ffc3 0391 
  0x0000000112903f5c: ;   {runtime_call unwind_exception Runtime1 stub}
  0x0000000112903f5c: 096c cc15 | 0000 0000 | 0000 0000 | 0000 0000 | 0000 0000 | 0000 0000 | 0000 0000 | 0000 0000 
  0x0000000112903f7c: 0000 0000 
[Stub Code]
  0x0000000112903f80: ;   {no_reloc}
  0x0000000112903f80: df3f 03d5 

  0x0000000112903f84: ;   {metadata(NULL)}
  0x0000000112903f84: 0c00 80d2 | 0c00 a0f2 | 0c00 c0f2 | 0800 80d2 | 0800 a0f2 | 0800 c0f2 | 0001 1fd6 

  0x0000000112903fa0: ;   {trampoline_stub}
  0x0000000112903fa0: 4800 0058 | 0001 1fd6 | 00cf bf19 | 0100 0000 

  0x0000000112903fb0: ;   {static_stub}
  0x0000000112903fb0: df3f 03d5 

  0x0000000112903fb4: ;   {metadata(NULL)}
  0x0000000112903fb4: 0c00 80d2 | 0c00 a0f2 | 0c00 c0f2 | 0800 80d2 | 0800 a0f2 | 0800 c0f2 | 0001 1fd6 

  0x0000000112903fd0: ;   {trampoline_stub}
  0x0000000112903fd0: 4800 0058 | 0001 1fd6 | 40aa 8b12 | 0100 0000 

  0x0000000112903fe0: ;   {static_stub}
  0x0000000112903fe0: df3f 03d5 

  0x0000000112903fe4: ;   {metadata(NULL)}
  0x0000000112903fe4: 0c00 80d2 | 0c00 a0f2 | 0c00 c0f2 | 0800 80d2 | 0800 a0f2 | 0800 c0f2 | 0001 1fd6 

  0x0000000112904000: ;   {trampoline_stub}
  0x0000000112904000: 4800 0058 | 0001 1fd6 | 40a8 8a12 | 0100 0000 

  0x0000000112904010: ;   {static_stub}
  0x0000000112904010: df3f 03d5 

  0x0000000112904014: ;   {metadata(NULL)}
  0x0000000112904014: 0c00 80d2 | 0c00 a0f2 | 0c00 c0f2 | 0800 80d2 | 0800 a0f2 | 0800 c0f2 | 0001 1fd6 

  0x0000000112904030: ;   {trampoline_stub}
  0x0000000112904030: 4800 0058 | 0001 1fd6 | 008b 8a12 | 0100 0000 

  0x0000000112904040: ;   {static_stub}
  0x0000000112904040: df3f 03d5 

  0x0000000112904044: ;   {metadata(NULL)}
  0x0000000112904044: 0c00 80d2 | 0c00 a0f2 | 0c00 c0f2 | 0800 80d2 | 0800 a0f2 | 0800 c0f2 | 0001 1fd6 

  0x0000000112904060: ;   {trampoline_stub}
  0x0000000112904060: 4800 0058 | 0001 1fd6 | 00cf bf19 | 0100 0000 

  0x0000000112904070: ;   {static_stub}
  0x0000000112904070: df3f 03d5 

  0x0000000112904074: ;   {metadata(NULL)}
  0x0000000112904074: 0c00 80d2 | 0c00 a0f2 | 0c00 c0f2 | 0800 80d2 | 0800 a0f2 | 0800 c0f2 | 0001 1fd6 

  0x0000000112904090: ;   {trampoline_stub}
  0x0000000112904090: 4800 0058 | 0001 1fd6 | 00d2 bf19 | 0100 0000 

  0x00000001129040a0: ;   {static_stub}
  0x00000001129040a0: df3f 03d5 

  0x00000001129040a4: ;   {metadata(NULL)}
  0x00000001129040a4: 0c00 80d2 | 0c00 a0f2 | 0c00 c0f2 | 0800 80d2 | 0800 a0f2 | 0800 c0f2 | 0001 1fd6 

  0x00000001129040c0: ;   {trampoline_stub}
  0x00000001129040c0: 4800 0058 | 0001 1fd6 | d012 1d1a | 0100 0000 

  0x00000001129040d0: ;   {static_stub}
  0x00000001129040d0: df3f 03d5 

  0x00000001129040d4: ;   {metadata(NULL)}
  0x00000001129040d4: 0c00 80d2 | 0c00 a0f2 | 0c00 c0f2 | 0800 80d2 | 0800 a0f2 | 0800 c0f2 | 0001 1fd6 

  0x00000001129040f0: ;   {trampoline_stub}
  0x00000001129040f0: 4800 0058 | 0001 1fd6 | 40a8 8a12 | 0100 0000 

  0x0000000112904100: ;   {static_stub}
  0x0000000112904100: df3f 03d5 

  0x0000000112904104: ;   {metadata(NULL)}
  0x0000000112904104: 0c00 80d2 | 0c00 a0f2 | 0c00 c0f2 | 0800 80d2 | 0800 a0f2 | 0800 c0f2 | 0001 1fd6 

  0x0000000112904120: ;   {trampoline_stub}
  0x0000000112904120: 4800 0058 | 0001 1fd6 | 4065 8c12 | 0100 0000 

  0x0000000112904130: ;   {static_stub}
  0x0000000112904130: df3f 03d5 

  0x0000000112904134: ;   {metadata(NULL)}
  0x0000000112904134: 0c00 80d2 | 0c00 a0f2 | 0c00 c0f2 | 0800 80d2 | 0800 a0f2 | 0800 c0f2 | 0001 1fd6 

  0x0000000112904150: ;   {trampoline_stub}
  0x0000000112904150: 4800 0058 | 0001 1fd6 | 00cf bf19 | 0100 0000 

  0x0000000112904160: ;   {static_stub}
  0x0000000112904160: df3f 03d5 

  0x0000000112904164: ;   {metadata(NULL)}
  0x0000000112904164: 0c00 80d2 | 0c00 a0f2 | 0c00 c0f2 | 0800 80d2 | 0800 a0f2 | 0800 c0f2 | 0001 1fd6 

  0x0000000112904180: ;   {trampoline_stub}
  0x0000000112904180: 4800 0058 | 0001 1fd6 | 00d5 bf19 | 0100 0000 

  0x0000000112904190: ;   {static_stub}
  0x0000000112904190: df3f 03d5 

  0x0000000112904194: ;   {metadata(NULL)}
  0x0000000112904194: 0c00 80d2 | 0c00 a0f2 | 0c00 c0f2 | 0800 80d2 | 0800 a0f2 | 0800 c0f2 | 0001 1fd6 

  0x00000001129041b0: ;   {trampoline_stub}
  0x00000001129041b0: 4800 0058 | 0001 1fd6 | 00d2 bf19 | 0100 0000 

  0x00000001129041c0: ;   {static_stub}
  0x00000001129041c0: df3f 03d5 

  0x00000001129041c4: ;   {metadata(NULL)}
  0x00000001129041c4: 0c00 80d2 | 0c00 a0f2 | 0c00 c0f2 | 0800 80d2 | 0800 a0f2 | 0800 c0f2 | 0001 1fd6 

  0x00000001129041e0: ;   {trampoline_stub}
  0x00000001129041e0: 4800 0058 | 0001 1fd6 | 00cf bf19 | 0100 0000 

  0x00000001129041f0: ;   {static_stub}
  0x00000001129041f0: df3f 03d5 

  0x00000001129041f4: ;   {metadata(NULL)}
  0x00000001129041f4: 0c00 80d2 | 0c00 a0f2 | 0c00 c0f2 | 0800 80d2 | 0800 a0f2 | 0800 c0f2 | 0001 1fd6 

  0x0000000112904210: ;   {trampoline_stub}
  0x0000000112904210: 4800 0058 | 0001 1fd6 | 00d2 bf19 | 0100 0000 

  0x0000000112904220: ;   {static_stub}
  0x0000000112904220: df3f 03d5 

  0x0000000112904224: ;   {metadata(NULL)}
  0x0000000112904224: 0c00 80d2 | 0c00 a0f2 | 0c00 c0f2 | 0800 80d2 | 0800 a0f2 | 0800 c0f2 | 0001 1fd6 

  0x0000000112904240: ;   {trampoline_stub}
  0x0000000112904240: 4800 0058 | 0001 1fd6 | 4077 8d12 | 0100 0000 

  0x0000000112904250: ;   {static_stub}
  0x0000000112904250: df3f 03d5 

  0x0000000112904254: ;   {metadata(NULL)}
  0x0000000112904254: 0c00 80d2 | 0c00 a0f2 | 0c00 c0f2 | 0800 80d2 | 0800 a0f2 | 0800 c0f2 | 0001 1fd6 

  0x0000000112904270: ;   {trampoline_stub}
  0x0000000112904270: 4800 0058 | 0001 1fd6 | 8808 cc19 | 0100 0000 

  0x0000000112904280: ;   {static_stub}
  0x0000000112904280: df3f 03d5 

  0x0000000112904284: ;   {metadata(NULL)}
  0x0000000112904284: 0c00 80d2 | 0c00 a0f2 | 0c00 c0f2 | 0800 80d2 | 0800 a0f2 | 0800 c0f2 | 0001 1fd6 

  0x00000001129042a0: ;   {trampoline_stub}
  0x00000001129042a0: 4800 0058 | 0001 1fd6 | 805d 8c12 | 0100 0000 

  0x00000001129042b0: ;   {static_stub}
  0x00000001129042b0: df3f 03d5 

  0x00000001129042b4: ;   {metadata(NULL)}
  0x00000001129042b4: 0c00 80d2 | 0c00 a0f2 | 0c00 c0f2 | 0800 80d2 | 0800 a0f2 | 0800 c0f2 | 0001 1fd6 

  0x00000001129042d0: ;   {trampoline_stub}
  0x00000001129042d0: 4800 0058 | 0001 1fd6 | 00b4 8d12 | 0100 0000 

  0x00000001129042e0: ;   {static_stub}
  0x00000001129042e0: df3f 03d5 

  0x00000001129042e4: ;   {metadata(NULL)}
  0x00000001129042e4: 0c00 80d2 | 0c00 a0f2 | 0c00 c0f2 | 0800 80d2 | 0800 a0f2 | 0800 c0f2 | 0001 1fd6 

  0x0000000112904300: ;   {trampoline_stub}
  0x0000000112904300: 4800 0058 | 0001 1fd6 | 00d5 bf19 | 0100 0000 
[Exception Handler]
  0x0000000112904310: ;   {runtime_call handle_exception_from_callee Runtime1 stub}
  0x0000000112904310: 3cab ce95 | c1d5 bbd4 | 0fe8 5d0a | 0100 0000 
[Deopt Handler Code]
  0x0000000112904320: 1e00 0010 

  0x0000000112904324: ;   {runtime_call DeoptimizationBlob}
  0x0000000112904324: 87fc cb15 
[/MachCode]


---------------  P R O C E S S  ---------------

Threads class SMR info:
_java_thread_list=0x0000000149a64fa0, length=12, elements={
0x000000014c00d400, 0x000000014c0c0000, 0x000000014a827200, 0x0000000149009400,
0x0000000149009a00, 0x000000014900cc00, 0x000000014900d200, 0x000000014900d800,
0x000000014900de00, 0x0000000149010400, 0x000000014901b800, 0x000000014a997600
}

Java Threads: ( => current thread )
=>0x000000014c00d400 JavaThread "main" [_thread_in_native, id=259, stack(0x000000016abe8000,0x000000016b3e4000)]
  0x000000014c0c0000 JavaThread "Reference Handler" daemon [_thread_blocked, id=22787, stack(0x000000016c0bc000,0x000000016c2bf000)]
  0x000000014a827200 JavaThread "Finalizer" daemon [_thread_blocked, id=31235, stack(0x000000016c2c8000,0x000000016c4cb000)]
  0x0000000149009400 JavaThread "Signal Dispatcher" daemon [_thread_blocked, id=29187, stack(0x000000016c678000,0x000000016c87b000)]
  0x0000000149009a00 JavaThread "Service Thread" daemon [_thread_blocked, id=28931, stack(0x000000016c884000,0x000000016ca87000)]
  0x000000014900cc00 JavaThread "Monitor Deflation Thread" daemon [_thread_blocked, id=28419, stack(0x000000016ca90000,0x000000016cc93000)]
  0x000000014900d200 JavaThread "C2 CompilerThread0" daemon [_thread_blocked, id=24835, stack(0x000000016cc9c000,0x000000016ce9f000)]
  0x000000014900d800 JavaThread "C1 CompilerThread0" daemon [_thread_blocked, id=27651, stack(0x000000016cea8000,0x000000016d0ab000)]
  0x000000014900de00 JavaThread "Sweeper thread" daemon [_thread_blocked, id=25091, stack(0x000000016d0b4000,0x000000016d2b7000)]
  0x0000000149010400 JavaThread "Notification Thread" daemon [_thread_blocked, id=25347, stack(0x000000016d2c0000,0x000000016d4c3000)]
  0x000000014901b800 JavaThread "Common-Cleaner" daemon [_thread_blocked, id=26883, stack(0x000000016d6d8000,0x000000016d8db000)]
  0x000000014a997600 JavaThread "Thread-0" daemon [_thread_blocked, id=129031, stack(0x000000016dc2c000,0x000000016de2f000)]

Other Threads:
  0x0000000149d43c50 VMThread "VM Thread" [stack: 0x000000016beb0000,0x000000016c0b3000] [id=19971]
  0x0000000148e1df90 WatcherThread [stack: 0x000000016d4cc000,0x000000016d6cf000] [id=25859]
  0x0000000149d17590 GCTaskThread "GC Thread#0" [stack: 0x000000016b474000,0x000000016b677000] [id=13827]
  0x0000000149aa6380 GCTaskThread "GC Thread#1" [stack: 0x000000016df50000,0x000000016e153000] [id=122139]
  0x0000000149aa6c50 GCTaskThread "GC Thread#2" [stack: 0x000000016e15c000,0x000000016e35f000] [id=121859]
  0x0000000138d31620 GCTaskThread "GC Thread#3" [stack: 0x000000016e368000,0x000000016e56b000] [id=121347]
  0x0000000138d31ed0 GCTaskThread "GC Thread#4" [stack: 0x000000016e574000,0x000000016e777000] [id=120835]
  0x0000000149d18440 ConcurrentGCThread "G1 Main Marker" [stack: 0x000000016b680000,0x000000016b883000] [id=11523]
  0x0000000149d19220 ConcurrentGCThread "G1 Conc#0" [stack: 0x000000016b88c000,0x000000016ba8f000] [id=12547]
  0x0000000149d330d0 ConcurrentGCThread "G1 Refine#0" [stack: 0x000000016ba98000,0x000000016bc9b000] [id=12035]
  0x0000000149d33e70 ConcurrentGCThread "G1 Service" [stack: 0x000000016bca4000,0x000000016bea7000] [id=21507]

Threads with active compile tasks:

VM state: not at safepoint (normal execution)

VM Mutex/Monitor currently owned by a thread: None

Heap address: 0x0000000780000000, size: 2048 MB, Compressed Oops mode: Zero based, Oop shift amount: 3

CDS archive(s) mapped at: [0x0000007000000000-0x0000007000bc0000-0x0000007000bc0000), size 12320768, SharedBaseAddress: 0x0000007000000000, ArchiveRelocationMode: 1.
Compressed class space mapped at: 0x0000007001000000-0x0000007041000000, reserved size: 1073741824
Narrow klass base: 0x0000007000000000, Narrow klass shift: 0, Narrow klass range: 0x100000000

GC Precious Log:
 CPUs: 8 total, 8 available
 Memory: 8192M
 Large Page Support: Disabled
 NUMA Support: Disabled
 Compressed Oops: Enabled (Zero based)
 Heap Region Size: 1M
 Heap Min Capacity: 8M
 Heap Initial Capacity: 128M
 Heap Max Capacity: 2G
 Pre-touch: Disabled
 Parallel Workers: 8
 Concurrent Workers: 2
 Concurrent Refinement Workers: 8
 Periodic GC: Disabled

Heap:
 garbage-first heap   total 133120K, used 15307K [0x0000000780000000, 0x0000000800000000)
  region size 1024K, 15 young (15360K), 3 survivors (3072K)
 Metaspace       used 7122K, committed 7296K, reserved 1114112K
  class space    used 525K, committed 640K, reserved 1048576K

Heap Regions: E=young(eden), S=young(survivor), O=old, HS=humongous(starts), HC=humongous(continues), CS=collection set, F=free, OA=open archive, CA=closed archive, TAMS=top-at-mark-start (previous, next)
|   0|0x0000000780000000, 0x0000000780000000, 0x0000000780100000|  0%| F|  |TAMS 0x0000000780000000, 0x0000000780000000| Untracked 
|   1|0x0000000780100000, 0x000000078010ac00, 0x0000000780200000|  4%| O|  |TAMS 0x0000000780100000, 0x0000000780100000| Untracked 
|   2|0x0000000780200000, 0x0000000780200000, 0x0000000780300000|  0%| F|  |TAMS 0x0000000780200000, 0x0000000780200000| Untracked 
|   3|0x0000000780300000, 0x0000000780300000, 0x0000000780400000|  0%| F|  |TAMS 0x0000000780300000, 0x0000000780300000| Untracked 
|   4|0x0000000780400000, 0x0000000780400000, 0x0000000780500000|  0%| F|  |TAMS 0x0000000780400000, 0x0000000780400000| Untracked 
|   5|0x0000000780500000, 0x0000000780500000, 0x0000000780600000|  0%| F|  |TAMS 0x0000000780500000, 0x0000000780500000| Untracked 
|   6|0x0000000780600000, 0x0000000780600000, 0x0000000780700000|  0%| F|  |TAMS 0x0000000780600000, 0x0000000780600000| Untracked 
|   7|0x0000000780700000, 0x0000000780700000, 0x0000000780800000|  0%| F|  |TAMS 0x0000000780700000, 0x0000000780700000| Untracked 
|   8|0x0000000780800000, 0x0000000780800000, 0x0000000780900000|  0%| F|  |TAMS 0x0000000780800000, 0x0000000780800000| Untracked 
|   9|0x0000000780900000, 0x0000000780900000, 0x0000000780a00000|  0%| F|  |TAMS 0x0000000780900000, 0x0000000780900000| Untracked 
|  10|0x0000000780a00000, 0x0000000780a00000, 0x0000000780b00000|  0%| F|  |TAMS 0x0000000780a00000, 0x0000000780a00000| Untracked 
|  11|0x0000000780b00000, 0x0000000780b00000, 0x0000000780c00000|  0%| F|  |TAMS 0x0000000780b00000, 0x0000000780b00000| Untracked 
|  12|0x0000000780c00000, 0x0000000780c00000, 0x0000000780d00000|  0%| F|  |TAMS 0x0000000780c00000, 0x0000000780c00000| Untracked 
|  13|0x0000000780d00000, 0x0000000780d00000, 0x0000000780e00000|  0%| F|  |TAMS 0x0000000780d00000, 0x0000000780d00000| Untracked 
|  14|0x0000000780e00000, 0x0000000780e00000, 0x0000000780f00000|  0%| F|  |TAMS 0x0000000780e00000, 0x0000000780e00000| Untracked 
|  15|0x0000000780f00000, 0x0000000780f00000, 0x0000000781000000|  0%| F|  |TAMS 0x0000000780f00000, 0x0000000780f00000| Untracked 
|  16|0x0000000781000000, 0x0000000781000000, 0x0000000781100000|  0%| F|  |TAMS 0x0000000781000000, 0x0000000781000000| Untracked 
|  17|0x0000000781100000, 0x0000000781100000, 0x0000000781200000|  0%| F|  |TAMS 0x0000000781100000, 0x0000000781100000| Untracked 
|  18|0x0000000781200000, 0x0000000781200000, 0x0000000781300000|  0%| F|  |TAMS 0x0000000781200000, 0x0000000781200000| Untracked 
|  19|0x0000000781300000, 0x0000000781300000, 0x0000000781400000|  0%| F|  |TAMS 0x0000000781300000, 0x0000000781300000| Untracked 
|  20|0x0000000781400000, 0x0000000781400000, 0x0000000781500000|  0%| F|  |TAMS 0x0000000781400000, 0x0000000781400000| Untracked 
|  21|0x0000000781500000, 0x0000000781500000, 0x0000000781600000|  0%| F|  |TAMS 0x0000000781500000, 0x0000000781500000| Untracked 
|  22|0x0000000781600000, 0x0000000781600000, 0x0000000781700000|  0%| F|  |TAMS 0x0000000781600000, 0x0000000781600000| Untracked 
|  23|0x0000000781700000, 0x0000000781700000, 0x0000000781800000|  0%| F|  |TAMS 0x0000000781700000, 0x0000000781700000| Untracked 
|  24|0x0000000781800000, 0x0000000781800000, 0x0000000781900000|  0%| F|  |TAMS 0x0000000781800000, 0x0000000781800000| Untracked 
|  25|0x0000000781900000, 0x0000000781900000, 0x0000000781a00000|  0%| F|  |TAMS 0x0000000781900000, 0x0000000781900000| Untracked 
|  26|0x0000000781a00000, 0x0000000781a00000, 0x0000000781b00000|  0%| F|  |TAMS 0x0000000781a00000, 0x0000000781a00000| Untracked 
|  27|0x0000000781b00000, 0x0000000781b00000, 0x0000000781c00000|  0%| F|  |TAMS 0x0000000781b00000, 0x0000000781b00000| Untracked 
|  28|0x0000000781c00000, 0x0000000781c00000, 0x0000000781d00000|  0%| F|  |TAMS 0x0000000781c00000, 0x0000000781c00000| Untracked 
|  29|0x0000000781d00000, 0x0000000781d00000, 0x0000000781e00000|  0%| F|  |TAMS 0x0000000781d00000, 0x0000000781d00000| Untracked 
|  30|0x0000000781e00000, 0x0000000781e00000, 0x0000000781f00000|  0%| F|  |TAMS 0x0000000781e00000, 0x0000000781e00000| Untracked 
|  31|0x0000000781f00000, 0x0000000781f00000, 0x0000000782000000|  0%| F|  |TAMS 0x0000000781f00000, 0x0000000781f00000| Untracked 
|  32|0x0000000782000000, 0x0000000782000000, 0x0000000782100000|  0%| F|  |TAMS 0x0000000782000000, 0x0000000782000000| Untracked 
|  33|0x0000000782100000, 0x0000000782100000, 0x0000000782200000|  0%| F|  |TAMS 0x0000000782100000, 0x0000000782100000| Untracked 
|  34|0x0000000782200000, 0x0000000782200000, 0x0000000782300000|  0%| F|  |TAMS 0x0000000782200000, 0x0000000782200000| Untracked 
|  35|0x0000000782300000, 0x0000000782300000, 0x0000000782400000|  0%| F|  |TAMS 0x0000000782300000, 0x0000000782300000| Untracked 
|  36|0x0000000782400000, 0x0000000782400000, 0x0000000782500000|  0%| F|  |TAMS 0x0000000782400000, 0x0000000782400000| Untracked 
|  37|0x0000000782500000, 0x0000000782500000, 0x0000000782600000|  0%| F|  |TAMS 0x0000000782500000, 0x0000000782500000| Untracked 
|  38|0x0000000782600000, 0x0000000782600000, 0x0000000782700000|  0%| F|  |TAMS 0x0000000782600000, 0x0000000782600000| Untracked 
|  39|0x0000000782700000, 0x0000000782700000, 0x0000000782800000|  0%| F|  |TAMS 0x0000000782700000, 0x0000000782700000| Untracked 
|  40|0x0000000782800000, 0x0000000782800000, 0x0000000782900000|  0%| F|  |TAMS 0x0000000782800000, 0x0000000782800000| Untracked 
|  41|0x0000000782900000, 0x0000000782900000, 0x0000000782a00000|  0%| F|  |TAMS 0x0000000782900000, 0x0000000782900000| Untracked 
|  42|0x0000000782a00000, 0x0000000782a00000, 0x0000000782b00000|  0%| F|  |TAMS 0x0000000782a00000, 0x0000000782a00000| Untracked 
|  43|0x0000000782b00000, 0x0000000782b00000, 0x0000000782c00000|  0%| F|  |TAMS 0x0000000782b00000, 0x0000000782b00000| Untracked 
|  44|0x0000000782c00000, 0x0000000782c00000, 0x0000000782d00000|  0%| F|  |TAMS 0x0000000782c00000, 0x0000000782c00000| Untracked 
|  45|0x0000000782d00000, 0x0000000782d00000, 0x0000000782e00000|  0%| F|  |TAMS 0x0000000782d00000, 0x0000000782d00000| Untracked 
|  46|0x0000000782e00000, 0x0000000782e00000, 0x0000000782f00000|  0%| F|  |TAMS 0x0000000782e00000, 0x0000000782e00000| Untracked 
|  47|0x0000000782f00000, 0x0000000782f00000, 0x0000000783000000|  0%| F|  |TAMS 0x0000000782f00000, 0x0000000782f00000| Untracked 
|  48|0x0000000783000000, 0x0000000783000000, 0x0000000783100000|  0%| F|  |TAMS 0x0000000783000000, 0x0000000783000000| Untracked 
|  49|0x0000000783100000, 0x0000000783100000, 0x0000000783200000|  0%| F|  |TAMS 0x0000000783100000, 0x0000000783100000| Untracked 
|  50|0x0000000783200000, 0x0000000783200000, 0x0000000783300000|  0%| F|  |TAMS 0x0000000783200000, 0x0000000783200000| Untracked 
|  51|0x0000000783300000, 0x0000000783300000, 0x0000000783400000|  0%| F|  |TAMS 0x0000000783300000, 0x0000000783300000| Untracked 
|  52|0x0000000783400000, 0x0000000783400000, 0x0000000783500000|  0%| F|  |TAMS 0x0000000783400000, 0x0000000783400000| Untracked 
|  53|0x0000000783500000, 0x0000000783500000, 0x0000000783600000|  0%| F|  |TAMS 0x0000000783500000, 0x0000000783500000| Untracked 
|  54|0x0000000783600000, 0x0000000783600000, 0x0000000783700000|  0%| F|  |TAMS 0x0000000783600000, 0x0000000783600000| Untracked 
|  55|0x0000000783700000, 0x0000000783700000, 0x0000000783800000|  0%| F|  |TAMS 0x0000000783700000, 0x0000000783700000| Untracked 
|  56|0x0000000783800000, 0x0000000783800000, 0x0000000783900000|  0%| F|  |TAMS 0x0000000783800000, 0x0000000783800000| Untracked 
|  57|0x0000000783900000, 0x0000000783900000, 0x0000000783a00000|  0%| F|  |TAMS 0x0000000783900000, 0x0000000783900000| Untracked 
|  58|0x0000000783a00000, 0x0000000783a00000, 0x0000000783b00000|  0%| F|  |TAMS 0x0000000783a00000, 0x0000000783a00000| Untracked 
|  59|0x0000000783b00000, 0x0000000783b00000, 0x0000000783c00000|  0%| F|  |TAMS 0x0000000783b00000, 0x0000000783b00000| Untracked 
|  60|0x0000000783c00000, 0x0000000783c00000, 0x0000000783d00000|  0%| F|  |TAMS 0x0000000783c00000, 0x0000000783c00000| Untracked 
|  61|0x0000000783d00000, 0x0000000783d00000, 0x0000000783e00000|  0%| F|  |TAMS 0x0000000783d00000, 0x0000000783d00000| Untracked 
|  62|0x0000000783e00000, 0x0000000783e00000, 0x0000000783f00000|  0%| F|  |TAMS 0x0000000783e00000, 0x0000000783e00000| Untracked 
|  63|0x0000000783f00000, 0x0000000783f00000, 0x0000000784000000|  0%| F|  |TAMS 0x0000000783f00000, 0x0000000783f00000| Untracked 
|  64|0x0000000784000000, 0x0000000784000000, 0x0000000784100000|  0%| F|  |TAMS 0x0000000784000000, 0x0000000784000000| Untracked 
|  65|0x0000000784100000, 0x0000000784100000, 0x0000000784200000|  0%| F|  |TAMS 0x0000000784100000, 0x0000000784100000| Untracked 
|  66|0x0000000784200000, 0x0000000784200000, 0x0000000784300000|  0%| F|  |TAMS 0x0000000784200000, 0x0000000784200000| Untracked 
|  67|0x0000000784300000, 0x0000000784300000, 0x0000000784400000|  0%| F|  |TAMS 0x0000000784300000, 0x0000000784300000| Untracked 
|  68|0x0000000784400000, 0x0000000784400000, 0x0000000784500000|  0%| F|  |TAMS 0x0000000784400000, 0x0000000784400000| Untracked 
|  69|0x0000000784500000, 0x0000000784500000, 0x0000000784600000|  0%| F|  |TAMS 0x0000000784500000, 0x0000000784500000| Untracked 
|  70|0x0000000784600000, 0x0000000784600000, 0x0000000784700000|  0%| F|  |TAMS 0x0000000784600000, 0x0000000784600000| Untracked 
|  71|0x0000000784700000, 0x0000000784700000, 0x0000000784800000|  0%| F|  |TAMS 0x0000000784700000, 0x0000000784700000| Untracked 
|  72|0x0000000784800000, 0x0000000784800000, 0x0000000784900000|  0%| F|  |TAMS 0x0000000784800000, 0x0000000784800000| Untracked 
|  73|0x0000000784900000, 0x0000000784900000, 0x0000000784a00000|  0%| F|  |TAMS 0x0000000784900000, 0x0000000784900000| Untracked 
|  74|0x0000000784a00000, 0x0000000784a00000, 0x0000000784b00000|  0%| F|  |TAMS 0x0000000784a00000, 0x0000000784a00000| Untracked 
|  75|0x0000000784b00000, 0x0000000784b00000, 0x0000000784c00000|  0%| F|  |TAMS 0x0000000784b00000, 0x0000000784b00000| Untracked 
|  76|0x0000000784c00000, 0x0000000784c00000, 0x0000000784d00000|  0%| F|  |TAMS 0x0000000784c00000, 0x0000000784c00000| Untracked 
|  77|0x0000000784d00000, 0x0000000784d00000, 0x0000000784e00000|  0%| F|  |TAMS 0x0000000784d00000, 0x0000000784d00000| Untracked 
|  78|0x0000000784e00000, 0x0000000784e00000, 0x0000000784f00000|  0%| F|  |TAMS 0x0000000784e00000, 0x0000000784e00000| Untracked 
|  79|0x0000000784f00000, 0x0000000784f00000, 0x0000000785000000|  0%| F|  |TAMS 0x0000000784f00000, 0x0000000784f00000| Untracked 
|  80|0x0000000785000000, 0x0000000785000000, 0x0000000785100000|  0%| F|  |TAMS 0x0000000785000000, 0x0000000785000000| Untracked 
|  81|0x0000000785100000, 0x0000000785100000, 0x0000000785200000|  0%| F|  |TAMS 0x0000000785100000, 0x0000000785100000| Untracked 
|  82|0x0000000785200000, 0x0000000785200000, 0x0000000785300000|  0%| F|  |TAMS 0x0000000785200000, 0x0000000785200000| Untracked 
|  83|0x0000000785300000, 0x0000000785300000, 0x0000000785400000|  0%| F|  |TAMS 0x0000000785300000, 0x0000000785300000| Untracked 
|  84|0x0000000785400000, 0x0000000785400000, 0x0000000785500000|  0%| F|  |TAMS 0x0000000785400000, 0x0000000785400000| Untracked 
|  85|0x0000000785500000, 0x0000000785500000, 0x0000000785600000|  0%| F|  |TAMS 0x0000000785500000, 0x0000000785500000| Untracked 
|  86|0x0000000785600000, 0x0000000785600000, 0x0000000785700000|  0%| F|  |TAMS 0x0000000785600000, 0x0000000785600000| Untracked 
|  87|0x0000000785700000, 0x0000000785700000, 0x0000000785800000|  0%| F|  |TAMS 0x0000000785700000, 0x0000000785700000| Untracked 
|  88|0x0000000785800000, 0x0000000785800000, 0x0000000785900000|  0%| F|  |TAMS 0x0000000785800000, 0x0000000785800000| Untracked 
|  89|0x0000000785900000, 0x0000000785900000, 0x0000000785a00000|  0%| F|  |TAMS 0x0000000785900000, 0x0000000785900000| Untracked 
|  90|0x0000000785a00000, 0x0000000785a00000, 0x0000000785b00000|  0%| F|  |TAMS 0x0000000785a00000, 0x0000000785a00000| Untracked 
|  91|0x0000000785b00000, 0x0000000785b00000, 0x0000000785c00000|  0%| F|  |TAMS 0x0000000785b00000, 0x0000000785b00000| Untracked 
|  92|0x0000000785c00000, 0x0000000785c00000, 0x0000000785d00000|  0%| F|  |TAMS 0x0000000785c00000, 0x0000000785c00000| Untracked 
|  93|0x0000000785d00000, 0x0000000785d00000, 0x0000000785e00000|  0%| F|  |TAMS 0x0000000785d00000, 0x0000000785d00000| Untracked 
|  94|0x0000000785e00000, 0x0000000785e00000, 0x0000000785f00000|  0%| F|  |TAMS 0x0000000785e00000, 0x0000000785e00000| Untracked 
|  95|0x0000000785f00000, 0x0000000785f00000, 0x0000000786000000|  0%| F|  |TAMS 0x0000000785f00000, 0x0000000785f00000| Untracked 
|  96|0x0000000786000000, 0x0000000786000000, 0x0000000786100000|  0%| F|  |TAMS 0x0000000786000000, 0x0000000786000000| Untracked 
|  97|0x0000000786100000, 0x0000000786100000, 0x0000000786200000|  0%| F|  |TAMS 0x0000000786100000, 0x0000000786100000| Untracked 
|  98|0x0000000786200000, 0x0000000786200000, 0x0000000786300000|  0%| F|  |TAMS 0x0000000786200000, 0x0000000786200000| Untracked 
|  99|0x0000000786300000, 0x0000000786300000, 0x0000000786400000|  0%| F|  |TAMS 0x0000000786300000, 0x0000000786300000| Untracked 
| 100|0x0000000786400000, 0x0000000786400000, 0x0000000786500000|  0%| F|  |TAMS 0x0000000786400000, 0x0000000786400000| Untracked 
| 101|0x0000000786500000, 0x0000000786500000, 0x0000000786600000|  0%| F|  |TAMS 0x0000000786500000, 0x0000000786500000| Untracked 
| 102|0x0000000786600000, 0x0000000786700000, 0x0000000786700000|100%| S|CS|TAMS 0x0000000786600000, 0x0000000786600000| Complete 
| 103|0x0000000786700000, 0x0000000786800000, 0x0000000786800000|100%| S|CS|TAMS 0x0000000786700000, 0x0000000786700000| Complete 
| 104|0x0000000786800000, 0x0000000786900000, 0x0000000786900000|100%| S|CS|TAMS 0x0000000786800000, 0x0000000786800000| Complete 
| 105|0x0000000786900000, 0x0000000786900000, 0x0000000786a00000|  0%| F|  |TAMS 0x0000000786900000, 0x0000000786900000| Untracked 
| 106|0x0000000786a00000, 0x0000000786a00000, 0x0000000786b00000|  0%| F|  |TAMS 0x0000000786a00000, 0x0000000786a00000| Untracked 
| 107|0x0000000786b00000, 0x0000000786b00000, 0x0000000786c00000|  0%| F|  |TAMS 0x0000000786b00000, 0x0000000786b00000| Untracked 
| 108|0x0000000786c00000, 0x0000000786c00000, 0x0000000786d00000|  0%| F|  |TAMS 0x0000000786c00000, 0x0000000786c00000| Untracked 
| 109|0x0000000786d00000, 0x0000000786d00000, 0x0000000786e00000|  0%| F|  |TAMS 0x0000000786d00000, 0x0000000786d00000| Untracked 
| 110|0x0000000786e00000, 0x0000000786e00000, 0x0000000786f00000|  0%| F|  |TAMS 0x0000000786e00000, 0x0000000786e00000| Untracked 
| 111|0x0000000786f00000, 0x0000000786f00000, 0x0000000787000000|  0%| F|  |TAMS 0x0000000786f00000, 0x0000000786f00000| Untracked 
| 112|0x0000000787000000, 0x0000000787000000, 0x0000000787100000|  0%| F|  |TAMS 0x0000000787000000, 0x0000000787000000| Untracked 
| 113|0x0000000787100000, 0x0000000787100000, 0x0000000787200000|  0%| F|  |TAMS 0x0000000787100000, 0x0000000787100000| Untracked 
| 114|0x0000000787200000, 0x0000000787200000, 0x0000000787300000|  0%| F|  |TAMS 0x0000000787200000, 0x0000000787200000| Untracked 
| 115|0x0000000787300000, 0x0000000787300000, 0x0000000787400000|  0%| F|  |TAMS 0x0000000787300000, 0x0000000787300000| Untracked 
| 116|0x0000000787400000, 0x0000000787480000, 0x0000000787500000| 50%| E|  |TAMS 0x0000000787400000, 0x0000000787400000| Complete 
| 117|0x0000000787500000, 0x0000000787600000, 0x0000000787600000|100%| E|CS|TAMS 0x0000000787500000, 0x0000000787500000| Complete 
| 118|0x0000000787600000, 0x0000000787700000, 0x0000000787700000|100%| E|CS|TAMS 0x0000000787600000, 0x0000000787600000| Complete 
| 119|0x0000000787700000, 0x0000000787800000, 0x0000000787800000|100%| E|CS|TAMS 0x0000000787700000, 0x0000000787700000| Complete 
| 120|0x0000000787800000, 0x0000000787900000, 0x0000000787900000|100%| E|CS|TAMS 0x0000000787800000, 0x0000000787800000| Complete 
| 121|0x0000000787900000, 0x0000000787a00000, 0x0000000787a00000|100%| E|CS|TAMS 0x0000000787900000, 0x0000000787900000| Complete 
| 122|0x0000000787a00000, 0x0000000787b00000, 0x0000000787b00000|100%| E|CS|TAMS 0x0000000787a00000, 0x0000000787a00000| Complete 
| 123|0x0000000787b00000, 0x0000000787c00000, 0x0000000787c00000|100%| E|CS|TAMS 0x0000000787b00000, 0x0000000787b00000| Complete 
| 124|0x0000000787c00000, 0x0000000787d00000, 0x0000000787d00000|100%| E|CS|TAMS 0x0000000787c00000, 0x0000000787c00000| Complete 
| 125|0x0000000787d00000, 0x0000000787e00000, 0x0000000787e00000|100%| E|CS|TAMS 0x0000000787d00000, 0x0000000787d00000| Complete 
| 126|0x0000000787e00000, 0x0000000787f00000, 0x0000000787f00000|100%| E|CS|TAMS 0x0000000787e00000, 0x0000000787e00000| Complete 
| 127|0x0000000787f00000, 0x0000000788000000, 0x0000000788000000|100%| E|CS|TAMS 0x0000000787f00000, 0x0000000787f00000| Complete 
|2046|0x00000007ffe00000, 0x00000007ffe74000, 0x00000007fff00000| 45%|OA|  |TAMS 0x00000007ffe00000, 0x00000007ffe00000| Untracked 
|2047|0x00000007fff00000, 0x00000007fff74000, 0x0000000800000000| 45%|CA|  |TAMS 0x00000007fff00000, 0x00000007fff00000| Untracked 

Card table byte_map: [0x0000000109400000,0x0000000109800000] _byte_map_base: 0x0000000105800000

Marking Bits (Prev, Next): (CMBitMap*) 0x000000014c033610, (CMBitMap*) 0x000000014c033650
 Prev Bits: [0x0000000121688000, 0x0000000123688000)
 Next Bits: [0x0000000123688000, 0x0000000125688000)

Polling page: 0x0000000104aa4000

Metaspace:

Usage:
  Non-class:      6.44 MB used.
      Class:    525.52 KB used.
       Both:      6.96 MB used.

Virtual space:
  Non-class space:       64.00 MB reserved,       6.50 MB ( 10%) committed,  1 nodes.
      Class space:        1.00 GB reserved,     640.00 KB ( <1%) committed,  1 nodes.
             Both:        1.06 GB reserved,       7.12 MB ( <1%) committed. 

Chunk freelists:
   Non-Class:  7.69 MB
       Class:  15.42 MB
        Both:  23.11 MB

MaxMetaspaceSize: unlimited
CompressedClassSpaceSize: 1.00 GB
Initial GC threshold: 21.00 MB
Current GC threshold: 21.00 MB
CDS: on
MetaspaceReclaimPolicy: balanced
 - commit_granule_bytes: 65536.
 - commit_granule_words: 8192.
 - virtual_space_node_default_size: 8388608.
 - enlarge_chunks_in_place: 1.
 - new_chunks_are_fully_committed: 0.
 - uncommit_free_chunks: 1.
 - use_allocation_guard: 0.
 - handle_deallocations: 1.


Internal statistics:

num_allocs_failed_limit: 0.
num_arena_births: 68.
num_arena_deaths: 0.
num_vsnodes_births: 2.
num_vsnodes_deaths: 0.
num_space_committed: 112.
num_space_uncommitted: 0.
num_chunks_returned_to_freelist: 0.
num_chunks_taken_from_freelist: 250.
num_chunk_merges: 0.
num_chunk_splits: 184.
num_chunks_enlarged: 146.
num_inconsistent_stats: 0.

CodeHeap 'non-profiled nmethods': size=120032Kb used=679Kb max_used=679Kb free=119352Kb
 bounds [0x000000011a150000, 0x000000011a3c0000, 0x0000000121688000]
CodeHeap 'profiled nmethods': size=120016Kb used=2770Kb max_used=2770Kb free=117245Kb
 bounds [0x0000000112688000, 0x0000000112948000, 0x0000000119bbc000]
CodeHeap 'non-nmethods': size=5712Kb used=1640Kb max_used=1679Kb free=4071Kb
 bounds [0x0000000119bbc000, 0x0000000119e2c000, 0x000000011a150000]
 total_blobs=2503 nmethods=1402 adapters=1018
 compilation: enabled
              stopped_count=0, restarted_count=0
 full_count=0

Compilation events (20 events):
Event: 17.357 Thread 0x000000014900d800 1413 %     3       java.lang.String::split @ 127 (327 bytes)
Event: 17.359 Thread 0x000000014900d800 nmethod 1413% 0x0000000112935a10 code [0x0000000112936280, 0x00000001129399d8]
Event: 17.359 Thread 0x000000014900d800 1415       3       com.badlogic.gdx.backends.lwjgl3.Lwjgl3FileHandle::file (61 bytes)
Event: 17.359 Thread 0x000000014900d800 nmethod 1415 0x000000011293af10 code [0x000000011293b100, 0x000000011293b4b8]
Event: 17.361 Thread 0x000000014900d800 1416       3       java.io.File::getName (42 bytes)
Event: 17.361 Thread 0x000000014900d800 nmethod 1416 0x000000011293b610 code [0x000000011293b8c0, 0x000000011293c198]
Event: 17.361 Thread 0x000000014900d800 1417       3       com.badlogic.gdx.files.FileHandle::name (8 bytes)
Event: 17.361 Thread 0x000000014900d800 nmethod 1417 0x000000011293c510 code [0x000000011293c6c0, 0x000000011293c848]
Event: 17.361 Thread 0x000000014900d800 1419       1       com.badlogic.gdx.graphics.glutils.FileTextureData::isPrepared (5 bytes)
Event: 17.361 Thread 0x000000014900d800 nmethod 1419 0x000000011a1f8d90 code [0x000000011a1f8f00, 0x000000011a1f8f98]
Event: 17.361 Thread 0x000000014900d800 1420       1       com.badlogic.gdx.graphics.g2d.Gdx2DPixmap::getFormat (5 bytes)
Event: 17.361 Thread 0x000000014900d800 nmethod 1420 0x000000011a1f9090 code [0x000000011a1f9200, 0x000000011a1f9298]
Event: 17.361 Thread 0x000000014900d800 1424       1       java.nio.DirectByteBuffer::attachment (5 bytes)
Event: 17.361 Thread 0x000000014900d800 nmethod 1424 0x000000011a1f9390 code [0x000000011a1f9500, 0x000000011a1f9598]
Event: 17.361 Thread 0x000000014900d800 1421       1       com.badlogic.gdx.graphics.g2d.Gdx2DPixmap::getWidth (5 bytes)
Event: 17.361 Thread 0x000000014900d800 nmethod 1421 0x000000011a1f9690 code [0x000000011a1f9800, 0x000000011a1f9898]
Event: 17.361 Thread 0x000000014900d800 1422       1       com.badlogic.gdx.graphics.g2d.Gdx2DPixmap::getHeight (5 bytes)
Event: 17.361 Thread 0x000000014900d800 nmethod 1422 0x000000011a1f9990 code [0x000000011a1f9b00, 0x000000011a1f9b98]
Event: 17.361 Thread 0x000000014900d800 1423       1       com.badlogic.gdx.graphics.Texture$TextureWrap::getGLEnum (5 bytes)
Event: 17.361 Thread 0x000000014900d800 nmethod 1423 0x000000011a1f9c90 code [0x000000011a1f9e00, 0x000000011a1f9e98]

GC Heap History (2 events):
Event: 1.690 GC heap before
{Heap before GC invocations=0 (full 0):
 garbage-first heap   total 133120K, used 24480K [0x0000000780000000, 0x0000000800000000)
  region size 1024K, 23 young (23552K), 0 survivors (0K)
 Metaspace       used 6530K, committed 6720K, reserved 1114112K
  class space    used 493K, committed 576K, reserved 1048576K
}
Event: 1.695 GC heap after
{Heap after GC invocations=1 (full 0):
 garbage-first heap   total 133120K, used 4043K [0x0000000780000000, 0x0000000800000000)
  region size 1024K, 3 young (3072K), 3 survivors (3072K)
 Metaspace       used 6530K, committed 6720K, reserved 1114112K
  class space    used 493K, committed 576K, reserved 1048576K
}

Dll operation events (8 events):
Event: 0.004 Loaded shared library /opt/homebrew/Cellar/openjdk@17/17.0.15/libexec/openjdk.jdk/Contents/Home/lib/libjava.dylib
Event: 0.023 Loaded shared library /opt/homebrew/Cellar/openjdk@17/17.0.15/libexec/openjdk.jdk/Contents/Home/lib/libnio.dylib
Event: 0.025 Loaded shared library /opt/homebrew/Cellar/openjdk@17/17.0.15/libexec/openjdk.jdk/Contents/Home/lib/libzip.dylib
Event: 0.062 Loaded shared library /opt/homebrew/Cellar/openjdk@17/17.0.15/libexec/openjdk.jdk/Contents/Home/lib/libjimage.dylib
Event: 0.068 Loaded shared library /opt/homebrew/Cellar/openjdk@17/17.0.15/libexec/openjdk.jdk/Contents/Home/lib/libnet.dylib
Event: 0.075 Loaded shared library /private/var/folders/v4/f9gfs351623g0dt_748d5v0c0000gn/T/lwjgl_justinbadilla/3.3.3+5/arm64/liblwjgl.dylib
Event: 0.139 Loaded shared library /private/var/folders/v4/f9gfs351623g0dt_748d5v0c0000gn/T/libgdxjustinbadilla/21dede5c/libgdxarm64.dylib
Event: 1.314 Loaded shared library /private/var/folders/v4/f9gfs351623g0dt_748d5v0c0000gn/T/lwjgl_justinbadilla/3.3.3+5/arm64/liblwjgl_opengl.dylib

Deoptimization events (20 events):
Event: 11.033 Thread 0x000000014c00d400 DEOPT PACKING pc=0x00000001126b8ac4 sp=0x000000016b3dd190
Event: 11.033 Thread 0x000000014c00d400 DEOPT UNPACKING pc=0x0000000119c0377c sp=0x000000016b3dce30 mode 0
Event: 11.033 Thread 0x000000014c00d400 DEOPT PACKING pc=0x00000001126b8ac4 sp=0x000000016b3dd190
Event: 11.033 Thread 0x000000014c00d400 DEOPT UNPACKING pc=0x0000000119c0377c sp=0x000000016b3dce30 mode 0
Event: 11.033 Thread 0x000000014c00d400 DEOPT PACKING pc=0x00000001126b8ac4 sp=0x000000016b3dd190
Event: 11.033 Thread 0x000000014c00d400 DEOPT UNPACKING pc=0x0000000119c0377c sp=0x000000016b3dce30 mode 0
Event: 11.033 Thread 0x000000014c00d400 DEOPT PACKING pc=0x00000001126b8ac4 sp=0x000000016b3dd190
Event: 11.033 Thread 0x000000014c00d400 DEOPT UNPACKING pc=0x0000000119c0377c sp=0x000000016b3dce30 mode 0
Event: 11.033 Thread 0x000000014c00d400 DEOPT PACKING pc=0x00000001126b8ac4 sp=0x000000016b3dd190
Event: 11.033 Thread 0x000000014c00d400 DEOPT UNPACKING pc=0x0000000119c0377c sp=0x000000016b3dce30 mode 0
Event: 11.033 Thread 0x000000014c00d400 Uncommon trap: trap_request=0xffffff45 fr.pc=0x000000011a1dcc68 relative=0x00000000000001a8
Event: 11.033 Thread 0x000000014c00d400 Uncommon trap: reason=unstable_if action=reinterpret pc=0x000000011a1dcc68 method=com.badlogic.gdx.utils.Array.add(Ljava/lang/Object;)V @ 11 c2
Event: 11.033 Thread 0x000000014c00d400 DEOPT PACKING pc=0x000000011a1dcc68 sp=0x000000016b3dd390
Event: 11.033 Thread 0x000000014c00d400 DEOPT UNPACKING pc=0x0000000119c0391c sp=0x000000016b3dd320 mode 2
Event: 11.094 Thread 0x000000014c00d400 DEOPT PACKING pc=0x000000011284f674 sp=0x000000016b3dd2c0
Event: 11.094 Thread 0x000000014c00d400 DEOPT UNPACKING pc=0x0000000119c0377c sp=0x000000016b3dd060 mode 0
Event: 16.624 Thread 0x000000014c00d400 Uncommon trap: trap_request=0xffffff45 fr.pc=0x000000011a1d680c relative=0x0000000000000b4c
Event: 16.624 Thread 0x000000014c00d400 Uncommon trap: reason=unstable_if action=reinterpret pc=0x000000011a1d680c method=java.io.BufferedReader.readLine(Z[Z)Ljava/lang/String; @ 67 c2
Event: 16.624 Thread 0x000000014c00d400 DEOPT PACKING pc=0x000000011a1d680c sp=0x000000016b3dd590
Event: 16.624 Thread 0x000000014c00d400 DEOPT UNPACKING pc=0x0000000119c0391c sp=0x000000016b3dd4e0 mode 2

Classes loaded (20 events):
Event: 8.616 Loading class jdk/internal/reflect/ByteVectorImpl
Event: 8.616 Loading class jdk/internal/reflect/ByteVector
Event: 8.616 Loading class jdk/internal/reflect/ByteVector done
Event: 8.616 Loading class jdk/internal/reflect/ByteVectorImpl done
Event: 8.616 Loading class jdk/internal/reflect/ClassFileAssembler
Event: 8.616 Loading class jdk/internal/reflect/ClassFileAssembler done
Event: 8.616 Loading class jdk/internal/reflect/UTF8
Event: 8.616 Loading class jdk/internal/reflect/UTF8 done
Event: 8.616 Loading class jdk/internal/reflect/Label
Event: 8.616 Loading class jdk/internal/reflect/Label done
Event: 8.616 Loading class jdk/internal/reflect/Label$PatchInfo
Event: 8.616 Loading class jdk/internal/reflect/Label$PatchInfo done
Event: 8.616 Loading class jdk/internal/reflect/MethodAccessorGenerator$1
Event: 8.616 Loading class jdk/internal/reflect/MethodAccessorGenerator$1 done
Event: 8.616 Loading class jdk/internal/reflect/ClassDefiner
Event: 8.616 Loading class jdk/internal/reflect/ClassDefiner done
Event: 8.616 Loading class jdk/internal/reflect/ClassDefiner$1
Event: 8.616 Loading class jdk/internal/reflect/ClassDefiner$1 done
Event: 8.616 Loading class jdk/internal/reflect/BootstrapConstructorAccessorImpl
Event: 8.616 Loading class jdk/internal/reflect/BootstrapConstructorAccessorImpl done

Classes unloaded (0 events):
No events

Classes redefined (0 events):
No events

Internal exceptions (20 events):
Event: 0.054 Thread 0x000000014c00d400 Exception <a 'java/lang/NoSuchMethodError'{0x0000000787ce8708}: 'void java.lang.invoke.DirectMethodHandle$Holder.invokeSpecial(java.lang.Object, java.lang.Object, java.lang.Object)'> (0x0000000787ce8708) 
thrown [src/hotspot/share/interpreter/linkResolver.cpp, line 759]
Event: 0.056 Thread 0x000000014c00d400 Exception <a 'java/lang/NoSuchMethodError'{0x0000000787cfb2a0}: 'java.lang.Object java.lang.invoke.DirectMethodHandle$Holder.invokeStatic(java.lang.Object, java.lang.Object, int)'> (0x0000000787cfb2a0) 
thrown [src/hotspot/share/interpreter/linkResolver.cpp, line 759]
Event: 0.056 Thread 0x000000014c00d400 Exception <a 'java/lang/NoSuchMethodError'{0x0000000787b07810}: 'void java.lang.invoke.DelegatingMethodHandle$Holder.delegate(java.lang.Object, java.lang.Object, int, java.lang.Object)'> (0x0000000787b07810) 
thrown [src/hotspot/share/interpreter/linkResolver.cpp, line 759]
Event: 0.056 Thread 0x000000014c00d400 Exception <a 'java/lang/NoSuchMethodError'{0x0000000787b0ba20}: 'int java.lang.invoke.DirectMethodHandle$Holder.invokeSpecial(java.lang.Object, java.lang.Object, java.lang.Object)'> (0x0000000787b0ba20) 
thrown [src/hotspot/share/interpreter/linkResolver.cpp, line 759]
Event: 0.074 Thread 0x000000014c00d400 Exception <a 'sun/nio/fs/UnixException'{0x0000000787bc7ad0}> (0x0000000787bc7ad0) 
thrown [src/hotspot/share/prims/jni.cpp, line 516]
Event: 0.098 Thread 0x000000014c00d400 Exception <a 'sun/nio/fs/UnixException'{0x0000000787a99ec0}> (0x0000000787a99ec0) 
thrown [src/hotspot/share/prims/jni.cpp, line 516]
Event: 0.101 Thread 0x000000014c00d400 Exception <a 'java/lang/NoSuchMethodError'{0x0000000787ae4ea8}: 'java.lang.Object java.lang.invoke.DirectMethodHandle$Holder.invokeStaticInit(java.lang.Object)'> (0x0000000787ae4ea8) 
thrown [src/hotspot/share/interpreter/linkResolver.cpp, line 759]
Event: 0.103 Thread 0x000000014c00d400 Exception <a 'java/lang/NoSuchMethodError'{0x0000000787913c40}: 'int java.lang.invoke.DirectMethodHandle$Holder.invokeStaticInit(java.lang.Object, java.lang.Object, int, long)'> (0x0000000787913c40) 
thrown [src/hotspot/share/interpreter/linkResolver.cpp, line 759]
Event: 0.104 Thread 0x000000014c00d400 Exception <a 'java/lang/NoSuchMethodError'{0x0000000787919508}: 'java.lang.Object java.lang.invoke.DirectMethodHandle$Holder.newInvokeSpecial(java.lang.Object, java.lang.Object, int)'> (0x0000000787919508) 
thrown [src/hotspot/share/interpreter/linkResolver.cpp, line 759]
Event: 0.105 Thread 0x000000014c00d400 Exception <a 'java/lang/NoSuchMethodError'{0x000000078792e3c8}: 'int java.lang.invoke.DirectMethodHandle$Holder.invokeStaticInit(java.lang.Object, java.lang.Object, long, long)'> (0x000000078792e3c8) 
thrown [src/hotspot/share/interpreter/linkResolver.cpp, line 759]
Event: 0.105 Thread 0x000000014c00d400 Exception <a 'java/lang/NoSuchMethodError'{0x00000007879344d8}: 'java.lang.Object java.lang.invoke.DirectMethodHandle$Holder.newInvokeSpecial(java.lang.Object, java.lang.Object, long)'> (0x00000007879344d8) 
thrown [src/hotspot/share/interpreter/linkResolver.cpp, line 759]
Event: 0.105 Thread 0x000000014c00d400 Exception <a 'java/lang/NoSuchMethodError'{0x00000007879387c8}: 'java.lang.Object java.lang.invoke.Invokers$Holder.linkToTargetMethod(java.lang.Object, long, java.lang.Object)'> (0x00000007879387c8) 
thrown [src/hotspot/share/interpreter/linkResolver.cpp, line 759]
Event: 0.106 Thread 0x000000014c00d400 Exception <a 'java/lang/NoSuchMethodError'{0x000000078793fee0}: 'int java.lang.invoke.DirectMethodHandle$Holder.invokeStaticInit(java.lang.Object, java.lang.Object, java.lang.Object, long)'> (0x000000078793fee0) 
thrown [src/hotspot/share/interpreter/linkResolver.cpp, line 759]
Event: 0.114 Thread 0x000000014c00d400 Exception <a 'sun/nio/fs/UnixException'{0x00000007879cf9a8}> (0x00000007879cf9a8) 
thrown [src/hotspot/share/prims/jni.cpp, line 516]
Event: 0.152 Thread 0x000000014c00d400 Exception <a 'sun/nio/fs/UnixException'{0x00000007877cf520}> (0x00000007877cf520) 
thrown [src/hotspot/share/prims/jni.cpp, line 516]
Event: 0.908 Thread 0x000000014c00d400 Exception <a 'sun/nio/fs/UnixException'{0x00000007876a2298}> (0x00000007876a2298) 
thrown [src/hotspot/share/prims/jni.cpp, line 516]
Event: 1.112 Thread 0x000000014c00d400 Exception <a 'java/lang/NoSuchMethodError'{0x00000007876f9ed0}: 'java.lang.Object java.lang.invoke.DirectMethodHandle$Holder.newInvokeSpecial(java.lang.Object, long)'> (0x00000007876f9ed0) 
thrown [src/hotspot/share/interpreter/linkResolver.cpp, line 759]
Event: 1.314 Thread 0x000000014c00d400 Exception <a 'sun/nio/fs/UnixException'{0x00000007874c63a8}> (0x00000007874c63a8) 
thrown [src/hotspot/share/prims/jni.cpp, line 516]
Event: 8.527 Thread 0x000000014c00d400 Implicit null exception at 0x000000011a1bc420 to 0x000000011a1bc5f0
Event: 16.624 Thread 0x000000014c00d400 Implicit null exception at 0x000000011a1d61b4 to 0x000000011a1d6800

VM Operations (20 events):
Event: 1.155 Executing VM operation: Cleanup
Event: 1.155 Executing VM operation: Cleanup done
Event: 1.384 Executing VM operation: HandshakeAllThreads
Event: 1.384 Executing VM operation: HandshakeAllThreads done
Event: 1.690 Executing VM operation: G1CollectForAllocation
Event: 1.695 Executing VM operation: G1CollectForAllocation done
Event: 2.700 Executing VM operation: Cleanup
Event: 2.700 Executing VM operation: Cleanup done
Event: 3.702 Executing VM operation: Cleanup
Event: 3.702 Executing VM operation: Cleanup done
Event: 8.520 Executing VM operation: HandshakeAllThreads
Event: 8.520 Executing VM operation: HandshakeAllThreads done
Event: 8.546 Executing VM operation: HandshakeAllThreads
Event: 8.546 Executing VM operation: HandshakeAllThreads done
Event: 8.546 Executing VM operation: Cleanup
Event: 8.546 Executing VM operation: Cleanup done
Event: 10.552 Executing VM operation: Cleanup
Event: 10.552 Executing VM operation: Cleanup done
Event: 11.554 Executing VM operation: Cleanup
Event: 11.554 Executing VM operation: Cleanup done

Memory protections (12 events):
Event: 0.003 Protecting memory [0x000000016abe8000,0x000000016abf4000] with protection modes 0
Event: 0.011 Protecting memory [0x000000016c0bc000,0x000000016c0c8000] with protection modes 0
Event: 0.011 Protecting memory [0x000000016c2c8000,0x000000016c2d4000] with protection modes 0
Event: 0.016 Protecting memory [0x000000016c678000,0x000000016c684000] with protection modes 0
Event: 0.016 Protecting memory [0x000000016c884000,0x000000016c890000] with protection modes 0
Event: 0.016 Protecting memory [0x000000016ca90000,0x000000016ca9c000] with protection modes 0
Event: 0.016 Protecting memory [0x000000016cc9c000,0x000000016cca8000] with protection modes 0
Event: 0.016 Protecting memory [0x000000016cea8000,0x000000016ceb4000] with protection modes 0
Event: 0.016 Protecting memory [0x000000016d0b4000,0x000000016d0c0000] with protection modes 0
Event: 0.020 Protecting memory [0x000000016d2c0000,0x000000016d2cc000] with protection modes 0
Event: 0.021 Protecting memory [0x000000016d6d8000,0x000000016d6e4000] with protection modes 0
Event: 1.117 Protecting memory [0x000000016dc2c000,0x000000016dc38000] with protection modes 0

Nmethod flushes (0 events):
No events

Events (12 events):
Event: 0.010 Thread 0x000000014c00d400 Thread added: 0x000000014c00d400
Event: 0.011 Thread 0x000000014c00d400 Thread added: 0x000000014c0c0000
Event: 0.011 Thread 0x000000014c00d400 Thread added: 0x000000014a827200
Event: 0.016 Thread 0x000000014c00d400 Thread added: 0x0000000149009400
Event: 0.016 Thread 0x000000014c00d400 Thread added: 0x0000000149009a00
Event: 0.016 Thread 0x000000014c00d400 Thread added: 0x000000014900cc00
Event: 0.016 Thread 0x000000014c00d400 Thread added: 0x000000014900d200
Event: 0.016 Thread 0x000000014c00d400 Thread added: 0x000000014900d800
Event: 0.016 Thread 0x000000014c00d400 Thread added: 0x000000014900de00
Event: 0.020 Thread 0x000000014c00d400 Thread added: 0x0000000149010400
Event: 0.021 Thread 0x000000014c00d400 Thread added: 0x000000014901b800
Event: 1.117 Thread 0x000000014c00d400 Thread added: 0x000000014a997600


Dynamic libraries:
0x0000000104a54000 	/opt/homebrew/Cellar/openjdk@17/17.0.15/libexec/openjdk.jdk/Contents/Home/lib/libjli.dylib
0x000000019d5b3000 	/usr/lib/libz.1.dylib
0x000000019d669000 	/usr/lib/libSystem.B.dylib
0x000000019d663000 	/usr/lib/system/libcache.dylib
0x000000019d61e000 	/usr/lib/system/libcommonCrypto.dylib
0x000000019d649000 	/usr/lib/system/libcompiler_rt.dylib
0x000000019d63e000 	/usr/lib/system/libcopyfile.dylib
0x000000018f187000 	/usr/lib/system/libcorecrypto.dylib
0x000000018f26d000 	/usr/lib/system/libdispatch.dylib
0x000000018f42d000 	/usr/lib/system/libdyld.dylib
0x000000019d659000 	/usr/lib/system/libkeymgr.dylib
0x000000019d601000 	/usr/lib/system/libmacho.dylib
0x000000019ca34000 	/usr/lib/system/libquarantine.dylib
0x000000019d656000 	/usr/lib/system/libremovefile.dylib
0x000000019542c000 	/usr/lib/system/libsystem_asl.dylib
0x000000018f11c000 	/usr/lib/system/libsystem_blocks.dylib
0x000000018f2b7000 	/usr/lib/system/libsystem_c.dylib
0x000000019d64d000 	/usr/lib/system/libsystem_collections.dylib
0x000000019ba28000 	/usr/lib/system/libsystem_configuration.dylib
0x000000019a7c3000 	/usr/lib/system/libsystem_containermanager.dylib
0x000000019d144000 	/usr/lib/system/libsystem_coreservices.dylib
0x0000000192f2e000 	/usr/lib/system/libsystem_darwin.dylib
0x00000002784e5000 	/usr/lib/system/libsystem_darwindirectory.dylib
0x000000019d65a000 	/usr/lib/system/libsystem_dnssd.dylib
0x00000002784e9000 	/usr/lib/system/libsystem_eligibility.dylib
0x000000018f2b4000 	/usr/lib/system/libsystem_featureflags.dylib
0x000000018f465000 	/usr/lib/system/libsystem_info.dylib
0x000000019d5c2000 	/usr/lib/system/libsystem_m.dylib
0x000000018f226000 	/usr/lib/system/libsystem_malloc.dylib
0x0000000195395000 	/usr/lib/system/libsystem_networkextension.dylib
0x0000000193390000 	/usr/lib/system/libsystem_notify.dylib
0x000000019ba2d000 	/usr/lib/system/libsystem_sandbox.dylib
0x00000002784f1000 	/usr/lib/system/libsystem_sanitizers.dylib
0x000000019d652000 	/usr/lib/system/libsystem_secinit.dylib
0x000000018f3e4000 	/usr/lib/system/libsystem_kernel.dylib
0x000000018f45d000 	/usr/lib/system/libsystem_platform.dylib
0x000000018f420000 	/usr/lib/system/libsystem_pthread.dylib
0x0000000196f86000 	/usr/lib/system/libsystem_symptoms.dylib
0x000000018f16b000 	/usr/lib/system/libsystem_trace.dylib
0x000000019d62c000 	/usr/lib/system/libunwind.dylib
0x000000018f120000 	/usr/lib/system/libxpc.dylib
0x000000018f02c000 	/usr/lib/libobjc.A.dylib
0x000000018f495000 	/System/Library/Frameworks/CoreFoundation.framework/Versions/A/CoreFoundation
0x00000001a0ba6000 	/usr/lib/swift/libswiftCore.dylib
0x000000018f3c6000 	/usr/lib/libc++abi.dylib
0x00000002770bd000 	/usr/lib/libRosetta.dylib
0x000000018f339000 	/usr/lib/libc++.1.dylib
0x0000000190a85000 	/System/Library/Frameworks/Foundation.framework/Versions/C/Foundation
0x00000001a97f4000 	/usr/lib/swift/libswiftObjectiveC.dylib
0x000000019322c000 	/System/Library/PrivateFrameworks/CoreServicesInternal.framework/Versions/A/CoreServicesInternal
0x000000019d636000 	/usr/lib/liboah.dylib
0x000000019d66b000 	/usr/lib/libfakelink.dylib
0x0000000192c62000 	/usr/lib/libicucore.A.dylib
0x000000019d66e000 	/System/Library/PrivateFrameworks/SoftLinking.framework/Versions/A/SoftLinking
0x00000001a508f000 	/System/Library/Frameworks/CoreServices.framework/Versions/A/CoreServices
0x0000000192857000 	/System/Library/Frameworks/Security.framework/Versions/A/Security
0x00000001932ad000 	/System/Library/Frameworks/IOKit.framework/Versions/A/IOKit
0x00000001a8d01000 	/System/Library/PrivateFrameworks/DiskImages.framework/Versions/A/DiskImages
0x00000001b578b000 	/System/Library/Frameworks/NetFS.framework/Versions/A/NetFS
0x0000000194fca000 	/System/Library/Frameworks/CFNetwork.framework/Versions/A/CFNetwork
0x0000000198c48000 	/System/Library/Frameworks/CoreServices.framework/Versions/A/Frameworks/FSEvents.framework/Versions/A/FSEvents
0x0000000192f39000 	/System/Library/Frameworks/CoreServices.framework/Versions/A/Frameworks/CarbonCore.framework/Versions/A/CarbonCore
0x00000001980bd000 	/System/Library/Frameworks/CoreServices.framework/Versions/A/Frameworks/Metadata.framework/Versions/A/Metadata
0x000000019d14b000 	/System/Library/Frameworks/CoreServices.framework/Versions/A/Frameworks/OSServices.framework/Versions/A/OSServices
0x000000019d7b8000 	/System/Library/Frameworks/CoreServices.framework/Versions/A/Frameworks/SearchKit.framework/Versions/A/SearchKit
0x0000000196f01000 	/System/Library/Frameworks/CoreServices.framework/Versions/A/Frameworks/AE.framework/Versions/A/AE
0x000000018f9d4000 	/System/Library/Frameworks/CoreServices.framework/Versions/A/Frameworks/LaunchServices.framework/Versions/A/LaunchServices
0x000000019ebce000 	/System/Library/Frameworks/CoreServices.framework/Versions/A/Frameworks/DictionaryServices.framework/Versions/A/DictionaryServices
0x0000000198c56000 	/System/Library/Frameworks/CoreServices.framework/Versions/A/Frameworks/SharedFileList.framework/Versions/A/SharedFileList
0x00000001906e9000 	/System/Library/Frameworks/SystemConfiguration.framework/Versions/A/SystemConfiguration
0x000000019d84d000 	/usr/lib/libapple_nghttp2.dylib
0x000000019d896000 	/usr/lib/libcompression.dylib
0x0000000196b62000 	/usr/lib/libsqlite3.dylib
0x0000000198029000 	/System/Library/PrivateFrameworks/CoreAnalytics.framework/Versions/A/CoreAnalytics
0x000000019598d000 	/System/Library/Frameworks/CoreGraphics.framework/Versions/A/CoreGraphics
0x00000001a1889000 	/System/Library/Frameworks/GSS.framework/Versions/A/GSS
0x000000019fe33000 	/System/Library/PrivateFrameworks/InternationalSupport.framework/Versions/A/InternationalSupport
0x0000000196e98000 	/System/Library/PrivateFrameworks/RunningBoardServices.framework/Versions/A/RunningBoardServices
0x00000001953b0000 	/usr/lib/libenergytrace.dylib
0x0000000196f8f000 	/System/Library/Frameworks/Network.framework/Versions/A/Network
0x000000019805a000 	/usr/lib/libDiagnosticMessagesClient.dylib
0x000000019ca5b000 	/usr/lib/libbsm.0.dylib
0x000000019d605000 	/usr/lib/system/libkxld.dylib
0x0000000239559000 	/System/Library/PrivateFrameworks/AppleKeyStore.framework/Versions/A/AppleKeyStore
0x0000000276f15000 	/usr/lib/libCoreEntitlements.dylib
0x0000000254995000 	/System/Library/PrivateFrameworks/MessageSecurity.framework/Versions/A/MessageSecurity
0x0000000196b47000 	/System/Library/PrivateFrameworks/ProtocolBuffer.framework/Versions/A/ProtocolBuffer
0x00000001953b2000 	/usr/lib/libMobileGestalt.dylib
0x000000019d12b000 	/System/Library/PrivateFrameworks/AppleFSCompression.framework/Versions/A/AppleFSCompression
0x000000019ca43000 	/usr/lib/libcoretls.dylib
0x000000019ec44000 	/usr/lib/libcoretls_cfhelpers.dylib
0x000000019d890000 	/usr/lib/libpam.2.dylib
0x000000019ecb8000 	/usr/lib/libxar.1.dylib
0x0000000198c84000 	/System/Library/PrivateFrameworks/CoreAutoLayout.framework/Versions/A/CoreAutoLayout
0x0000000198148000 	/System/Library/Frameworks/DiskArbitration.framework/Versions/A/DiskArbitration
0x000000019d6c0000 	/usr/lib/libarchive.2.dylib
0x0000000198cce000 	/usr/lib/libxml2.2.dylib
0x000000019ba3b000 	/usr/lib/liblangid.dylib
0x00000001a2f8b000 	/System/Library/Frameworks/Combine.framework/Versions/A/Combine
0x000000023d9c3000 	/System/Library/PrivateFrameworks/CollectionsInternal.framework/Versions/A/CollectionsInternal
0x000000025d9bc000 	/System/Library/PrivateFrameworks/ReflectionInternal.framework/Versions/A/ReflectionInternal
0x000000025e68e000 	/System/Library/PrivateFrameworks/RuntimeInternal.framework/Versions/A/RuntimeInternal
0x00000001b884e000 	/usr/lib/swift/libswiftCoreFoundation.dylib
0x00000001b5c62000 	/usr/lib/swift/libswiftDarwin.dylib
0x00000001a6b87000 	/usr/lib/swift/libswiftDispatch.dylib
0x00000001b88a9000 	/usr/lib/swift/libswiftIOKit.dylib
0x0000000278141000 	/usr/lib/swift/libswiftSystem.dylib
0x00000001b8860000 	/usr/lib/swift/libswiftXPC.dylib
0x00000002781b0000 	/usr/lib/swift/libswift_Builtin_float.dylib
0x00000002781b3000 	/usr/lib/swift/libswift_Concurrency.dylib
0x0000000278312000 	/usr/lib/swift/libswift_StringProcessing.dylib
0x00000002783a5000 	/usr/lib/swift/libswift_errno.dylib
0x00000002783a7000 	/usr/lib/swift/libswift_math.dylib
0x00000002783aa000 	/usr/lib/swift/libswift_signal.dylib
0x00000002783ab000 	/usr/lib/swift/libswift_stdio.dylib
0x00000002783ac000 	/usr/lib/swift/libswift_time.dylib
0x00000001a97f8000 	/usr/lib/swift/libswiftos.dylib
0x00000002783ad000 	/usr/lib/swift/libswiftsys_time.dylib
0x00000002783ae000 	/usr/lib/swift/libswiftunistd.dylib
0x000000019ba36000 	/System/Library/PrivateFrameworks/AppleSystemInfo.framework/Versions/A/AppleSystemInfo
0x00000001b8739000 	/System/Library/PrivateFrameworks/LoggingSupport.framework/Versions/A/LoggingSupport
0x00000001a6048000 	/System/Library/PrivateFrameworks/PowerLog.framework/Versions/A/PowerLog
0x00000001f624a000 	/System/Library/Frameworks/SwiftData.framework/Versions/A/SwiftData
0x0000000194a41000 	/System/Library/Frameworks/UniformTypeIdentifiers.framework/Versions/A/UniformTypeIdentifiers
0x0000000198e59000 	/System/Library/PrivateFrameworks/UserManagement.framework/Versions/A/UserManagement
0x0000000194ef8000 	/usr/lib/libboringssl.dylib
0x0000000196f75000 	/usr/lib/libdns_services.dylib
0x00000001b78ed000 	/usr/lib/libquic.dylib
0x00000001a0b35000 	/usr/lib/libusrtcp.dylib
0x00000001dc23f000 	/System/Library/PrivateFrameworks/InternalSwiftProtobuf.framework/Versions/A/InternalSwiftProtobuf
0x000000027809e000 	/usr/lib/swift/libswiftDistributed.dylib
0x00000002780ca000 	/usr/lib/swift/libswiftObservation.dylib
0x0000000278137000 	/usr/lib/swift/libswiftSynchronization.dylib
0x0000000194fc9000 	/usr/lib/libnetwork.dylib
0x00000001c9465000 	/System/Library/PrivateFrameworks/OSAnalytics.framework/Versions/A/OSAnalytics
0x000000019d828000 	/System/Library/PrivateFrameworks/AppleSauce.framework/Versions/A/AppleSauce
0x00000001a731d000 	/System/Library/PrivateFrameworks/CoreSymbolication.framework/Versions/A/CoreSymbolication
0x00000001d7f0b000 	/System/Library/PrivateFrameworks/Symbolication.framework/Versions/A/Symbolication
0x00000001a72f9000 	/System/Library/PrivateFrameworks/DebugSymbols.framework/Versions/A/DebugSymbols
0x0000000276de0000 	/usr/lib/libAppleArchive.dylib
0x000000019d137000 	/usr/lib/libbz2.1.0.dylib
0x000000019ec25000 	/usr/lib/liblzma.5.dylib
0x000000019c733000 	/System/Library/PrivateFrameworks/IOMobileFramebuffer.framework/Versions/A/IOMobileFramebuffer
0x000000019a7f4000 	/System/Library/Frameworks/IOSurface.framework/Versions/A/IOSurface
0x00000001b87c2000 	/System/Library/PrivateFrameworks/MallocStackLogging.framework/Versions/A/MallocStackLogging
0x000000019ee13000 	/System/Library/PrivateFrameworks/CrashReporterSupport.framework/Versions/A/CrashReporterSupport
0x00000001904e0000 	/System/Library/PrivateFrameworks/Lexicon.framework/Versions/A/Lexicon
0x000000024cce5000 	/System/Library/PrivateFrameworks/IO80211.framework/Versions/A/IO80211
0x00000001a6e1f000 	/System/Library/PrivateFrameworks/FrontBoardServices.framework/Versions/A/FrontBoardServices
0x000000019c96b000 	/System/Library/Frameworks/SecurityFoundation.framework/Versions/A/SecurityFoundation
0x000000019cacd000 	/usr/lib/libgermantok.dylib
0x000000019bb5a000 	/System/Library/PrivateFrameworks/LinguisticData.framework/Versions/A/LinguisticData
0x0000000196db3000 	/System/Library/PrivateFrameworks/BaseBoard.framework/Versions/A/BaseBoard
0x00000001a6eec000 	/System/Library/PrivateFrameworks/BoardServices.framework/Versions/A/BoardServices
0x000000019c95c000 	/System/Library/PrivateFrameworks/AssertionServices.framework/Versions/A/AssertionServices
0x00000001a8b3c000 	/System/Library/PrivateFrameworks/BackBoardServices.framework/Versions/A/BackBoardServices
0x000000019b23e000 	/System/Library/Frameworks/ImageIO.framework/Versions/A/ImageIO
0x0000000195467000 	/System/Library/PrivateFrameworks/SkyLight.framework/Versions/A/SkyLight
0x000000019ac0e000 	/System/Library/PrivateFrameworks/FontServices.framework/libFontParser.dylib
0x00000001a533b000 	/System/Library/Frameworks/Accelerate.framework/Versions/A/Accelerate
0x0000000195444000 	/System/Library/PrivateFrameworks/TCC.framework/Versions/A/TCC
0x00000001ac6d7000 	/System/Library/PrivateFrameworks/IOSurfaceAccelerator.framework/Versions/A/IOSurfaceAccelerator
0x000000019f6fe000 	/System/Library/PrivateFrameworks/WatchdogClient.framework/Versions/A/WatchdogClient
0x0000000191a2a000 	/System/Library/Frameworks/CoreDisplay.framework/Versions/A/CoreDisplay
0x000000019aab2000 	/System/Library/Frameworks/CoreMedia.framework/Versions/A/CoreMedia
0x000000019a80d000 	/System/Library/PrivateFrameworks/IOAccelerator.framework/Versions/A/IOAccelerator
0x000000019a817000 	/System/Library/Frameworks/Metal.framework/Versions/A/Metal
0x0000000198db8000 	/System/Library/Frameworks/CoreVideo.framework/Versions/A/CoreVideo
0x000000019d88e000 	/System/Library/Frameworks/MetalPerformanceShaders.framework/Versions/A/MetalPerformanceShaders
0x000000019f700000 	/System/Library/PrivateFrameworks/MultitouchSupport.framework/Versions/A/MultitouchSupport
0x0000000198561000 	/System/Library/Frameworks/QuartzCore.framework/Versions/A/QuartzCore
0x000000025cd0d000 	/System/Library/PrivateFrameworks/ProDisplayLibrary.framework/Versions/A/ProDisplayLibrary
0x000000019f746000 	/System/Library/Frameworks/VideoToolbox.framework/Versions/A/VideoToolbox
0x00000001c53ff000 	/usr/lib/swift/libswiftMetal.dylib
0x00000001d43d5000 	/usr/lib/swift/libswiftOSLog.dylib
0x00000001ca826000 	/usr/lib/swift/libswiftQuartzCore.dylib
0x00000001cee69000 	/usr/lib/swift/libswiftUniformTypeIdentifiers.dylib
0x00000001bc0fc000 	/usr/lib/swift/libswiftsimd.dylib
0x000000019c93f000 	/System/Library/PrivateFrameworks/MobileKeyBag.framework/Versions/A/MobileKeyBag
0x000000019ba34000 	/System/Library/PrivateFrameworks/AggregateDictionary.framework/Versions/A/AggregateDictionary
0x000000019ec46000 	/System/Library/PrivateFrameworks/APFS.framework/Versions/A/APFS
0x000000019ecc7000 	/usr/lib/libutil.dylib
0x0000000267bcc000 	/System/Library/PrivateFrameworks/SwiftASN1Internal.framework/Versions/A/SwiftASN1Internal
0x0000000198151000 	/System/Library/Frameworks/Accelerate.framework/Versions/A/Frameworks/vImage.framework/Versions/A/vImage
0x00000001a506a000 	/System/Library/Frameworks/Accelerate.framework/Versions/A/Frameworks/vecLib.framework/Versions/A/vecLib
0x000000019ecff000 	/System/Library/Frameworks/Accelerate.framework/Versions/A/Frameworks/vecLib.framework/Versions/A/libvMisc.dylib
0x000000018fe4c000 	/System/Library/Frameworks/Accelerate.framework/Versions/A/Frameworks/vecLib.framework/Versions/A/libBLAS.dylib
0x00000001a924e000 	/System/Library/Frameworks/ApplicationServices.framework/Versions/A/ApplicationServices
0x00000001960bd000 	/System/Library/Frameworks/ColorSync.framework/Versions/A/ColorSync
0x0000000191f03000 	/System/Library/Frameworks/CoreText.framework/Versions/A/CoreText
0x00000001a1460000 	/System/Library/Frameworks/ApplicationServices.framework/Versions/A/Frameworks/ATS.framework/Versions/A/ATS
0x0000000196273000 	/System/Library/Frameworks/ApplicationServices.framework/Versions/A/Frameworks/HIServices.framework/Versions/A/HIServices
0x000000019fd1c000 	/System/Library/Frameworks/ApplicationServices.framework/Versions/A/Frameworks/PrintCore.framework/Versions/A/PrintCore
0x00000001a1853000 	/System/Library/Frameworks/ApplicationServices.framework/Versions/A/Frameworks/QD.framework/Versions/A/QD
0x00000001a184a000 	/System/Library/Frameworks/ApplicationServices.framework/Versions/A/Frameworks/ColorSyncLegacy.framework/Versions/A/ColorSyncLegacy
0x00000001a1432000 	/System/Library/Frameworks/ApplicationServices.framework/Versions/A/Frameworks/SpeechSynthesis.framework/Versions/A/SpeechSynthesis
0x000000019c700000 	/System/Library/PrivateFrameworks/CoreEmoji.framework/Versions/A/CoreEmoji
0x0000000243dbe000 	/System/Library/PrivateFrameworks/FontServices.framework/Versions/A/FontServices
0x000000019f24c000 	/System/Library/PrivateFrameworks/OTSVG.framework/Versions/A/OTSVG
0x0000000198935000 	/System/Library/Frameworks/ApplicationServices.framework/Versions/A/Frameworks/ATS.framework/Versions/A/Resources/libFontRegistry.dylib
0x00000002774a1000 	/usr/lib/libhvf.dylib
0x0000000258c1b000 	/System/Library/PrivateFrameworks/ParsingInternal.framework/Versions/A/ParsingInternal
0x00000002780e7000 	/usr/lib/swift/libswiftRegexBuilder.dylib
0x000000027826f000 	/usr/lib/swift/libswift_RegexParser.dylib
0x000000019f5c7000 	/System/Library/PrivateFrameworks/AppleJPEG.framework/Versions/A/AppleJPEG
0x000000019f068000 	/usr/lib/libexpat.1.dylib
0x000000019fbf2000 	/System/Library/Frameworks/ImageIO.framework/Versions/A/Resources/libPng.dylib
0x000000019fc1d000 	/System/Library/Frameworks/ImageIO.framework/Versions/A/Resources/libTIFF.dylib
0x000000019fd07000 	/System/Library/Frameworks/ImageIO.framework/Versions/A/Resources/libGIF.dylib
0x000000019f60d000 	/System/Library/Frameworks/ImageIO.framework/Versions/A/Resources/libJP2.dylib
0x000000019ed79000 	/usr/lib/libate.dylib
0x000000019fcae000 	/System/Library/Frameworks/ImageIO.framework/Versions/A/Resources/libJPEG.dylib
0x000000019fca5000 	/System/Library/Frameworks/ImageIO.framework/Versions/A/Resources/libRadiance.dylib
0x0000000248a8c000 	/System/Library/PrivateFrameworks/GPUCompiler.framework/Versions/32023/Libraries/libllvm-flatbuffers.dylib
0x0000000243e89000 	/System/Library/PrivateFrameworks/FramePacing.framework/Versions/A/FramePacing
0x00000001efd47000 	/System/Library/Frameworks/OpenGL.framework/Versions/A/Libraries/libCoreFSCache.dylib
0x00000002449fe000 	/System/Library/PrivateFrameworks/GPUCompiler.framework/Versions/32023/Libraries/libGPUCompilerUtils.dylib
0x0000000243dbf000 	/System/Library/PrivateFrameworks/FontServices.framework/libXTFontStaticRegistryData.dylib
0x000000019b5bd000 	/System/Library/Frameworks/CoreImage.framework/Versions/A/CoreImage
0x00000001aa93d000 	/System/Library/PrivateFrameworks/ASEProcessing.framework/Versions/A/ASEProcessing
0x000000025be7c000 	/System/Library/PrivateFrameworks/PhotosensitivityProcessing.framework/Versions/A/PhotosensitivityProcessing
0x00000001efd55000 	/System/Library/Frameworks/OpenGL.framework/Versions/A/OpenGL
0x000000019f240000 	/System/Library/PrivateFrameworks/GraphVisualizer.framework/Versions/A/GraphVisualizer
0x00000001efda5000 	/System/Library/Frameworks/OpenGL.framework/Versions/A/Libraries/libGLU.dylib
0x00000001efd69000 	/System/Library/Frameworks/OpenGL.framework/Versions/A/Libraries/libGFXShared.dylib
0x00000001eff31000 	/System/Library/Frameworks/OpenGL.framework/Versions/A/Libraries/libGL.dylib
0x00000001efd72000 	/System/Library/Frameworks/OpenGL.framework/Versions/A/Libraries/libGLImage.dylib
0x00000001efd66000 	/System/Library/Frameworks/OpenGL.framework/Versions/A/Libraries/libCVMSPluginSupport.dylib
0x00000001efd4f000 	/System/Library/Frameworks/OpenGL.framework/Versions/A/Libraries/libCoreVMClient.dylib
0x000000019b978000 	/System/Library/Frameworks/MetalPerformanceShaders.framework/Versions/A/Frameworks/MPSCore.framework/Versions/A/MPSCore
0x000000019d096000 	/System/Library/Frameworks/MetalPerformanceShaders.framework/Versions/A/Frameworks/MPSImage.framework/Versions/A/MPSImage
0x000000019cae5000 	/System/Library/Frameworks/MetalPerformanceShaders.framework/Versions/A/Frameworks/MPSNeuralNetwork.framework/Versions/A/MPSNeuralNetwork
0x000000019cf1c000 	/System/Library/Frameworks/MetalPerformanceShaders.framework/Versions/A/Frameworks/MPSMatrix.framework/Versions/A/MPSMatrix
0x000000019cd31000 	/System/Library/Frameworks/MetalPerformanceShaders.framework/Versions/A/Frameworks/MPSRayIntersector.framework/Versions/A/MPSRayIntersector
0x000000019cf4e000 	/System/Library/Frameworks/MetalPerformanceShaders.framework/Versions/A/Frameworks/MPSNDArray.framework/Versions/A/MPSNDArray
0x00000001f363c000 	/System/Library/Frameworks/MetalPerformanceShaders.framework/Versions/A/Frameworks/MPSFunctions.framework/Versions/A/MPSFunctions
0x00000001f361e000 	/System/Library/Frameworks/MetalPerformanceShaders.framework/Versions/A/Frameworks/MPSBenchmarkLoop.framework/Versions/A/MPSBenchmarkLoop
0x000000018fcc7000 	/System/Library/PrivateFrameworks/MetalTools.framework/Versions/A/MetalTools
0x00000001bd4a2000 	/System/Library/PrivateFrameworks/IOAccelMemoryInfo.framework/Versions/A/IOAccelMemoryInfo
0x00000001cac1b000 	/System/Library/PrivateFrameworks/kperf.framework/Versions/A/kperf
0x00000001b8829000 	/System/Library/PrivateFrameworks/GPURawCounter.framework/Versions/A/GPURawCounter
0x000000019fcd9000 	/System/Library/Frameworks/ApplicationServices.framework/Versions/A/Frameworks/ATSUI.framework/Versions/A/ATSUI
0x00000001a17de000 	/usr/lib/libcups.2.dylib
0x00000001a1878000 	/System/Library/Frameworks/Kerberos.framework/Versions/A/Kerberos
0x00000001a14de000 	/usr/lib/libresolv.9.dylib
0x000000019d6a5000 	/usr/lib/libiconv.2.dylib
0x000000019f29e000 	/System/Library/PrivateFrameworks/Heimdal.framework/Versions/A/Heimdal
0x00000001a974b000 	/System/Library/Frameworks/Kerberos.framework/Versions/A/Libraries/libHeimdalProxy.dylib
0x000000019f083000 	/usr/lib/libheimdal-asn1.dylib
0x0000000198c1b000 	/System/Library/Frameworks/OpenDirectory.framework/Versions/A/OpenDirectory
0x00000001a18db000 	/System/Library/PrivateFrameworks/CommonAuth.framework/Versions/A/CommonAuth
0x0000000198c29000 	/System/Library/Frameworks/OpenDirectory.framework/Versions/A/Frameworks/CFOpenDirectory.framework/Versions/A/CFOpenDirectory
0x000000019d600000 	/usr/lib/libcharset.1.dylib
0x00000001f02cd000 	/System/Library/Frameworks/AVFAudio.framework/Versions/A/AVFAudio
0x00000001b1f11000 	/System/Library/PrivateFrameworks/AXCoreUtilities.framework/Versions/A/AXCoreUtilities
0x00000001a1211000 	/System/Library/Frameworks/AudioToolbox.framework/Versions/A/AudioToolbox
0x0000000192122000 	/System/Library/Frameworks/CoreAudio.framework/Versions/A/CoreAudio
0x0000000250614000 	/System/Library/PrivateFrameworks/IsolatedCoreAudioClient.framework/Versions/A/IsolatedCoreAudioClient
0x00000001a1419000 	/usr/lib/libAudioStatistics.dylib
0x000000019aa8a000 	/System/Library/PrivateFrameworks/caulk.framework/Versions/A/caulk
0x0000000191b4b000 	/System/Library/PrivateFrameworks/AudioToolboxCore.framework/Versions/A/AudioToolboxCore
0x00000001aba63000 	/System/Library/Frameworks/CoreMIDI.framework/Versions/A/CoreMIDI
0x00000001a13bc000 	/System/Library/PrivateFrameworks/AudioSession.framework/Versions/A/AudioSession
0x00000001a2cf3000 	/System/Library/Frameworks/IOBluetooth.framework/Versions/A/IOBluetooth
0x000000019f16d000 	/System/Library/PrivateFrameworks/MediaExperience.framework/Versions/A/MediaExperience
0x000000026a687000 	/System/Library/PrivateFrameworks/Tightbeam.framework/Versions/A/Tightbeam
0x000000023e480000 	/System/Library/PrivateFrameworks/CoreAudioOrchestration.framework/Versions/A/CoreAudioOrchestration
0x00000001cf53b000 	/System/Library/PrivateFrameworks/AFKUser.framework/Versions/A/AFKUser
0x00000001e3564000 	/System/Library/PrivateFrameworks/FeatureFlags.framework/Versions/A/FeatureFlags
0x00000001b882d000 	/usr/lib/swift/libswiftCoreAudio.dylib
0x000000019f28d000 	/System/Library/PrivateFrameworks/AppServerSupport.framework/Versions/A/AppServerSupport
0x00000001a185c000 	/System/Library/PrivateFrameworks/perfdata.framework/Versions/A/perfdata
0x00000001b79e6000 	/System/Library/PrivateFrameworks/SystemPolicy.framework/Versions/A/SystemPolicy
0x00000001a16fd000 	/usr/lib/libSMC.dylib
0x000000019fbbc000 	/usr/lib/libAudioToolboxUtility.dylib
0x00000001a186a000 	/usr/lib/libperfcheck.dylib
0x000000023a316000 	/System/Library/PrivateFrameworks/AudioAnalytics.framework/Versions/A/AudioAnalytics
0x00000001dc006000 	/System/Library/Frameworks/OSLog.framework/Versions/A/OSLog
0x00000001b87f4000 	/usr/lib/libmis.dylib
0x00000001a11ca000 	/System/Library/PrivateFrameworks/AudioSession.framework/libSessionUtility.dylib
0x000000019fd0d000 	/System/Library/PrivateFrameworks/CMCaptureCore.framework/Versions/A/CMCaptureCore
0x000000019f297000 	/usr/lib/libspindump.dylib
0x00000001f196e000 	/System/Library/Frameworks/ExtensionFoundation.framework/Versions/A/ExtensionFoundation
0x00000001a742a000 	/System/Library/PrivateFrameworks/CoreTime.framework/Versions/A/CoreTime
0x000000019ef67000 	/System/Library/PrivateFrameworks/PlugInKit.framework/Versions/A/PlugInKit
0x00000001a5f51000 	/System/Library/Frameworks/CoreBluetooth.framework/Versions/A/CoreBluetooth
0x00000001a974c000 	/System/Library/Frameworks/AudioUnit.framework/Versions/A/AudioUnit
0x000000019c7c4000 	/System/Library/PrivateFrameworks/CoreUtils.framework/Versions/A/CoreUtils
0x0000000241424000 	/System/Library/PrivateFrameworks/CoreUtilsExtras.framework/Versions/A/CoreUtilsExtras
0x00000001a538b000 	/System/Library/Frameworks/MediaAccessibility.framework/Versions/A/MediaAccessibility
0x00000001c0e3e000 	/System/Library/PrivateFrameworks/AttributeGraph.framework/Versions/A/AttributeGraph
0x0000000276d5e000 	/usr/lib/libAXSafeCategoryBundle.dylib
0x00000001b1fcd000 	/usr/lib/libAccessibility.dylib
0x000000019c60e000 	/System/Library/Frameworks/Accelerate.framework/Versions/A/Frameworks/vecLib.framework/Versions/A/libvDSP.dylib
0x000000019d96c000 	/System/Library/Frameworks/Accelerate.framework/Versions/A/Frameworks/vecLib.framework/Versions/A/libLAPACK.dylib
0x000000019cad0000 	/System/Library/Frameworks/Accelerate.framework/Versions/A/Frameworks/vecLib.framework/Versions/A/libLinearAlgebra.dylib
0x000000019d867000 	/System/Library/Frameworks/Accelerate.framework/Versions/A/Frameworks/vecLib.framework/Versions/A/libSparseBLAS.dylib
0x000000019d967000 	/System/Library/Frameworks/Accelerate.framework/Versions/A/Frameworks/vecLib.framework/Versions/A/libQuadrature.dylib
0x000000019bb61000 	/System/Library/Frameworks/Accelerate.framework/Versions/A/Frameworks/vecLib.framework/Versions/A/libBNNS.dylib
0x00000001905ed000 	/System/Library/Frameworks/Accelerate.framework/Versions/A/Frameworks/vecLib.framework/Versions/A/libSparse.dylib
0x0000000251d85000 	/System/Library/PrivateFrameworks/MIL.framework/Versions/A/MIL
0x000000019fca0000 	/System/Library/PrivateFrameworks/GPUWrangler.framework/Versions/A/GPUWrangler
0x000000019fc80000 	/System/Library/PrivateFrameworks/IOPresentment.framework/Versions/A/IOPresentment
0x000000019fca8000 	/System/Library/PrivateFrameworks/DSExternalDisplay.framework/Versions/A/DSExternalDisplay
0x00000001dc40d000 	/System/Library/PrivateFrameworks/HIDDisplay.framework/Versions/A/HIDDisplay
0x00000001b11ec000 	/System/Library/PrivateFrameworks/HID.framework/Versions/A/HID
0x000000026dec3000 	/System/Library/PrivateFrameworks/VideoToolboxParavirtualizationSupport.framework/Versions/A/VideoToolboxParavirtualizationSupport
0x000000019f01f000 	/System/Library/PrivateFrameworks/AppleVA.framework/Versions/A/AppleVA
0x00000001a6f99000 	/System/Library/PrivateFrameworks/GraphicsServices.framework/Versions/A/GraphicsServices
0x00000001966ec000 	/System/Library/Frameworks/CoreData.framework/Versions/A/CoreData
0x00000001a1a4e000 	/System/Library/PrivateFrameworks/CorePhoneNumbers.framework/Versions/A/CorePhoneNumbers
0x00000001a6139000 	/System/Library/PrivateFrameworks/MediaKit.framework/Versions/A/MediaKit
0x00000001a6084000 	/System/Library/Frameworks/DiscRecording.framework/Versions/A/DiscRecording
0x00000001f129a000 	/System/Library/Frameworks/CoreTransferable.framework/Versions/A/CoreTransferable
0x00000001a183d000 	/System/Library/PrivateFrameworks/NetAuth.framework/Versions/A/NetAuth
0x000000019f0da000 	/System/Library/PrivateFrameworks/IconServices.framework/Versions/A/IconServices
0x0000000198e19000 	/System/Library/PrivateFrameworks/login.framework/Versions/A/Frameworks/loginsupport.framework/Versions/A/loginsupport
0x00000001b88a8000 	/usr/lib/swift/libswiftCoreImage.dylib
0x000000019f08d000 	/System/Library/PrivateFrameworks/IconFoundation.framework/Versions/A/IconFoundation
0x0000000198987000 	/System/Library/PrivateFrameworks/CoreUI.framework/Versions/A/CoreUI
0x000000019fd93000 	/System/Library/PrivateFrameworks/TextureIO.framework/Versions/A/TextureIO
0x000000019b203000 	/System/Library/PrivateFrameworks/CoreSVG.framework/Versions/A/CoreSVG
0x00000001cee78000 	/usr/lib/swift/libswiftAccelerate.dylib
0x000000019ee0a000 	/usr/lib/libIOReport.dylib
0x0000000239f26000 	/System/Library/PrivateFrameworks/AppleMobileFileIntegrity.framework/Versions/A/AppleMobileFileIntegrity
0x0000000277120000 	/usr/lib/libTLE.dylib
0x00000001ecda3000 	/System/Library/PrivateFrameworks/ConfigProfileHelper.framework/Versions/A/ConfigProfileHelper
0x000000019ca6d000 	/usr/lib/libmecab.dylib
0x000000019077d000 	/usr/lib/libCRFSuite.dylib
0x000000019ba3d000 	/System/Library/PrivateFrameworks/CoreNLP.framework/Versions/A/CoreNLP
0x000000019d820000 	/usr/lib/libThaiTokenizer.dylib
0x00000001a013b000 	/System/Library/PrivateFrameworks/DataDetectorsCore.framework/Versions/A/DataDetectorsCore
0x00000001bc1a5000 	/System/Library/PrivateFrameworks/TextInput.framework/Versions/A/TextInput
0x000000019488f000 	/System/Library/PrivateFrameworks/UIFoundation.framework/Versions/A/UIFoundation
0x000000019ca37000 	/usr/lib/libCheckFix.dylib
0x000000019805c000 	/System/Library/PrivateFrameworks/MetadataUtilities.framework/Versions/A/MetadataUtilities
0x000000024d5c7000 	/System/Library/PrivateFrameworks/InstalledContentLibrary.framework/Versions/A/InstalledContentLibrary
0x000000019326c000 	/System/Library/PrivateFrameworks/CoreServicesStore.framework/Versions/A/CoreServicesStore
0x0000000198c80000 	/usr/lib/libapp_launch_measurement.dylib
0x00000001cad25000 	/System/Library/PrivateFrameworks/MobileSystemServices.framework/Versions/A/MobileSystemServices
0x000000019eccb000 	/usr/lib/libxslt.1.dylib
0x000000019c9fa000 	/System/Library/PrivateFrameworks/BackgroundTaskManagement.framework/Versions/A/BackgroundTaskManagement
0x00000001a8ebf000 	/usr/lib/libcurl.4.dylib
0x0000000277354000 	/usr/lib/libcrypto.46.dylib
0x0000000277e7c000 	/usr/lib/libssl.48.dylib
0x00000001a8b98000 	/System/Library/Frameworks/LDAP.framework/Versions/A/LDAP
0x00000001a8bd4000 	/System/Library/PrivateFrameworks/TrustEvaluationAgent.framework/Versions/A/TrustEvaluationAgent
0x00000001a14fb000 	/usr/lib/libsasl2.2.dylib
0x00000001abc36000 	/System/Library/Frameworks/Cocoa.framework/Versions/A/Cocoa
0x00000001933fd000 	/System/Library/Frameworks/AppKit.framework/Versions/C/AppKit
0x000000023d99f000 	/System/Library/PrivateFrameworks/CollectionViewCore.framework/Versions/A/CollectionViewCore
0x00000001a4c5c000 	/System/Library/PrivateFrameworks/RemoteViewServices.framework/Versions/A/RemoteViewServices
0x000000019b1fd000 	/System/Library/PrivateFrameworks/XCTTargetBootstrap.framework/Versions/A/XCTTargetBootstrap
0x00000001a018a000 	/System/Library/PrivateFrameworks/UserActivity.framework/Versions/A/UserActivity
0x000000026c40f000 	/System/Library/PrivateFrameworks/UIIntelligenceSupport.framework/Versions/A/UIIntelligenceSupport
0x00000001f6385000 	/System/Library/Frameworks/SwiftUICore.framework/Versions/A/SwiftUICore
0x0000000271488000 	/System/Library/PrivateFrameworks/WritingTools.framework/Versions/A/WritingTools
0x00000002704d0000 	/System/Library/PrivateFrameworks/WindowManagement.framework/Versions/A/WindowManagement
0x000000019b1e8000 	/System/Library/PrivateFrameworks/DFRFoundation.framework/Versions/A/DFRFoundation
0x000000019aee1000 	/System/Library/Frameworks/Carbon.framework/Versions/A/Frameworks/HIToolbox.framework/Versions/A/HIToolbox
0x00000001a4c98000 	/System/Library/Frameworks/Carbon.framework/Versions/A/Frameworks/SpeechRecognition.framework/Versions/A/SpeechRecognition
0x00000001b054b000 	/System/Library/PrivateFrameworks/RenderBox.framework/Versions/A/RenderBox
0x0000000198c11000 	/System/Library/PrivateFrameworks/PerformanceAnalysis.framework/Versions/A/PerformanceAnalysis
0x00000001a5010000 	/System/Library/Frameworks/Accessibility.framework/Versions/A/Accessibility
0x00000001f181e000 	/System/Library/Frameworks/DataDetection.framework/Versions/A/DataDetection
0x00000001f1821000 	/System/Library/Frameworks/DeveloperToolsSupport.framework/Versions/A/DeveloperToolsSupport
0x00000001f6f48000 	/System/Library/Frameworks/Symbols.framework/Versions/A/Symbols
0x000000027809d000 	/usr/lib/swift/libswiftDataDetection.dylib
0x00000001b5c61000 	/usr/lib/swift/libswiftCoreGraphics.dylib
0x00000001a59b9000 	/usr/lib/swift/libswiftFoundation.dylib
0x00000001ec82d000 	/usr/lib/swift/libswiftSwiftOnoneSupport.dylib
0x00000001d86bf000 	/System/Library/PrivateFrameworks/CoreMaterial.framework/Versions/A/CoreMaterial
0x000000025e785000 	/System/Library/PrivateFrameworks/SFSymbols.framework/Versions/A/SFSymbols
0x00000001a4c85000 	/System/Library/PrivateFrameworks/SpeechRecognitionCore.framework/Versions/A/SpeechRecognitionCore
0x0000000109dbc000 	/opt/homebrew/Cellar/openjdk@17/17.0.15/libexec/openjdk.jdk/Contents/Home/lib/server/libjvm.dylib
0x0000000104ab8000 	/opt/homebrew/Cellar/openjdk@17/17.0.15/libexec/openjdk.jdk/Contents/Home/lib/libjimage.dylib
0x0000000104b54000 	/opt/homebrew/Cellar/openjdk@17/17.0.15/libexec/openjdk.jdk/Contents/Home/lib/libjava.dylib
0x0000000104de8000 	/opt/homebrew/Cellar/openjdk@17/17.0.15/libexec/openjdk.jdk/Contents/Home/lib/libnio.dylib
0x0000000104ea8000 	/opt/homebrew/Cellar/openjdk@17/17.0.15/libexec/openjdk.jdk/Contents/Home/lib/libnet.dylib
0x0000000104e08000 	/opt/homebrew/Cellar/openjdk@17/17.0.15/libexec/openjdk.jdk/Contents/Home/lib/libzip.dylib
0x0000000104f18000 	/private/var/folders/v4/f9gfs351623g0dt_748d5v0c0000gn/T/lwjgl_justinbadilla/3.3.3+5/arm64/liblwjgl.dylib
0x0000000109c00000 	/private/var/folders/v4/f9gfs351623g0dt_748d5v0c0000gn/T/lwjgl_justinbadilla/3.3.3+5/arm64/libjemalloc.dylib
0x0000000104f64000 	/private/var/folders/v4/f9gfs351623g0dt_748d5v0c0000gn/T/libgdxjustinbadilla/21dede5c/libgdxarm64.dylib
0x0000000104f9c000 	/private/var/folders/v4/f9gfs351623g0dt_748d5v0c0000gn/T/lwjgl_justinbadilla/3.3.3+5/arm64/libglfw.dylib
0x0000000198ae0000 	/System/Library/PrivateFrameworks/ViewBridge.framework/Versions/A/ViewBridge
0x0000000276d62000 	/usr/lib/libAccessibilityBaseImplementations.dylib
0x0000000127ea8000 	/usr/lib/libobjc-trampolines.dylib
0x000000027148d000 	/System/Library/PrivateFrameworks/WritingToolsUI.framework/Versions/A/WritingToolsUI
0x0000000249be1000 	/System/Library/PrivateFrameworks/GenerativeAssistantSettings.framework/Versions/A/GenerativeAssistantSettings
0x00000002688d2000 	/System/Library/PrivateFrameworks/TextComposer.framework/Versions/A/TextComposer
0x00000001b8855000 	/usr/lib/swift/libswiftIntents.dylib
0x00000002780f9000 	/usr/lib/swift/libswiftSpatial.dylib
0x00000001f0426000 	/System/Library/Frameworks/AppIntents.framework/Versions/A/AppIntents
0x00000001bf717000 	/System/Library/Frameworks/SwiftUI.framework/Versions/A/SwiftUI
0x00000001b5d3d000 	/System/Library/Frameworks/WebKit.framework/Versions/A/WebKit
0x0000000235208000 	/System/Library/Frameworks/_AuthenticationServices_SwiftUI.framework/Versions/A/_AuthenticationServices_SwiftUI
0x0000000237de6000 	/System/Library/PrivateFrameworks/Anvil.framework/Versions/A/Anvil
0x00000001bed8c000 	/System/Library/PrivateFrameworks/AppStoreDaemon.framework/Versions/A/AppStoreDaemon
0x00000001abc7e000 	/System/Library/PrivateFrameworks/AppleMediaServices.framework/Versions/A/AppleMediaServices
0x00000001bb814000 	/System/Library/PrivateFrameworks/AppleMediaServicesUI.framework/Versions/A/AppleMediaServicesUI
0x0000000249bbb000 	/System/Library/PrivateFrameworks/GenerativeAssistantCommon.framework/Versions/A/GenerativeAssistantCommon
0x00000001ebe48000 	/System/Library/PrivateFrameworks/JetEngine.framework/Versions/A/JetEngine
0x00000002516eb000 	/System/Library/PrivateFrameworks/LinkMetadata.framework/Versions/A/LinkMetadata
0x00000001b90d7000 	/System/Library/PrivateFrameworks/OnBoardingKit.framework/Versions/A/OnBoardingKit
0x000000025f5e9000 	/System/Library/PrivateFrameworks/Settings.framework/Versions/A/Settings
0x000000019d470000 	/System/Library/Frameworks/CoreSpotlight.framework/Versions/A/CoreSpotlight
0x000000025192c000 	/System/Library/PrivateFrameworks/LinkServices.framework/Versions/A/LinkServices
0x00000002420ab000 	/System/Library/PrivateFrameworks/DoNotDisturb.framework/Versions/A/DoNotDisturb
0x00000001bd5b2000 	/System/Library/PrivateFrameworks/IntentsCore.framework/Versions/A/IntentsCore
0x000000023a703000 	/System/Library/PrivateFrameworks/AvailabilityKit.framework/Versions/A/AvailabilityKit
0x0000000238034000 	/System/Library/PrivateFrameworks/AppIntentSchemas.framework/Versions/A/AppIntentSchemas
0x00000002673ef000 	/System/Library/PrivateFrameworks/StatusKit.framework/Versions/A/StatusKit
0x000000025d937000 	/System/Library/PrivateFrameworks/RecapPerformanceTesting.framework/Versions/A/RecapPerformanceTesting
0x00000001b90c7000 	/System/Library/PrivateFrameworks/SignpostCollection.framework/Versions/A/SignpostCollection
0x000000027711f000 	/usr/lib/libSpatial.dylib
0x00000001ab674000 	/System/Library/Frameworks/WebKit.framework/Versions/A/Frameworks/WebKitLegacy.framework/Versions/A/WebKitLegacy
0x00000001b7409000 	/System/Library/Frameworks/Carbon.framework/Versions/A/Carbon
0x00000001a95ac000 	/System/Library/PrivateFrameworks/CorePrediction.framework/Versions/A/CorePrediction
0x0000000199ad2000 	/System/Library/Frameworks/WebKit.framework/Versions/A/Frameworks/WebCore.framework/Versions/A/Frameworks/libwebrtc.dylib
0x00000001b5cc9000 	/System/Library/PrivateFrameworks/SafariSafeBrowsing.framework/Versions/A/SafariSafeBrowsing
0x00000001a1584000 	/System/Library/Frameworks/SecurityInterface.framework/Versions/A/SecurityInterface
0x00000001b90d6000 	/System/Library/PrivateFrameworks/WebInspectorUI.framework/Versions/A/WebInspectorUI
0x00000001ae10d000 	/System/Library/Frameworks/JavaScriptCore.framework/Versions/A/JavaScriptCore
0x00000001b1ffe000 	/System/Library/Frameworks/WebKit.framework/Versions/A/Frameworks/WebCore.framework/Versions/A/WebCore
0x00000001ae106000 	/System/Library/Frameworks/Carbon.framework/Versions/A/Frameworks/CommonPanels.framework/Versions/A/CommonPanels
0x00000001a8eaa000 	/System/Library/Frameworks/Carbon.framework/Versions/A/Frameworks/Help.framework/Versions/A/Help
0x00000001ae10a000 	/System/Library/Frameworks/Carbon.framework/Versions/A/Frameworks/ImageCapture.framework/Versions/A/ImageCapture
0x00000001ae0e6000 	/System/Library/Frameworks/Carbon.framework/Versions/A/Frameworks/OpenScripting.framework/Versions/A/OpenScripting
0x00000001ae105000 	/System/Library/Frameworks/Carbon.framework/Versions/A/Frameworks/Ink.framework/Versions/A/Ink
0x00000001ae102000 	/System/Library/Frameworks/Carbon.framework/Versions/A/Frameworks/SecurityHI.framework/Versions/A/SecurityHI
0x00000001f0dff000 	/System/Library/Frameworks/BrowserEngineCore.framework/Versions/A/BrowserEngineCore
0x0000000234d69000 	/System/Library/Frameworks/WebKit.framework/Versions/A/Frameworks/WebCore.framework/Versions/A/Frameworks/libANGLE-shared.dylib
0x0000000270089000 	/System/Library/PrivateFrameworks/WebGPU.framework/Versions/A/WebGPU
0x00000001baea6000 	/System/Library/Frameworks/SceneKit.framework/Versions/A/SceneKit
0x00000001cb54b000 	/System/Library/Frameworks/ModelIO.framework/Versions/A/ModelIO
0x00000001a2ebe000 	/System/Library/Frameworks/MetalKit.framework/Versions/A/MetalKit
0x00000001a4f9c000 	/System/Library/Frameworks/GLKit.framework/Versions/A/GLKit
0x0000000278632000 	/usr/lib/usd/libusd_ms.dylib
0x000000026c6d9000 	/System/Library/PrivateFrameworks/USDLib_FormatLoaderProxy.framework/Versions/A/USDLib_FormatLoaderProxy
0x00000001b82df000 	/System/Library/PrivateFrameworks/CoreOptimization.framework/Versions/A/CoreOptimization
0x000000023a5d6000 	/System/Library/PrivateFrameworks/AuthenticationServicesCore.framework/Versions/A/AuthenticationServicesCore
0x00000001c202b000 	/System/Library/Frameworks/AuthenticationServices.framework/Versions/A/AuthenticationServices
0x000000019ef43000 	/System/Library/PrivateFrameworks/SharedWebCredentials.framework/Versions/A/SharedWebCredentials
0x00000001b9f12000 	/System/Library/PrivateFrameworks/SafariCore.framework/Versions/A/SafariCore
0x00000001c1b85000 	/System/Library/PrivateFrameworks/SafariFoundation.framework/Versions/A/SafariFoundation
0x000000023b755000 	/System/Library/PrivateFrameworks/CBORLibrary.framework/Versions/A/CBORLibrary
0x000000023c4fa000 	/System/Library/PrivateFrameworks/Chirp.framework/Versions/A/Chirp
0x00000001ed0d8000 	/System/Library/PrivateFrameworks/RemoteManagement.framework/Versions/A/RemoteManagement
0x000000025dc8a000 	/System/Library/PrivateFrameworks/RemoteManagementModel.framework/Versions/A/RemoteManagementModel
0x000000025dd17000 	/System/Library/PrivateFrameworks/RemoteManagementStore.framework/Versions/A/RemoteManagementStore
0x00000001a2edc000 	/usr/lib/libxcselect.dylib
0x00000001c1af4000 	/System/Library/PrivateFrameworks/DifferentialPrivacy.framework/Versions/A/DifferentialPrivacy
0x00000001a5c6a000 	/System/Library/Frameworks/Contacts.framework/Versions/A/Contacts
0x000000026cefc000 	/System/Library/PrivateFrameworks/VDAF.framework/Versions/A/VDAF
0x00000001a5a87000 	/System/Library/PrivateFrameworks/ContactsPersistence.framework/Versions/A/ContactsPersistence
0x00000001a4c9f000 	/System/Library/PrivateFrameworks/AppleLDAP.framework/Versions/A/AppleLDAP
0x00000001a9253000 	/System/Library/Frameworks/ClassKit.framework/Versions/A/ClassKit
0x00000001ab3a0000 	/System/Library/PrivateFrameworks/CoreSuggestions.framework/Versions/A/CoreSuggestions
0x00000001a59ba000 	/System/Library/PrivateFrameworks/ContactsFoundation.framework/Versions/A/ContactsFoundation
0x00000001a6f5b000 	/System/Library/PrivateFrameworks/vCard.framework/Versions/A/vCard
0x000000023dcbd000 	/System/Library/PrivateFrameworks/ContactsMetrics.framework/Versions/A/ContactsMetrics
0x000000019f35f000 	/System/Library/PrivateFrameworks/login.framework/Versions/A/login
0x0000000253a6f000 	/System/Library/PrivateFrameworks/ManagedOrganizationContacts.framework/Versions/A/ManagedOrganizationContacts
0x000000019923e000 	/System/Library/PrivateFrameworks/CloudDocs.framework/Versions/A/CloudDocs
0x00000001aa98f000 	/System/Library/PrivateFrameworks/ConfigurationProfiles.framework/Versions/A/ConfigurationProfiles
0x0000000241634000 	/System/Library/PrivateFrameworks/DMCUtilities.framework/Versions/A/DMCUtilities
0x0000000251d02000 	/System/Library/PrivateFrameworks/MDMClientLibrary.framework/Versions/A/MDMClientLibrary
0x000000025dd0b000 	/System/Library/PrivateFrameworks/RemoteManagementProtocol.framework/Versions/A/RemoteManagementProtocol
0x0000000276f2b000 	/usr/lib/libEndpointSecuritySystem.dylib
0x00000001a53c5000 	/System/Library/PrivateFrameworks/SystemAdministration.framework/Versions/A/SystemAdministration
0x00000001afb44000 	/System/Library/PrivateFrameworks/PowerlogControl.framework/Versions/A/PowerlogControl
0x000000019ca29000 	/System/Library/Frameworks/ServiceManagement.framework/Versions/A/ServiceManagement
0x00000001afb46000 	/usr/lib/libUniversalAccess.dylib
0x00000001ac6e2000 	/System/Library/PrivateFrameworks/FamilyControls.framework/Versions/A/FamilyControls
0x00000001a4c50000 	/System/Library/Frameworks/DirectoryService.framework/Versions/A/DirectoryService
0x00000001a8f41000 	/System/Library/PrivateFrameworks/LoginUIKit.framework/Versions/A/Frameworks/LoginUICore.framework/Versions/A/LoginUICore
0x000000019f54f000 	/usr/lib/libodfde.dylib
0x00000001ac6dc000 	/System/Library/PrivateFrameworks/UniversalAccess.framework/Versions/A/Libraries/libUAPreferences.dylib
0x00000001ac706000 	/System/Library/PrivateFrameworks/CommerceKit.framework/Versions/A/Frameworks/CommerceCore.framework/Versions/A/CommerceCore
0x00000002415e2000 	/System/Library/PrivateFrameworks/DEPClientLibrary.framework/Versions/A/DEPClientLibrary
0x0000000241602000 	/System/Library/PrivateFrameworks/DMCEnrollmentLibrary.framework/Versions/A/DMCEnrollmentLibrary
0x00000001afc2a000 	/System/Library/PrivateFrameworks/SetupAssistantFramework.framework/Versions/A/SetupAssistantFramework
0x00000001a9606000 	/System/Library/PrivateFrameworks/AuthKitUI.framework/Versions/A/AuthKitUI
0x00000001a8f8b000 	/System/Library/PrivateFrameworks/AppSSO.framework/Versions/A/AppSSO
0x00000001beaf2000 	/System/Library/PrivateFrameworks/LocalAuthenticationUI.framework/Versions/A/LocalAuthenticationUI
0x000000025bee1000 	/System/Library/PrivateFrameworks/PlatformSSO.framework/Versions/A/PlatformSSO
0x00000001bf4df000 	/System/Library/PrivateFrameworks/AOSUI.framework/Versions/A/AOSUI
0x00000001b16bb000 	/System/Library/Frameworks/ContactsUI.framework/Versions/A/ContactsUI
0x00000001a5ea1000 	/System/Library/PrivateFrameworks/FamilyCircle.framework/Versions/A/FamilyCircle
0x00000001ccbf7000 	/System/Library/Frameworks/LinkPresentation.framework/Versions/A/LinkPresentation
0x000000025bfad000 	/System/Library/PrivateFrameworks/PlatformSSOCore.framework/Versions/A/PlatformSSOCore
0x00000001b13cd000 	/System/Library/PrivateFrameworks/IASUtilities.framework/Versions/A/IASUtilities
0x000000024cc15000 	/System/Library/PrivateFrameworks/IASUtilitiesCore.framework/Versions/A/IASUtilitiesCore
0x0000000251beb000 	/System/Library/PrivateFrameworks/LocalAuthenticationCoreUI.framework/Versions/A/LocalAuthenticationCoreUI
0x00000001b8574000 	/System/Library/Frameworks/LocalAuthentication.framework/Support/DaemonUtils.framework/Versions/A/DaemonUtils
0x00000001bb7db000 	/System/Library/PrivateFrameworks/BridgeXPC.framework/Versions/A/BridgeXPC
0x000000019f383000 	/System/Library/PrivateFrameworks/CoreBrightness.framework/Versions/A/CoreBrightness
0x00000001b91af000 	/System/Library/PrivateFrameworks/CoreKDL.framework/Versions/A/CoreKDL
0x00000001b79df000 	/System/Library/PrivateFrameworks/EmbeddedOSSupportHost.framework/Versions/A/EmbeddedOSSupportHost
0x00000002680fb000 	/System/Library/PrivateFrameworks/SystemStatus.framework/Versions/A/SystemStatus
0x00000001c6c47000 	/System/Library/PrivateFrameworks/StorageKit.framework/Versions/A/StorageKit
0x00000001ee752000 	/System/Library/Frameworks/DeviceCheck.framework/Versions/A/DeviceCheck
0x00000001f1a74000 	/System/Library/Frameworks/FSKit.framework/Versions/A/FSKit
0x0000000241dd1000 	/System/Library/PrivateFrameworks/DiskImages2.framework/Versions/A/DiskImages2
0x0000000251a7c000 	/System/Library/PrivateFrameworks/LiveFS.framework/Versions/A/LiveFS
0x00000002747cd000 	/System/Library/PrivateFrameworks/icloudMCCKit.framework/Versions/A/icloudMCCKit
0x0000000238d2d000 	/System/Library/PrivateFrameworks/AppleAccountUI.framework/Versions/A/AppleAccountUI
0x000000023d031000 	/System/Library/PrivateFrameworks/CloudSubscriptionFeatures.framework/Versions/A/CloudSubscriptionFeatures
0x00000001d868b000 	/System/Library/PrivateFrameworks/PreferencePanesSupport.framework/Versions/A/PreferencePanesSupport
0x00000001bf68f000 	/System/Library/PrivateFrameworks/FindMyDeviceUI.framework/Versions/A/FindMyDeviceUI
0x0000000272406000 	/System/Library/PrivateFrameworks/iCloudQuotaUI.framework/Versions/A/iCloudQuotaUI
0x00000001d883e000 	/System/Library/PrivateFrameworks/CoreCDPUI.framework/Versions/A/CoreCDPUI
0x00000001b9c79000 	/System/Library/PrivateFrameworks/CoreFollowUpUI.framework/Versions/A/CoreFollowUpUI
0x00000001a15bd000 	/System/Library/PrivateFrameworks/CoreFollowUp.framework/Versions/A/CoreFollowUp
0x00000001c59c6000 	/System/Library/PrivateFrameworks/IMCore.framework/Versions/A/IMCore
0x00000001afbac000 	/System/Library/PrivateFrameworks/CoreCDP.framework/Versions/A/CoreCDP
0x00000001abc70000 	/System/Library/PrivateFrameworks/AskPermission.framework/Versions/A/AskPermission
0x00000001bd52d000 	/System/Library/Frameworks/Quartz.framework/Versions/A/Quartz
0x00000001c9581000 	/System/Library/PrivateFrameworks/CloudPhotoServicesConfiguration.framework/Versions/A/CloudPhotoServicesConfiguration
0x00000001bbf46000 	/System/Library/PrivateFrameworks/CommerceKit.framework/Versions/A/CommerceKit
0x00000001caeb7000 	/System/Library/PrivateFrameworks/FindMyMac.framework/Versions/A/FindMyMac
0x00000001cad8e000 	/System/Library/Frameworks/PreferencePanes.framework/Versions/A/PreferencePanes
0x00000001bebea000 	/System/Library/Frameworks/AddressBook.framework/Versions/A/AddressBook
0x00000001aac58000 	/System/Library/PrivateFrameworks/AOSAccounts.framework/Versions/A/AOSAccounts
0x00000001a53bf000 	/System/Library/PrivateFrameworks/AppleSRP.framework/Versions/A/AppleSRP
0x00000001b848e000 	/System/Library/Frameworks/SafariServices.framework/Versions/A/SafariServices
0x00000001a9754000 	/System/Library/PrivateFrameworks/NetFSServer.framework/Versions/A/NetFSServer
0x00000001bad7f000 	/System/Library/Frameworks/PDFKit.framework/Versions/A/PDFKit
0x00000001cbdad000 	/System/Library/PrivateFrameworks/EmailFoundation.framework/Versions/A/EmailFoundation
0x00000001cadeb000 	/System/Library/PrivateFrameworks/EmailCore.framework/Versions/A/EmailCore
0x00000001cebd8000 	/System/Library/PrivateFrameworks/EmailAddressing.framework/Versions/A/EmailAddressing
0x00000001cebe4000 	/System/Library/PrivateFrameworks/Email.framework/Versions/A/Email
0x00000001f6f5f000 	/System/Library/Frameworks/TabularData.framework/Versions/A/TabularData
0x00000002780d9000 	/usr/lib/swift/libswiftPassKit.dylib
0x000000023a845000 	/System/Library/PrivateFrameworks/BackgroundSystemTasks.framework/Versions/A/BackgroundSystemTasks
0x0000000251c7a000 	/System/Library/PrivateFrameworks/LockdownMode.framework/Versions/A/LockdownMode
0x00000001a5e9b000 	/System/Library/PrivateFrameworks/CommunicationsFilter.framework/Versions/A/CommunicationsFilter
0x00000001dc349000 	/System/Library/Frameworks/PassKit.framework/Versions/A/PassKit
0x00000001ad204000 	/System/Library/PrivateFrameworks/PassKitCore.framework/Versions/A/PassKitCore
0x000000025949e000 	/System/Library/PrivateFrameworks/PassKitMacHelperTemp.framework/Versions/A/PassKitMacHelperTemp
0x0000000238071000 	/System/Library/PrivateFrameworks/AppIntentsServices.framework/Versions/A/AppIntentsServices
0x00000001aa852000 	/System/Library/PrivateFrameworks/CoreRecents.framework/Versions/A/CoreRecents
0x00000001b85c1000 	/System/Library/PrivateFrameworks/BiometricKit.framework/Versions/A/BiometricKit
0x000000025e6c6000 	/System/Library/PrivateFrameworks/SEService.framework/Versions/A/SEService
0x00000001ab46c000 	/System/Library/Frameworks/EventKit.framework/Versions/A/EventKit
0x00000001bd5d2000 	/System/Library/PrivateFrameworks/NearField.framework/Versions/A/NearField
0x00000001bf307000 	/System/Library/PrivateFrameworks/FTClientServices.framework/Versions/A/FTClientServices
0x00000001d80a9000 	/System/Library/PrivateFrameworks/DiagnosticRequest.framework/Versions/A/DiagnosticRequest
0x00000002770d9000 	/usr/lib/libSESShared.dylib
0x000000025e867000 	/System/Library/PrivateFrameworks/STSXPCHelperClient.framework/Versions/A/STSXPCHelperClient
0x0000000267ece000 	/System/Library/PrivateFrameworks/Symptoms.framework/Versions/A/Frameworks/SymptomPresentationFeed.framework/Versions/A/SymptomPresentationFeed
0x00000002395df000 	/System/Library/PrivateFrameworks/AppleMediaServicesKitInternal.framework/Versions/A/AppleMediaServicesKitInternal
0x0000000267c49000 	/System/Library/PrivateFrameworks/SymptomShared.framework/Versions/A/SymptomShared
0x000000023c08b000 	/System/Library/PrivateFrameworks/CalendarDatabase.framework/Versions/A/CalendarDatabase
0x000000023bfdf000 	/System/Library/PrivateFrameworks/CalendarDaemon.framework/Versions/A/CalendarDaemon
0x00000001aa8a7000 	/System/Library/PrivateFrameworks/CalendarFoundation.framework/Versions/A/CalendarFoundation
0x00000001aa863000 	/System/Library/PrivateFrameworks/iCalendar.framework/Versions/A/iCalendar
0x0000000241869000 	/System/Library/PrivateFrameworks/DataAccessExpress.framework/Versions/A/DataAccessExpress
0x00000001b125f000 	/System/Library/PrivateFrameworks/CoreDAV.framework/Versions/A/CoreDAV
0x00000001ab341000 	/System/Library/PrivateFrameworks/CalDAV.framework/Versions/A/CalDAV
0x00000001b5a26000 	/System/Library/PrivateFrameworks/TelephonyUtilities.framework/Versions/A/TelephonyUtilities
0x00000001b9d44000 	/System/Library/Frameworks/CallKit.framework/Versions/A/CallKit
0x00000001e1986000 	/System/Library/PrivateFrameworks/IMTransferServices.framework/Versions/A/IMTransferServices
0x00000001b82f9000 	/System/Library/PrivateFrameworks/IncomingCallFilter.framework/Versions/A/IncomingCallFilter
0x0000000256db7000 	/System/Library/PrivateFrameworks/NeighborhoodActivityConduit.framework/Versions/A/NeighborhoodActivityConduit
0x0000000276f01000 	/usr/lib/libBASupport.dylib
0x00000001c5771000 	/System/Library/PrivateFrameworks/SpotlightReceiver.framework/Versions/A/SpotlightReceiver
0x00000001befa8000 	/usr/lib/libnfshared.dylib
0x00000001deb6f000 	/System/Library/PrivateFrameworks/PassKitUIFoundation.framework/Versions/A/PassKitUIFoundation
0x00000001a4cb1000 	/System/Library/Frameworks/MapKit.framework/Versions/A/MapKit
0x00000001f1a38000 	/System/Library/Frameworks/ExtensionKit.framework/Versions/A/ExtensionKit
0x000000024a041000 	/System/Library/PrivateFrameworks/GeoAnalytics.framework/Versions/A/GeoAnalytics
0x00000001b9304000 	/System/Library/PrivateFrameworks/SearchFoundation.framework/Versions/A/SearchFoundation
0x00000001befde000 	/System/Library/PrivateFrameworks/Navigation.framework/Versions/A/Navigation
0x00000001c80a1000 	/System/Library/PrivateFrameworks/VectorKit.framework/Versions/A/VectorKit
0x00000001b1495000 	/System/Library/PrivateFrameworks/VirtualGarage.framework/Versions/A/VirtualGarage
0x00000001bf157000 	/System/Library/Frameworks/ExternalAccessory.framework/ExternalAccessory
0x00000001bf171000 	/System/Library/PrivateFrameworks/IAP.framework/Versions/A/IAP
0x00000001a4f64000 	/System/Library/PrivateFrameworks/IOPlatformPluginFamily.framework/Versions/A/IOPlatformPluginFamily
0x000000023a706000 	/System/Library/PrivateFrameworks/AvatarKit.framework/Versions/A/AvatarKit
0x000000023a7be000 	/System/Library/PrivateFrameworks/AvatarPersistence.framework/Versions/A/AvatarPersistence
0x000000025dd80000 	/System/Library/PrivateFrameworks/RemoteUI.framework/Versions/A/RemoteUI
0x00000001a5068000 	/usr/lib/libCTGreenTeaLogger.dylib
0x000000023470b000 	/System/Library/Frameworks/TipKit.framework/Versions/A/TipKit
0x00000001da303000 	/System/Library/PrivateFrameworks/AppleCVA.framework/Versions/A/AppleCVA
0x000000023a7bd000 	/System/Library/PrivateFrameworks/AvatarKitContent.framework/Versions/A/AvatarKitContent
0x00000001a5090000 	/System/Library/PrivateFrameworks/CoreAppleCVA.framework/Versions/A/CoreAppleCVA
0x0000000250aba000 	/System/Library/PrivateFrameworks/LiftUI.framework/Versions/A/LiftUI
0x000000023cfa0000 	/System/Library/PrivateFrameworks/CloudSettings.framework/Versions/A/CloudSettings
0x00000001b7f24000 	/System/Library/PrivateFrameworks/CoreRoutine.framework/Versions/A/CoreRoutine
0x00000001c679d000 	/System/Library/PrivateFrameworks/Categories.framework/Versions/A/Categories
0x000000023d42f000 	/System/Library/PrivateFrameworks/Coherence.framework/Versions/A/Coherence
0x00000001b5921000 	/System/Library/PrivateFrameworks/CoreParsec.framework/Versions/A/CoreParsec
0x0000000259b2c000 	/System/Library/PrivateFrameworks/PegasusAPI.framework/Versions/A/PegasusAPI
0x000000025a7f9000 	/System/Library/PrivateFrameworks/PegasusConfiguration.framework/Versions/A/PegasusConfiguration
0x0000000251c51000 	/System/Library/PrivateFrameworks/LocalStatusKit.framework/Versions/A/LocalStatusKit
0x00000001b9ef8000 	/System/Library/PrivateFrameworks/ContextKit.framework/Versions/A/ContextKit
0x000000023ddea000 	/System/Library/PrivateFrameworks/ContextKitCore.framework/Versions/A/ContextKitCore
0x00000001bf30b000 	/System/Library/PrivateFrameworks/CharacterPicker.framework/Versions/A/CharacterPicker
0x00000001b8400000 	/System/Library/PrivateFrameworks/ContactsDonation.framework/Versions/A/ContactsDonation
0x00000001b15b7000 	/System/Library/PrivateFrameworks/ContactsUICore.framework/Versions/A/ContactsUICore
0x00000001b7d07000 	/System/Library/PrivateFrameworks/DataDetectors.framework/Versions/A/DataDetectors
0x00000001ab32d000 	/System/Library/Frameworks/MediaLibrary.framework/Versions/A/MediaLibrary
0x00000001a5e8a000 	/System/Library/PrivateFrameworks/PersonaKit.framework/Versions/A/PersonaKit
0x00000001b15a5000 	/System/Library/PrivateFrameworks/PersonaUI.framework/Versions/A/PersonaUI
0x000000024d4d5000 	/System/Library/PrivateFrameworks/InputToolKitUI.framework/Versions/A/InputToolKitUI
0x000000024d4c0000 	/System/Library/PrivateFrameworks/InputToolKit.framework/Versions/A/InputToolKit
0x0000000267528000 	/System/Library/PrivateFrameworks/Stickers.framework/Versions/A/Stickers
0x000000024d42e000 	/System/Library/PrivateFrameworks/InputAnalytics.framework/Versions/A/InputAnalytics
0x00000001c0e81000 	/System/Library/PrivateFrameworks/EmojiFoundation.framework/Versions/A/EmojiFoundation
0x00000002433ca000 	/System/Library/PrivateFrameworks/FeedbackService.framework/Versions/A/FeedbackService
0x00000001a5b06000 	/System/Library/PrivateFrameworks/AddressBookCore.framework/Versions/A/AddressBookCore
0x00000001b9bf9000 	/System/Library/PrivateFrameworks/IntlPreferences.framework/Versions/A/IntlPreferences
0x00000001bed6d000 	/System/Library/PrivateFrameworks/ToneKit.framework/Versions/A/ToneKit
0x00000001b9c3f000 	/System/Library/PrivateFrameworks/ToneLibrary.framework/Versions/A/ToneLibrary
0x000000023dc83000 	/System/Library/PrivateFrameworks/ContactsAccounts.framework/Versions/A/ContactsAccounts
0x00000001ca7ad000 	/System/Library/PrivateFrameworks/Transparency.framework/Versions/A/Transparency
0x00000001bd44a000 	/System/Library/PrivateFrameworks/Lookup.framework/Versions/A/Lookup
0x00000001f535f000 	/System/Library/Frameworks/QuickLookUI.framework/Versions/A/QuickLookUI
0x00000001f5d3d000 	/System/Library/Frameworks/ScreenCaptureKit.framework/Versions/A/ScreenCaptureKit
0x00000001ba893000 	/System/Library/Frameworks/Quartz.framework/Versions/A/Frameworks/QuartzComposer.framework/Versions/A/QuartzComposer
0x00000001b9bd0000 	/System/Library/Frameworks/Quartz.framework/Versions/A/Frameworks/QuartzFilters.framework/Versions/A/QuartzFilters
0x00000001b8cb7000 	/System/Library/Frameworks/Quartz.framework/Versions/A/Frameworks/ImageKit.framework/Versions/A/ImageKit
0x00000001f00c1000 	/System/Library/Frameworks/OpenCL.framework/Versions/A/OpenCL
0x00000001b7408000 	/System/Library/PrivateFrameworks/CorePDF.framework/Versions/A/CorePDF
0x00000001a2e55000 	/System/Library/Frameworks/QuickLook.framework/Versions/A/QuickLook
0x00000001ad109000 	/System/Library/PrivateFrameworks/DisplayServices.framework/Versions/A/DisplayServices
0x00000001b9b40000 	/System/Library/Frameworks/ImageCaptureCore.framework/Versions/A/ImageCaptureCore
0x000000026e9b0000 	/System/Library/PrivateFrameworks/VisionKitCore.framework/Versions/A/VisionKitCore
0x00000001b58f1000 	/System/Library/PrivateFrameworks/QuickLookSupport.framework/Versions/A/QuickLookSupport
0x00000002542d8000 	/System/Library/PrivateFrameworks/MediaAnalysisServices.framework/Versions/A/MediaAnalysisServices
0x00000001bc43c000 	/System/Library/PrivateFrameworks/PhotoLibraryServices.framework/Versions/A/PhotoLibraryServices
0x00000001b9789000 	/System/Library/Frameworks/Photos.framework/Versions/A/Photos
0x00000001ccfd8000 	/System/Library/PrivateFrameworks/PhotosFormats.framework/Versions/A/PhotosFormats
0x00000001c95b3000 	/System/Library/PrivateFrameworks/CloudPhotoLibrary.framework/Versions/A/CloudPhotoLibrary
0x00000001d25a5000 	/System/Library/PrivateFrameworks/CloudPhotoServices.framework/Versions/A/CloudPhotoServices
0x00000001ced4c000 	/System/Library/PrivateFrameworks/CoreMediaStream.framework/Versions/A/CoreMediaStream
0x00000001a64b6000 	/System/Library/PrivateFrameworks/CPAnalytics.framework/Versions/A/CPAnalytics
0x00000001cb450000 	/System/Library/PrivateFrameworks/MediaConversionService.framework/Versions/A/MediaConversionService
0x00000001acd77000 	/System/Library/PrivateFrameworks/PhotoFoundation.framework/Versions/A/PhotoFoundation
0x000000025ad90000 	/System/Library/PrivateFrameworks/PhotoLibraryServicesCore.framework/Versions/A/PhotoLibraryServicesCore
0x00000001c5123000 	/System/Library/PrivateFrameworks/MMCS.framework/Versions/A/MMCS
0x00000001ab196000 	/System/Library/PrivateFrameworks/ChunkingLibrary.framework/Versions/A/ChunkingLibrary
0x00000001a536a000 	/System/Library/PrivateFrameworks/AssetCacheServices.framework/Versions/A/AssetCacheServices
0x00000001a7092000 	/System/Library/PrivateFrameworks/AVFoundationCF.framework/Versions/A/AVFoundationCF
0x00000001e1883000 	/usr/lib/swift/libswiftDemangle.dylib
0x00000001b7f84000 	/System/Library/PrivateFrameworks/MediaStream.framework/Versions/A/MediaStream
0x00000001cb96a000 	/System/Library/PrivateFrameworks/NeutrinoCore.framework/Versions/A/NeutrinoCore
0x00000001965f2000 	/System/Library/PrivateFrameworks/NLP.framework/Versions/A/NLP
0x00000001d1356000 	/System/Library/PrivateFrameworks/PhotoImaging.framework/Versions/A/PhotoImaging
0x00000001d2566000 	/System/Library/PrivateFrameworks/PhotosImagingFoundation.framework/Versions/A/PhotosImagingFoundation
0x000000025b869000 	/System/Library/PrivateFrameworks/PhotosIntelligenceCore.framework/Versions/A/PhotosIntelligenceCore
0x00000001a7528000 	/System/Library/PrivateFrameworks/EmbeddedAcousticRecognition.framework/Versions/A/EmbeddedAcousticRecognition
0x00000001c9819000 	/System/Library/PrivateFrameworks/SDAPI.framework/Versions/A/SDAPI
0x00000001d25b3000 	/System/Library/PrivateFrameworks/AutoLoop.framework/Versions/A/AutoLoop
0x000000025c2d1000 	/System/Library/PrivateFrameworks/Portrait.framework/Versions/A/Portrait
0x0000000238dd6000 	/System/Library/PrivateFrameworks/AppleDepth.framework/Versions/A/AppleDepth
0x0000000243f53000 	/System/Library/PrivateFrameworks/FusionTracker.framework/Versions/A/FusionTracker
0x0000000238ec4000 	/System/Library/PrivateFrameworks/AppleDepthCore.framework/Versions/A/AppleDepthCore
0x00000001ba353000 	/System/Library/PrivateFrameworks/iTunesCloud.framework/Versions/A/iTunesCloud
0x00000001c2be9000 	/System/Library/PrivateFrameworks/DAAPKit.framework/Versions/A/DAAPKit
0x000000027815d000 	/usr/lib/swift/libswiftVideoToolbox.dylib
0x00000001b5c02000 	/System/Library/PrivateFrameworks/DeviceManagement.framework/Versions/A/DeviceManagement
0x00000001d8008000 	/System/Library/PrivateFrameworks/ScreenTimeUI.framework/Versions/A/ScreenTimeUI
0x00000001b7d01000 	/System/Library/PrivateFrameworks/QuickLookNonBaseSystem.framework/Versions/A/QuickLookNonBaseSystem
0x00000001b84cf000 	/System/Library/PrivateFrameworks/Catalyst.framework/Versions/A/Catalyst
0x0000000253a75000 	/System/Library/PrivateFrameworks/ManagedSettingsObjC.framework/Versions/A/ManagedSettingsObjC
0x00000001b9de6000 	/System/Library/PrivateFrameworks/ScreenTimeCore.framework/Versions/A/ScreenTimeCore
0x00000001cc53b000 	/System/Library/PrivateFrameworks/ScreenTimeServiceUI.framework/Versions/A/ScreenTimeServiceUI
0x00000001c52ae000 	/System/Library/PrivateFrameworks/ConfigurationEngineModel.framework/Versions/A/ConfigurationEngineModel
0x00000001c805d000 	/System/Library/PrivateFrameworks/UsageTracking.framework/Versions/A/UsageTracking
0x00000001f183a000 	/System/Library/Frameworks/DeviceActivity.framework/Versions/A/DeviceActivity
0x00000001c802d000 	/System/Library/PrivateFrameworks/KnowledgeMonitor.framework/Versions/A/KnowledgeMonitor
0x00000001deb14000 	/System/Library/PrivateFrameworks/BluetoothManager.framework/Versions/A/BluetoothManager
0x00000001f2992000 	/System/Library/Frameworks/ManagedSettings.framework/Versions/A/ManagedSettings
0x0000000253aae000 	/System/Library/PrivateFrameworks/ManagedSettingsSupport.framework/Versions/A/ManagedSettingsSupport
0x00000001dc419000 	/System/Library/Frameworks/ReplayKit.framework/Versions/A/ReplayKit
0x00000001ae0a2000 	/System/Library/PrivateFrameworks/MarkupUI.framework/Versions/A/MarkupUI
0x00000001b7cd9000 	/System/Library/PrivateFrameworks/SidecarCore.framework/Versions/A/SidecarCore
0x00000001ba754000 	/System/Library/PrivateFrameworks/AnnotationKit.framework/Versions/A/AnnotationKit
0x000000023486b000 	/System/Library/Frameworks/Translation.framework/Versions/A/Translation
0x00000001d3f52000 	/System/Library/PrivateFrameworks/RevealCore.framework/Versions/A/RevealCore
0x00000001d3f46000 	/System/Library/PrivateFrameworks/Reveal.framework/Versions/A/Reveal
0x000000026b7bb000 	/System/Library/PrivateFrameworks/TranslationUIServices.framework/Versions/A/TranslationUIServices
0x00000001b8efd000 	/System/Library/Frameworks/PencilKit.framework/Versions/A/PencilKit
0x00000001b90b2000 	/System/Library/PrivateFrameworks/SidecarUI.framework/Versions/A/SidecarUI
0x00000001b88aa000 	/System/Library/PrivateFrameworks/CoreHandwriting.framework/Versions/A/CoreHandwriting
0x00000001907b2000 	/usr/lib/libmecabra.dylib
0x00000001b1a2d000 	/System/Library/PrivateFrameworks/Calculate.framework/Versions/A/Calculate
0x000000019ecf7000 	/usr/lib/libChineseTokenizer.dylib
0x00000001ed001000 	/System/Library/PrivateFrameworks/ScreenReaderCore.framework/Versions/A/ScreenReaderCore
0x00000002678ff000 	/System/Library/PrivateFrameworks/StocksKit.framework/Versions/A/StocksKit
0x00000001b0ba7000 	/System/Library/PrivateFrameworks/OAuth.framework/Versions/A/OAuth
0x00000002675ac000 	/System/Library/PrivateFrameworks/StocksCore.framework/Versions/A/StocksCore
0x0000000268609000 	/System/Library/PrivateFrameworks/TeaFoundation.framework/Versions/A/TeaFoundation
0x00000002687f2000 	/System/Library/PrivateFrameworks/TeaSettings.framework/Versions/A/TeaSettings
0x00000001e2c4e000 	/System/Library/PrivateFrameworks/NewsCore.framework/Versions/A/NewsCore
0x00000002685a6000 	/System/Library/PrivateFrameworks/TeaDB.framework/Versions/A/TeaDB
0x00000001df8f9000 	/System/Library/PrivateFrameworks/RemoteConfiguration.framework/Versions/A/RemoteConfiguration
0x00000001e2888000 	/System/Library/PrivateFrameworks/NewsTransport.framework/Versions/A/NewsTransport
0x00000001e2c3e000 	/System/Library/PrivateFrameworks/NewsFoundation.framework/Versions/A/NewsFoundation
0x00000002572fd000 	/System/Library/PrivateFrameworks/NewsURLBucket.framework/Versions/A/NewsURLBucket
0x00000001bc170000 	/System/Library/PrivateFrameworks/MobileInstallation.framework/Versions/A/MobileInstallation
0x000000026a804000 	/System/Library/PrivateFrameworks/TipKitCore.framework/Versions/A/TipKitCore
0x00000001c0f04000 	/System/Library/PrivateFrameworks/CoreCDPInternal.framework/Versions/A/CoreCDPInternal
0x00000001b0af9000 	/System/Library/PrivateFrameworks/AccountsDaemon.framework/Versions/A/AccountsDaemon
0x000000025d9c5000 	/System/Library/PrivateFrameworks/RegulatoryDomain.framework/Versions/A/RegulatoryDomain
0x00000001d883b000 	/System/Library/PrivateFrameworks/MachineSettings.framework/Versions/A/MachineSettings
0x00000001cad11000 	/System/Library/PrivateFrameworks/BezelServices.framework/Versions/A/BezelServices
0x00000001c2c72000 	/System/Library/PrivateFrameworks/SPOwner.framework/Versions/A/SPOwner
0x00000001bbfab000 	/System/Library/PrivateFrameworks/FMCore.framework/Versions/A/FMCore
0x0000000272363000 	/System/Library/PrivateFrameworks/iCloudQuota.framework/Versions/A/iCloudQuota
0x00000001b152a000 	/System/Library/PrivateFrameworks/CoreRecognition.framework/Versions/A/CoreRecognition
0x00000001cadc6000 	/System/Library/PrivateFrameworks/InAppMessages.framework/Versions/A/InAppMessages
0x00000001ebd4f000 	/System/Library/PrivateFrameworks/JetUI.framework/Versions/A/JetUI
0x0000000250816000 	/System/Library/PrivateFrameworks/JetPack.framework/Versions/A/JetPack
0x00000001cadbd000 	/System/Library/PrivateFrameworks/InAppMessagesCore.framework/Versions/A/InAppMessagesCore
0x0000000271a5d000 	/System/Library/PrivateFrameworks/_JetEngine_SwiftUI.framework/Versions/A/_JetEngine_SwiftUI
0x0000000267ef6000 	/System/Library/PrivateFrameworks/Synapse.framework/Versions/A/Synapse
0x000000023be7b000 	/System/Library/PrivateFrameworks/CSExattrCrypto.framework/Versions/A/CSExattrCrypto
0x00000001acd88000 	/System/Library/PrivateFrameworks/IMSharedUtilities.framework/Versions/A/IMSharedUtilities
0x00000001c6057000 	/System/Library/Frameworks/InstantMessage.framework/Versions/A/InstantMessage
0x00000001beaeb000 	/System/Library/PrivateFrameworks/IDSKVStore.framework/Versions/A/IDSKVStore
0x00000001be92b000 	/System/Library/PrivateFrameworks/IMDPersistence.framework/Versions/A/IMDPersistence
0x0000000278079000 	/usr/lib/swift/libswiftAppleArchive.dylib
0x000000026ceee000 	/System/Library/PrivateFrameworks/UserSafety.framework/Versions/A/UserSafety
0x00000001ddd6c000 	/System/Library/PrivateFrameworks/BlastDoor.framework/Versions/A/BlastDoor
0x00000001f5dc1000 	/System/Library/Frameworks/SensitiveContentAnalysis.framework/Versions/A/SensitiveContentAnalysis
0x00000002518fc000 	/System/Library/PrivateFrameworks/LinkPresentationStyleSheetParsing.framework/Versions/A/LinkPresentationStyleSheetParsing
0x00000001b8358000 	/System/Library/PrivateFrameworks/CoreSDB.framework/Versions/A/CoreSDB
0x000000023a15c000 	/System/Library/PrivateFrameworks/AskToCore.framework/Versions/A/AskToCore
0x00000001bd137000 	/System/Library/PrivateFrameworks/StoreFoundation.framework/Versions/A/StoreFoundation
0x00000001bbfa5000 	/System/Library/PrivateFrameworks/ServerInformation.framework/Versions/A/ServerInformation
0x00000001bba19000 	/System/Library/PrivateFrameworks/Install.framework/Frameworks/DistributionKit.framework/Versions/A/DistributionKit
0x00000001b56bf000 	/System/Library/PrivateFrameworks/PackageKit.framework/Versions/A/PackageKit
0x00000001bba3b000 	/System/Library/PrivateFrameworks/OSPersonalization.framework/Versions/A/OSPersonalization
0x00000001bd6a3000 	/System/Library/PrivateFrameworks/BridgeOSSoftwareUpdate.framework/Versions/A/BridgeOSSoftwareUpdate
0x00000001b87d2000 	/System/Library/PrivateFrameworks/StorageManagement.framework/Versions/A/StorageManagement
0x00000001cc0c5000 	/usr/lib/libauthinstall.dylib
0x00000001bd6ac000 	/System/Library/PrivateFrameworks/InstallerDiagnostics.framework/Versions/A/InstallerDiagnostics
0x00000001cc6f7000 	/usr/lib/libcrypto.42.dylib
0x00000001bd691000 	/System/Library/PrivateFrameworks/GPUInfo.framework/Versions/A/GPUInfo
0x00000001caebd000 	/System/Library/PrivateFrameworks/MobileActivationMacOS.framework/Versions/A/MobileActivationMacOS
0x00000001a645d000 	/System/Library/PrivateFrameworks/GenerationalStorage.framework/Versions/A/GenerationalStorage
0x00000001a19c1000 	/System/Library/PrivateFrameworks/CacheDelete.framework/Versions/A/CacheDelete
0x00000001a9886000 	/System/Library/Frameworks/QuickLookThumbnailing.framework/Versions/A/QuickLookThumbnailing
0x00000001a628f000 	/System/Library/Frameworks/FileProvider.framework/Versions/A/FileProvider
0x0000000194a57000 	/System/Library/PrivateFrameworks/DesktopServicesPriv.framework/Versions/A/DesktopServicesPriv
0x0000000196d17000 	/System/Library/Frameworks/Accounts.framework/Versions/A/Accounts
0x00000001bd6f0000 	/System/Library/PrivateFrameworks/AOSKit.framework/Versions/A/AOSKit
0x000000019ee27000 	/System/Library/PrivateFrameworks/AppSSOCore.framework/Versions/A/AppSSOCore
0x00000001a8f47000 	/System/Library/PrivateFrameworks/AppSupport.framework/Versions/A/AppSupport
0x00000001b77e1000 	/System/Library/Frameworks/AVFoundation.framework/Versions/A/AVFoundation
0x00000001a97a9000 	/System/Library/PrivateFrameworks/DuetActivityScheduler.framework/Versions/A/DuetActivityScheduler
0x00000001b82ff000 	/System/Library/PrivateFrameworks/FTServices.framework/Versions/A/FTServices
0x00000001c94ec000 	/System/Library/PrivateFrameworks/NetworkServiceProxy.framework/Versions/A/NetworkServiceProxy
0x00000001a976f000 	/System/Library/PrivateFrameworks/StreamingZip.framework/Versions/A/StreamingZip
0x00000001a8874000 	/System/Library/PrivateFrameworks/CoreWiFi.framework/Versions/A/CoreWiFi
0x00000001a18ec000 	/System/Library/PrivateFrameworks/MobileAsset.framework/Versions/A/MobileAsset
0x00000001a7435000 	/System/Library/PrivateFrameworks/Rapport.framework/Versions/A/Rapport
0x0000000267c59000 	/System/Library/PrivateFrameworks/Symptoms.framework/Versions/A/Frameworks/SymptomAnalytics.framework/Versions/A/SymptomAnalytics
0x00000001a4fd6000 	/usr/lib/libnetworkextension.dylib
0x0000000277960000 	/usr/lib/libmrc.dylib
0x000000024cd42000 	/System/Library/PrivateFrameworks/IPConfiguration.framework/Versions/A/IPConfiguration
0x00000001d8683000 	/System/Library/PrivateFrameworks/Netrb.framework/Versions/A/Netrb
0x00000001e35ec000 	/System/Library/PrivateFrameworks/WiFiPeerToPeer.framework/Versions/A/WiFiPeerToPeer
0x00000001bf28b000 	/System/Library/PrivateFrameworks/SoftwareUpdateCoreSupport.framework/Versions/A/SoftwareUpdateCoreSupport
0x00000001c6c18000 	/System/Library/PrivateFrameworks/SoftwareUpdateCoreConnect.framework/Versions/A/SoftwareUpdateCoreConnect
0x00000001a8dff000 	/System/Library/PrivateFrameworks/RemoteServiceDiscovery.framework/Versions/A/RemoteServiceDiscovery
0x00000001bef11000 	/System/Library/PrivateFrameworks/MSUDataAccessor.framework/Versions/A/MSUDataAccessor
0x00000001ba70f000 	/usr/lib/libbootpolicy.dylib
0x00000001a8e15000 	/System/Library/PrivateFrameworks/RemoteXPC.framework/Versions/A/RemoteXPC
0x00000001c6067000 	/usr/lib/libFDR.dylib
0x00000001cc198000 	/usr/lib/libamsupport.dylib
0x00000002770b5000 	/usr/lib/libReverseProxyDevice.dylib
0x0000000238f44000 	/System/Library/PrivateFrameworks/AppleDeviceQuerySupport.framework/Versions/A/AppleDeviceQuerySupport
0x00000001cf070000 	/usr/lib/libpartition2_dynamic.dylib
0x000000019d422000 	/System/Library/Frameworks/UserNotifications.framework/Versions/A/UserNotifications
0x00000001de92a000 	/System/Library/Frameworks/CryptoKit.framework/Versions/A/CryptoKit
0x00000001a9747000 	/System/Library/PrivateFrameworks/CryptoKitCBridging.framework/Versions/A/CryptoKitCBridging
0x00000001a6fab000 	/System/Library/Frameworks/CryptoTokenKit.framework/Versions/A/CryptoTokenKit
0x00000001d2bbd000 	/usr/lib/swift/libswiftCryptoTokenKit.dylib
0x00000001a700f000 	/System/Library/Frameworks/LocalAuthentication.framework/Versions/A/LocalAuthentication
0x0000000251ad1000 	/System/Library/PrivateFrameworks/LocalAuthenticationCore.framework/Versions/A/LocalAuthenticationCore
0x00000001a7065000 	/System/Library/Frameworks/LocalAuthentication.framework/Support/SharedUtils.framework/Versions/A/SharedUtils
0x00000001a1a58000 	/usr/lib/libTelephonyUtilDynamic.dylib
0x00000001a6038000 	/System/Library/PrivateFrameworks/SymptomDiagnosticReporter.framework/Versions/A/SymptomDiagnosticReporter
0x0000000241520000 	/System/Library/PrivateFrameworks/CryptoKitPrivate.framework/Versions/A/CryptoKitPrivate
0x0000000198e1c000 	/System/Library/PrivateFrameworks/ApplePushService.framework/Versions/A/ApplePushService
0x00000001b7a0c000 	/System/Library/PrivateFrameworks/FindMyDevice.framework/Versions/A/FindMyDevice
0x0000000196d9c000 	/System/Library/PrivateFrameworks/CommonUtilities.framework/Versions/A/CommonUtilities
0x00000001cdb0e000 	/System/Library/PrivateFrameworks/DeviceIdentity.framework/Versions/A/DeviceIdentity
0x000000019f551000 	/System/Library/PrivateFrameworks/Bom.framework/Versions/A/Bom
0x00000001a151c000 	/usr/lib/libParallelCompression.dylib
0x00000001a150e000 	/System/Library/PrivateFrameworks/MultiverseSupport.framework/Versions/A/MultiverseSupport
0x00000001ad1e4000 	/System/Library/PrivateFrameworks/FMCoreLite.framework/Versions/A/FMCoreLite
0x000000019d17e000 	/System/Library/PrivateFrameworks/AuthKit.framework/Versions/A/AuthKit
0x00000001a616b000 	/System/Library/PrivateFrameworks/DiskManagement.framework/Versions/A/DiskManagement
0x00000001a6077000 	/System/Library/PrivateFrameworks/AppleIDAuthSupport.framework/Versions/A/AppleIDAuthSupport
0x0000000235baa000 	/System/Library/PrivateFrameworks/AAAFoundation.framework/Versions/A/AAAFoundation
0x00000001a1a0d000 	/System/Library/PrivateFrameworks/KeychainCircle.framework/Versions/A/KeychainCircle
0x00000001b1f07000 	/System/Library/PrivateFrameworks/URLFormatting.framework/Versions/A/URLFormatting
0x00000001a8eb3000 	/usr/lib/libcsfde.dylib
0x000000019efb1000 	/usr/lib/libCoreStorage.dylib
0x00000001a2dca000 	/System/Library/PrivateFrameworks/ProtectedCloudStorage.framework/Versions/A/ProtectedCloudStorage
0x00000001a8eae000 	/System/Library/PrivateFrameworks/EFILogin.framework/Versions/A/EFILogin
0x00000001b11b0000 	/System/Library/PrivateFrameworks/CloudServices.framework/Versions/A/CloudServices
0x00000001a6484000 	/System/Library/PrivateFrameworks/OctagonTrust.framework/Versions/A/OctagonTrust
0x00000001a6b9e000 	/System/Library/PrivateFrameworks/AVFCore.framework/Versions/A/AVFCore
0x00000001afc3a000 	/System/Library/PrivateFrameworks/AVFCapture.framework/Versions/A/AVFCapture
0x00000001a01f8000 	/System/Library/Frameworks/MediaToolbox.framework/Versions/A/MediaToolbox
0x00000001a6260000 	/System/Library/PrivateFrameworks/CoreAVCHD.framework/Versions/A/CoreAVCHD
0x00000001a625c000 	/System/Library/PrivateFrameworks/Mangrove.framework/Versions/A/Mangrove
0x000000023bd6b000 	/System/Library/PrivateFrameworks/CMPhoto.framework/Versions/A/CMPhoto
0x00000001a69bb000 	/System/Library/Frameworks/CoreTelephony.framework/Versions/A/CoreTelephony
0x00000001a624f000 	/System/Library/PrivateFrameworks/CoreAUC.framework/Versions/A/CoreAUC
0x0000000239385000 	/System/Library/PrivateFrameworks/AppleJPEGXL.framework/Versions/A/AppleJPEGXL
0x000000023bb97000 	/System/Library/PrivateFrameworks/CMImaging.framework/Versions/A/CMImaging
0x00000001afe52000 	/System/Library/PrivateFrameworks/Quagga.framework/Versions/A/Quagga
0x00000001aff85000 	/System/Library/PrivateFrameworks/CMCapture.framework/Versions/A/CMCapture
0x00000001a15f0000 	/System/Library/Frameworks/CoreMediaIO.framework/Versions/A/CoreMediaIO
0x00000001a98d2000 	/System/Library/PrivateFrameworks/Espresso.framework/Versions/A/Espresso
0x00000001ed3bd000 	/System/Library/PrivateFrameworks/ANECompiler.framework/Versions/A/ANECompiler
0x00000001ab8da000 	/System/Library/PrivateFrameworks/AppleNeuralEngine.framework/Versions/A/AppleNeuralEngine
0x00000001f3651000 	/System/Library/Frameworks/MetalPerformanceShadersGraph.framework/Versions/A/MetalPerformanceShadersGraph
0x00000002525c4000 	/System/Library/PrivateFrameworks/MLCompilerServices.framework/Versions/A/MLCompilerServices
0x00000001aa794000 	/System/Library/PrivateFrameworks/ANEServices.framework/Versions/A/ANEServices
0x00000001bd465000 	/usr/lib/libncurses.5.4.dylib
0x00000001933a2000 	/usr/lib/libsandbox.1.dylib
0x000000019efa9000 	/usr/lib/libMatch.1.dylib
0x0000000252568000 	/System/Library/PrivateFrameworks/MLCompilerRuntime.framework/Versions/A/MLCompilerRuntime
0x000000023bacd000 	/System/Library/PrivateFrameworks/CMCaptureDevice.framework/Versions/A/CMCaptureDevice
0x000000023c8bc000 	/System/Library/PrivateFrameworks/CinematicFraming.framework/Versions/A/CinematicFraming
0x00000001b740a000 	/System/Library/Frameworks/CoreMotion.framework/Versions/A/CoreMotion
0x00000001c6110000 	/System/Library/PrivateFrameworks/TimeSync.framework/Versions/A/TimeSync
0x0000000241fb6000 	/System/Library/PrivateFrameworks/DistributedSensing.framework/Versions/A/DistributedSensing
0x00000001c1fe9000 	/System/Library/PrivateFrameworks/MobileBluetooth.framework/Versions/A/MobileBluetooth
0x00000001a118f000 	/System/Library/PrivateFrameworks/LocationSupport.framework/Versions/A/LocationSupport
0x00000001c7c66000 	/System/Library/PrivateFrameworks/IOKitten.framework/Versions/A/IOKitten
0x0000000194cc2000 	/System/Library/PrivateFrameworks/CoreDuet.framework/Versions/A/CoreDuet
0x00000001a81cd000 	/System/Library/PrivateFrameworks/CoreDuetContext.framework/Versions/A/CoreDuetContext
0x00000001c2b92000 	/System/Library/PrivateFrameworks/BiomeFoundation.framework/Versions/A/BiomeFoundation
0x000000023a909000 	/System/Library/PrivateFrameworks/BiomeLibrary.framework/Versions/A/BiomeLibrary
0x00000001c618e000 	/System/Library/PrivateFrameworks/BiomeStreams.framework/Versions/A/BiomeStreams
0x00000001cc542000 	/System/Library/PrivateFrameworks/BiomePubSub.framework/Versions/A/BiomePubSub
0x0000000198e84000 	/System/Library/Frameworks/CloudKit.framework/Versions/A/CloudKit
0x00000001a8223000 	/System/Library/Frameworks/Intents.framework/Versions/A/Intents
0x00000001aa93c000 	/System/Library/PrivateFrameworks/CoreDuetDaemonProtocol.framework/Versions/A/CoreDuetDaemonProtocol
0x00000001aa7c2000 	/System/Library/PrivateFrameworks/ProactiveSupport.framework/Versions/A/ProactiveSupport
0x000000025c238000 	/System/Library/PrivateFrameworks/PoirotSchematizer.framework/Versions/A/PoirotSchematizer
0x000000023afa3000 	/System/Library/PrivateFrameworks/BiomeSync.framework/Versions/A/BiomeSync
0x000000023a8ea000 	/System/Library/PrivateFrameworks/BiomeFlexibleStorage.framework/Versions/A/BiomeFlexibleStorage
0x000000023a8ce000 	/System/Library/PrivateFrameworks/BiomeDSL.framework/Versions/A/BiomeDSL
0x00000001cc59f000 	/System/Library/PrivateFrameworks/BiomeStorage.framework/Versions/A/BiomeStorage
0x000000025c2a5000 	/System/Library/PrivateFrameworks/PoirotUDFs.framework/Versions/A/PoirotUDFs
0x000000025c207000 	/System/Library/PrivateFrameworks/PoirotSQLite.framework/Versions/A/PoirotSQLite
0x00000001a924f000 	/System/Library/PrivateFrameworks/InternationalTextSearch.framework/Versions/A/InternationalTextSearch
0x00000002500f6000 	/System/Library/PrivateFrameworks/IntelligencePlatformLibrary.framework/Versions/A/IntelligencePlatformLibrary
0x000000023c481000 	/System/Library/PrivateFrameworks/CascadeSets.framework/Versions/A/CascadeSets
0x00000001a24aa000 	/System/Library/PrivateFrameworks/IDS.framework/Versions/A/IDS
0x00000001a1115000 	/System/Library/PrivateFrameworks/IMFoundation.framework/Versions/A/IMFoundation
0x00000001b14df000 	/System/Library/PrivateFrameworks/Marco.framework/Versions/A/Marco
0x00000001a2677000 	/System/Library/PrivateFrameworks/IDSFoundation.framework/Versions/A/IDSFoundation
0x00000001ae0ce000 	/System/Library/PrivateFrameworks/Engram.framework/Versions/A/Engram
0x00000001ae06e000 	/usr/lib/libtidy.A.dylib
0x00000001c5c79000 	/System/Library/PrivateFrameworks/FTAWD.framework/Versions/A/FTAWD
0x00000001f5e81000 	/System/Library/Frameworks/SharedWithYouCore.framework/Versions/A/SharedWithYouCore
0x00000001a931a000 	/System/Library/PrivateFrameworks/AppleAccount.framework/Versions/A/AppleAccount
0x00000001a982c000 	/System/Library/PrivateFrameworks/C2.framework/Versions/A/C2
0x000000019a674000 	/System/Library/Frameworks/CoreLocation.framework/Versions/A/CoreLocation
0x000000023cc69000 	/System/Library/PrivateFrameworks/CloudAssets.framework/Versions/A/CloudAssets
0x00000001a9823000 	/System/Library/Frameworks/PushKit.framework/Versions/A/PushKit
0x00000001d4665000 	/usr/lib/swift/libswiftAVFoundation.dylib
0x00000001be8d2000 	/usr/lib/swift/libswiftCoreLocation.dylib
0x00000001be8e8000 	/usr/lib/swift/libswiftCoreMIDI.dylib
0x00000001d2bbf000 	/usr/lib/swift/libswiftCoreMedia.dylib
0x00000001a290b000 	/System/Library/PrivateFrameworks/Sharing.framework/Versions/A/Sharing
0x00000001a8873000 	/System/Library/PrivateFrameworks/Apple80211.framework/Versions/A/Apple80211
0x000000019c744000 	/System/Library/Frameworks/CoreWLAN.framework/Versions/A/CoreWLAN
0x00000001acada000 	/System/Library/PrivateFrameworks/AssistantServices.framework/Versions/A/AssistantServices
0x00000001a7238000 	/System/Library/PrivateFrameworks/SAObjects.framework/Versions/A/SAObjects
0x00000001ac713000 	/System/Library/PrivateFrameworks/MediaRemote.framework/Versions/A/MediaRemote
0x00000001bdb46000 	/System/Library/PrivateFrameworks/SiriInstrumentation.framework/Versions/A/SiriInstrumentation
0x000000025faa1000 	/System/Library/PrivateFrameworks/SiriAnalytics.framework/Versions/A/SiriAnalytics
0x000000026562c000 	/System/Library/PrivateFrameworks/SiriTTSService.framework/Versions/A/SiriTTSService
0x0000000260459000 	/System/Library/PrivateFrameworks/SiriCrossDeviceArbitration.framework/Versions/A/SiriCrossDeviceArbitration
0x00000001bb7e6000 	/System/Library/PrivateFrameworks/FeedbackLogger.framework/Versions/A/FeedbackLogger
0x00000002604ad000 	/System/Library/PrivateFrameworks/SiriCrossDeviceArbitrationFeedback.framework/Versions/A/SiriCrossDeviceArbitrationFeedback
0x0000000249f0a000 	/System/Library/PrivateFrameworks/GenerativeModels.framework/Versions/A/GenerativeModels
0x00000001b134b000 	/System/Library/PrivateFrameworks/MediaServices.framework/Versions/A/MediaServices
0x000000019f214000 	/System/Library/PrivateFrameworks/PersistentConnection.framework/Versions/A/PersistentConnection
0x00000001a30a3000 	/System/Library/PrivateFrameworks/GeoServices.framework/Versions/A/GeoServices
0x000000024a132000 	/System/Library/PrivateFrameworks/GeoServicesCore.framework/Versions/A/GeoServicesCore
0x00000001b1f05000 	/System/Library/PrivateFrameworks/PhoneNumbers.framework/Versions/A/PhoneNumbers
0x0000000241a28000 	/System/Library/PrivateFrameworks/Dendrite.framework/Versions/A/Dendrite
0x000000023a282000 	/System/Library/PrivateFrameworks/AtomicsInternal.framework/Versions/A/AtomicsInternal
0x00000001bf6e2000 	/usr/lib/libtailspin.dylib
0x00000001d26bb000 	/System/Library/PrivateFrameworks/Osprey.framework/Versions/A/Osprey
0x0000000264cac000 	/System/Library/PrivateFrameworks/SiriTTS.framework/Versions/A/SiriTTS
0x00000001b841c000 	/System/Library/Frameworks/NaturalLanguage.framework/Versions/A/NaturalLanguage
0x00000002639ef000 	/System/Library/PrivateFrameworks/SiriPowerInstrumentation.framework/Versions/A/SiriPowerInstrumentation
0x00000001b923e000 	/System/Library/PrivateFrameworks/Trial.framework/Versions/A/Trial
0x00000001b91c0000 	/System/Library/PrivateFrameworks/TrialProto.framework/Versions/A/TrialProto
0x000000026c765000 	/System/Library/PrivateFrameworks/UnifiedAssetFramework.framework/Versions/A/UnifiedAssetFramework
0x00000001e3570000 	/usr/lib/swift/libswiftNaturalLanguage.dylib
0x00000002685a4000 	/System/Library/PrivateFrameworks/TailspinSymbolication.framework/Versions/A/TailspinSymbolication
0x0000000241737000 	/System/Library/PrivateFrameworks/Darwinup.framework/Versions/A/Darwinup
0x00000001cb4bd000 	/System/Library/PrivateFrameworks/SignpostSupport.framework/Versions/A/SignpostSupport
0x00000001b82e5000 	/System/Library/PrivateFrameworks/FeatureFlagsSupport.framework/Versions/A/FeatureFlagsSupport
0x00000001cac21000 	/System/Library/PrivateFrameworks/ktrace.framework/Versions/A/ktrace
0x00000001cb73d000 	/System/Library/PrivateFrameworks/SampleAnalysis.framework/Versions/A/SampleAnalysis
0x00000001d3f2e000 	/System/Library/PrivateFrameworks/kperfdata.framework/Versions/A/kperfdata
0x00000001a2f84000 	/usr/lib/libdscsym.dylib
0x00000001d43c3000 	/System/Library/PrivateFrameworks/BulkSymbolication.framework/Versions/A/BulkSymbolication
0x000000019931e000 	/System/Library/Frameworks/CoreML.framework/Versions/A/CoreML
0x00000001e184d000 	/usr/lib/libedit.3.dylib
0x000000019cd86000 	/System/Library/Frameworks/MLCompute.framework/Versions/A/MLCompute
0x0000000252417000 	/System/Library/PrivateFrameworks/MLAssetIO.framework/Versions/A/MLAssetIO
0x00000002780bb000 	/usr/lib/swift/libswiftMLCompute.dylib
0x000000019186f000 	/System/Library/PrivateFrameworks/LanguageModeling.framework/Versions/A/LanguageModeling
0x00000001963de000 	/System/Library/PrivateFrameworks/Montreal.framework/Versions/A/Montreal
0x000000019d6ad000 	/usr/lib/libcmph.dylib
0x0000000249fcd000 	/System/Library/PrivateFrameworks/GenerativeModelsFoundation.framework/Versions/A/GenerativeModelsFoundation
0x000000026ab2f000 	/System/Library/PrivateFrameworks/TokenGeneration.framework/Versions/A/TokenGeneration
0x0000000249da1000 	/System/Library/PrivateFrameworks/GenerativeFunctions.framework/Versions/A/GenerativeFunctions
0x0000000249df2000 	/System/Library/PrivateFrameworks/GenerativeFunctionsFoundation.framework/Versions/A/GenerativeFunctionsFoundation
0x0000000255368000 	/System/Library/PrivateFrameworks/ModelCatalog.framework/Versions/A/ModelCatalog
0x000000025f3a1000 	/System/Library/PrivateFrameworks/SensitiveContentAnalysisML.framework/Versions/A/SensitiveContentAnalysisML
0x0000000249ea1000 	/System/Library/PrivateFrameworks/GenerativeFunctionsInstrumentation.framework/Versions/A/GenerativeFunctionsInstrumentation
0x000000025d2c6000 	/System/Library/PrivateFrameworks/PromptKit.framework/Versions/A/PromptKit
0x000000025cdf2000 	/System/Library/PrivateFrameworks/ProactiveDaemonSupport.framework/Versions/A/ProactiveDaemonSupport
0x000000026ace6000 	/System/Library/PrivateFrameworks/TokenGenerationCore.framework/Versions/A/TokenGenerationCore
0x000000026dddb000 	/System/Library/PrivateFrameworks/VectorSearch.framework/Versions/A/VectorSearch
0x0000000255626000 	/System/Library/PrivateFrameworks/ModelManagerServices.framework/Versions/A/ModelManagerServices
0x0000000238fa6000 	/System/Library/PrivateFrameworks/AppleFlatBuffers.framework/Versions/A/AppleFlatBuffers
0x00000001b18f4000 	/System/Library/PrivateFrameworks/ProactiveEventTracker.framework/Versions/A/ProactiveEventTracker
0x0000000235bc6000 	/System/Library/PrivateFrameworks/AAAFoundationSwift.framework/Versions/A/AAAFoundationSwift
0x00000001a956f000 	/System/Library/PrivateFrameworks/AppleIDSSOAuthentication.framework/Versions/A/AppleIDSSOAuthentication
0x00000001c5407000 	/usr/lib/swift/libswiftCompression.dylib
0x000000025f52c000 	/System/Library/PrivateFrameworks/SentencePieceInternal.framework/Versions/A/SentencePieceInternal
0x00000001a5404000 	/System/Library/Frameworks/Vision.framework/Versions/A/Vision
0x000000024118c000 	/System/Library/PrivateFrameworks/CoreSceneUnderstanding.framework/Versions/A/CoreSceneUnderstanding
0x000000026e965000 	/System/Library/PrivateFrameworks/VisionCore.framework/Versions/A/VisionCore
0x00000001c0fe2000 	/System/Library/Frameworks/Vision.framework/libfaceCore.dylib
0x00000001c1adc000 	/System/Library/PrivateFrameworks/Futhark.framework/Versions/A/Futhark
0x00000001c51cf000 	/System/Library/PrivateFrameworks/InertiaCam.framework/Versions/A/InertiaCam
0x00000001c188f000 	/System/Library/PrivateFrameworks/TextRecognition.framework/Versions/A/TextRecognition
0x000000019ee47000 	/System/Library/PrivateFrameworks/CVNLP.framework/Versions/A/CVNLP
0x0000000248b2e000 	/System/Library/PrivateFrameworks/GRDBInternal.framework/Versions/A/GRDBInternal
0x00000001ab648000 	/System/Library/PrivateFrameworks/RTCReporting.framework/Versions/A/RTCReporting
0x00000001a9812000 	/System/Library/PrivateFrameworks/IntentsFoundation.framework/Versions/A/IntentsFoundation
0x00000001a2233000 	/System/Library/Frameworks/NetworkExtension.framework/Versions/A/NetworkExtension
0x00000001bcfe6000 	/System/Library/PrivateFrameworks/CaptiveNetwork.framework/Versions/A/CaptiveNetwork
0x00000001a8dbf000 	/System/Library/PrivateFrameworks/EAP8021X.framework/Versions/A/EAP8021X
0x000000012f93c000 	/private/var/folders/v4/f9gfs351623g0dt_748d5v0c0000gn/T/lwjgl_justinbadilla/3.3.3+5/arm64/libopenal.dylib
0x000000012fd90000 	/System/Library/Components/CoreAudio.component/Contents/MacOS/CoreAudio
0x00000001be8b7000 	/System/Library/Frameworks/Accelerate.framework/Versions/A/Frameworks/vImage.framework/Versions/A/Libraries/libCGInterfaces.dylib
0x00000001cb709000 	/System/Library/PrivateFrameworks/UIKitServices.framework/Versions/A/UIKitServices
0x000000013c300000 	/System/Library/Extensions/AGXMetalG14G.bundle/Contents/MacOS/AGXMetalG14G
0x00000001b11fd000 	/System/Library/PrivateFrameworks/IOGPU.framework/Versions/A/IOGPU
0x00000001eff3b000 	/System/Library/Frameworks/OpenGL.framework/Versions/A/Resources/GLEngine.bundle/GLEngine
0x00000001efde0000 	/System/Library/Frameworks/OpenGL.framework/Versions/A/Libraries/libGLProgrammability.dylib
0x000000012ff04000 	/System/Library/Extensions/AppleMetalOpenGLRenderer.bundle/Contents/MacOS/AppleMetalOpenGLRenderer
0x00000001f009c000 	/System/Library/Frameworks/OpenGL.framework/Versions/A/Resources/GLRendererFloat.bundle/GLRendererFloat
0x0000000138fc0000 	/private/var/folders/v4/f9gfs351623g0dt_748d5v0c0000gn/T/lwjgl_justinbadilla/3.3.3+5/arm64/liblwjgl_opengl.dylib
0x0000000268b5d000 	/System/Library/PrivateFrameworks/TextInputUI.framework/Versions/A/TextInputUI
0x0000000268b81000 	/System/Library/PrivateFrameworks/TextInputUIMacHelper.framework/Versions/A/TextInputUIMacHelper
0x000000025e9c1000 	/System/Library/PrivateFrameworks/Sage.framework/Versions/A/Sage


VM Arguments:
jvm_args: -Dfile.encoding=UTF-8 -Duser.country=US -Duser.language=en -Duser.variant 
java_command: com.sfsu.tankgame.lwjgl3.Lwjgl3Launcher
java_class_path (initial): /Users/justinbadilla/Personal Coding/TankGame/lwjgl3/build/classes/java/main:/Users/justinbadilla/Personal Coding/TankGame/lwjgl3/build/resources/main:/Users/justinbadilla/.gradle/caches/modules-2/files-2.1/com.badlogicgames.gdx/gdx-backend-lwjgl3/1.13.1/c8d8f1c3ccd17fe2202a1d581e179c4ba0ccc45d/gdx-backend-lwjgl3-1.13.1.jar:/Users/justinbadilla/.gradle/caches/modules-2/files-2.1/com.badlogicgames.gdx/gdx-box2d-platform/1.13.1/a85f4f624bdc6f41b1f3f2f541c76d989e5b30a1/gdx-box2d-platform-1.13.1-natives-desktop.jar:/Users/justinbadilla/.gradle/caches/modules-2/files-2.1/com.badlogicgames.gdx/gdx-platform/1.13.1/8493b7d917097a6d091db2554bf0056881f96738/gdx-platform-1.13.1-natives-desktop.jar:/Users/justinbadilla/Personal Coding/TankGame/core/build/libs/core-1.0.0.jar:/Users/justinbadilla/.gradle/caches/modules-2/files-2.1/com.badlogicgames.box2dlights/box2dlights/1.5/6902dbcd250c95a27973aa24a147a95b3828d348/box2dlights-1.5.jar:/Users/justinbadilla/.gradle/caches/modules-2/files-2.1/com.badlogicgames.gdx/gdx-box2d/1.13.1/5280c502b07d6e3a37bdd0460ad660f9e1c583c0/gdx-box2d-1.13.1.jar:/Users/justinbadilla/.gradle/caches/modules-2/files-2.1/com.badlogicgames.gdx/gdx/1.13.1/734d9a5ca877bbce0c595dbdc3165fe6a22b7a30/gdx-1.13.1.jar:/Users/justinbadilla/.gradle/caches/modules-2/files-2.1/org.lwjgl/lwjgl-glfw/3.3.3/efa1eb78c5ccd840e9f329717109b5e892d72f8e/lwjgl-glfw-3.3.3.jar:/Users/justinbadilla/.gradle/caches/modules-2/files-2.1/org.lwjgl/lwjgl-glfw/3.3.3/a03684c5e4b1b1dbbe0d29dbbdc27b985b6840f2/lwjgl-glfw-3.3.3-natives-linux.jar:/Users/justinbadilla/.gradle/caches/modules-2/files-2.1/org.lwjgl/lwjgl-glfw/3.3.3/d9af485c32545b37dd5359b163161d42d7534dcf/lwjgl-glfw-3.3.3-natives-linux-arm32.jar:/Users/justinbadilla/.gradle/caches/modules-2/files-2.1/org.lwjgl/lwjgl-glfw/3.3.3/492a0f11f85b85899a6568f07511160c1b87cd38/lwjgl-glfw-3.3.3-natives-linux-arm64.jar:/Users/justinbadilla/.gradle/caches/modules-2/files-2.1/org.lwjgl/lwjgl-glfw/3.3.3/a1bf400f6bc64e61
Launcher Type: SUN_STANDARD

[Global flags]
     intx CICompilerCount                          = 4                                         {product} {ergonomic}
     uint ConcGCThreads                            = 2                                         {product} {ergonomic}
     uint G1ConcRefinementThreads                  = 8                                         {product} {ergonomic}
   size_t G1HeapRegionSize                         = 1048576                                   {product} {ergonomic}
    uintx GCDrainStackTargetSize                   = 64                                        {product} {ergonomic}
   size_t InitialHeapSize                          = 134217728                                 {product} {ergonomic}
   size_t MarkStackSize                            = 4194304                                   {product} {ergonomic}
   size_t MaxHeapSize                              = 2147483648                                {product} {ergonomic}
   size_t MaxNewSize                               = 1287651328                                {product} {ergonomic}
   size_t MinHeapDeltaBytes                        = 1048576                                   {product} {ergonomic}
   size_t MinHeapSize                              = 8388608                                   {product} {ergonomic}
    uintx NonNMethodCodeHeapSize                   = 5839564                                {pd product} {ergonomic}
    uintx NonProfiledCodeHeapSize                  = 122909338                              {pd product} {ergonomic}
    uintx ProfiledCodeHeapSize                     = 122909338                              {pd product} {ergonomic}
    uintx ReservedCodeCacheSize                    = 251658240                              {pd product} {ergonomic}
     bool SegmentedCodeCache                       = true                                      {product} {ergonomic}
   size_t SoftMaxHeapSize                          = 2147483648                             {manageable} {ergonomic}
     bool UseCompressedClassPointers               = true                           {product lp64_product} {ergonomic}
     bool UseCompressedOops                        = true                           {product lp64_product} {ergonomic}
     bool UseG1GC                                  = true                                      {product} {ergonomic}
     bool UseNUMA                                  = false                                     {product} {ergonomic}
     bool UseNUMAInterleaving                      = false                                     {product} {ergonomic}

Logging:
Log output configuration:
 #0: stdout all=warning uptime,level,tags
 #1: stderr all=off uptime,level,tags

Environment Variables:
JAVA_HOME=/Library/Java/JavaVirtualMachines/jdk-21.jdk/Contents/Home
PATH=/Library/Java/JavaVirtualMachines/jdk-21.jdk/Contents/Home/bin:/opt/homebrew/bin:/opt/homebrew/bin:/opt/homebrew/bin:/opt/homebrew/sbin:/Users/justinbadilla/Library/Application Support/Code/User/globalStorage/github.copilot-chat/debugCommand:/Users/justinbadilla/Library/Application Support/Code/User/globalStorage/github.copilot-chat/copilotCli:/opt/homebrew/opt/openjdk@17/bin:/usr/local/bin:/System/Cryptexes/App/usr/bin:/usr/bin:/bin:/usr/sbin:/sbin:/var/run/com.apple.security.cryptexd/codex.system/bootstrap/usr/local/bin:/var/run/com.apple.security.cryptexd/codex.system/bootstrap/usr/bin:/var/run/com.apple.security.cryptexd/codex.system/bootstrap/usr/appleinternal/bin:/Applications/VMware Fusion.app/Contents/Public:/Library/Java/JavaVirtualMachines/jdk-21.jdk/Contents/Home/bin:/Users/justinbadilla/.vscode/extensions/vscjava.vscode-java-debug-0.59.0/bundled/scripts/noConfigScripts
SHELL=/bin/zsh
LANG=en_US.UTF-8
TERM=xterm-256color
TMPDIR=/var/folders/v4/f9gfs351623g0dt_748d5v0c0000gn/T/

Active Locale:
LC_ALL=en_US.UTF-8
LC_COLLATE=en_US.UTF-8
LC_CTYPE=en_US.UTF-8
LC_MESSAGES=en_US.UTF-8
LC_MONETARY=en_US.UTF-8
LC_NUMERIC=en_US.UTF-8
LC_TIME=en_US.UTF-8

Signal Handlers:
   SIGSEGV: crash_handler in libjvm.dylib, mask=11100110000111110111111111111111, flags=SA_RESTART|SA_SIGINFO, unblocked
    SIGBUS: crash_handler in libjvm.dylib, mask=11100110000111110111111111111111, flags=SA_RESTART|SA_SIGINFO, unblocked
    SIGFPE: crash_handler in libjvm.dylib, mask=11100110000111110111111111111111, flags=SA_RESTART|SA_SIGINFO, unblocked
   SIGPIPE: javaSignalHandler in libjvm.dylib, mask=11100110000111110111111111111111, flags=SA_RESTART|SA_SIGINFO, blocked
   SIGXFSZ: javaSignalHandler in libjvm.dylib, mask=11100110000111110111111111111111, flags=SA_RESTART|SA_SIGINFO, blocked
    SIGILL: crash_handler in libjvm.dylib, mask=11100110000111110111111111111111, flags=SA_RESTART|SA_SIGINFO, unblocked
   SIGUSR2: SR_handler in libjvm.dylib, mask=00100000000000000000000000000000, flags=SA_RESTART|SA_SIGINFO, blocked
    SIGHUP: UserHandler in libjvm.dylib, mask=11100110000111110111111111111111, flags=SA_RESTART|SA_SIGINFO, blocked
    SIGINT: UserHandler in libjvm.dylib, mask=11100110000111110111111111111111, flags=SA_RESTART|SA_SIGINFO, blocked
   SIGTERM: UserHandler in libjvm.dylib, mask=11100110000111110111111111111111, flags=SA_RESTART|SA_SIGINFO, blocked
   SIGQUIT: UserHandler in libjvm.dylib, mask=11100110000111110111111111111111, flags=SA_RESTART|SA_SIGINFO, blocked
   SIGTRAP: crash_handler in libjvm.dylib, mask=11100110000111110111111111111111, flags=SA_RESTART|SA_SIGINFO, unblocked


Periodic native trim disabled


---------------  S Y S T E M  ---------------

OS:
uname: Darwin 24.5.0 Darwin Kernel Version 24.5.0: Tue Apr 22 19:54:26 PDT 2025; root:xnu-11417.121.6~2/RELEASE_ARM64_T8112 arm64
OS uptime: 328 days 8:34 hours
rlimit (soft/hard): STACK 8176k/65520k , CORE 0k/infinity , NPROC 1333/2000 , NOFILE 1048576/infinity , AS infinity/infinity , CPU infinity/infinity , DATA infinity/infinity , FSIZE infinity/infinity , MEMLOCK infinity/infinity , RSS infinity/infinity
load average: 2.16 2.46 2.54

CPU: total 8 (initial active 8) 0x61:0x0:0xda33d83d:0, fp, simd, crc, lse
machdep.cpu.brand_string:Apple M2
hw.cachelinesize:128
hw.l1icachesize:131072
hw.l1dcachesize:65536
hw.l2cachesize:4194304

Memory: 16k page, physical 8388608k(191504k free), swap 8388608k(1346240k free)

vm_info: OpenJDK 64-Bit Server VM (17.0.15+0) for bsd-aarch64 JRE (17.0.15+0), built on Apr 15 2025 23:21:06 by "brew" with clang Apple LLVM 16.0.0 (clang-1600.0.26.6)

END.
